7961 atp6 2 0.000000 0.000000 0.000000
7962 atp6 2 109.523015 0.039163 0.960837
7963 atp6 2 109.523015 0.040553 0.959447
7964 atp6 2 109.523015 0.041943 0.958057
7965 atp6 2 583.298379 0.020833 0.979167
7966 atp6 2 583.298379 0.022267 0.977733
7967 atp6 2 583.298379 0.023701 0.976299
7968 atp6 2 313000.046782 0.000204 0.999796
7969 atp6 2 313000.046782 0.001674 0.998326
7970 atp6 2 313000.046782 0.003144 0.996856
7971 atp6 2 313789.208349 0.004716 0.995284
7972 atp6 2 313789.208349 0.006186 0.993814
7973 atp6 2 313789.208349 0.007656 0.992344
7974 atp6 2 315172.092577 0.009123 0.990877
7975 atp6 2 315172.092577 0.010592 0.989408
7976 atp6 2 315172.092577 0.012062 0.987938
7977 atp6 2 367754.405791 0.013536 0.986464
7978 atp6 2 367754.405791 0.015006 0.984994
7979 atp6 2 367754.405791 0.016476 0.983524
7980 atp6 2 368023.997225 0.017962 0.982038
7981 atp6 2 368023.997225 0.019432 0.980568
7982 atp6 2 368023.997225 0.020901 0.979099
7983 atp6 2 370082.250332 0.022373 0.977627
7984 atp6 2 370082.250332 0.023843 0.976157
7985 atp6 2 370082.250332 0.025313 0.974687
7986 atp6 2 370129.534764 0.026791 0.973209
7987 atp6 2 370129.534764 0.028260 0.971740
7988 atp6 2 370129.534764 0.029730 0.970270
7989 atp6 2 370206.401719 0.031228 0.968772
7990 atp6 2 370206.401719 0.032698 0.967302
7991 atp6 2 370206.401719 0.034167 0.965833
7992 atp6 2 370214.268181 0.035633 0.964367
7993 atp6 2 370214.268181 0.037103 0.962897
7994 atp6 2 370214.268181 0.038572 0.961428
7995 atp6 2 370471.725759 0.040027 0.959973
7996 atp6 2 370471.725759 0.041496 0.958504
7997 atp6 2 370471.725759 0.042966 0.957034
7998 atp6 2 372098.300117 0.045042 0.954958
7999 atp6 2 372098.300117 0.046511 0.953489
8000 atp6 2 372098.300117 0.047979 0.952021
8001 atp6 2 372098.300117 0.049448 0.950552
8002 atp6 2 372098.300117 0.050916 0.949084
8003 atp6 2 372098.300117 0.052385 0.947615
8004 atp6 2 372235.815729 0.053899 0.946101
8005 atp6 2 372235.815729 0.055367 0.944633
8006 atp6 2 372235.815729 0.056836 0.943164
8007 atp6 2 372435.549591 0.058368 0.941632
8008 atp6 2 372435.549591 0.059836 0.940164
8009 atp6 2 372435.549591 0.061304 0.938696
8010 atp6 2 372518.880684 0.062769 0.937231
8011 atp6 2 372518.880684 0.064237 0.935763
8012 atp6 2 372518.880684 0.065706 0.934294
8013 atp6 2 372518.880684 0.067174 0.932826
8014 atp6 2 372518.880684 0.068642 0.931358
8015 atp6 2 372518.880684 0.070111 0.929889
8016 atp6 2 372797.354189 0.071622 0.928378
8017 atp6 2 372797.354189 0.073090 0.926910
8018 atp6 2 372797.354189 0.074558 0.925442
8019 atp6 2 372889.374451 0.076042 0.923958
8020 atp6 2 372889.374451 0.077510 0.922490
8021 atp6 2 372889.374451 0.078979 0.921021
8022 atp6 2 373146.227997 0.080482 0.919518
8023 atp6 2 373146.227997 0.081950 0.918050
8024 atp6 2 373146.227997 0.083418 0.916582
8025 atp6 2 373873.274988 0.084958 0.915042
8026 atp6 2 373873.274988 0.086426 0.913574
8027 atp6 2 373873.274988 0.087894 0.912106
8028 atp6 2 374506.068614 0.089446 0.910554
8029 atp6 2 374506.068614 0.090914 0.909086
8030 atp6 2 374506.068614 0.092382 0.907618
8031 atp6 2 374712.037271 0.093883 0.906117
8032 atp6 2 374712.037271 0.095351 0.904649
8033 atp6 2 374712.037271 0.096819 0.903181
8034 atp6 2 379170.004667 0.098983 0.901017
8035 atp6 2 379170.004667 0.100449 0.899551
8036 atp6 2 379170.004667 0.101916 0.898084
8037 atp6 2 379438.196614 0.103398 0.896602
8038 atp6 2 379438.196614 0.104865 0.895135
8039 atp6 2 379438.196614 0.106332 0.893668
8040 atp6 2 379487.685148 0.107802 0.892198
8041 atp6 2 379487.685148 0.109269 0.890731
8042 atp6 2 379487.685148 0.110735 0.889265
8043 atp6 2 379621.540370 0.112179 0.887821
8044 atp6 2 379621.540370 0.113646 0.886354
8045 atp6 2 379621.540370 0.115113 0.884887
8046 atp6 2 380509.813736 0.116686 0.883314
8047 atp6 2 380509.813736 0.118152 0.881848
8048 atp6 2 380509.813736 0.119619 0.880381
8049 atp6 2 380636.017735 0.121082 0.878918
8050 atp6 2 380636.017735 0.122548 0.877452
8051 atp6 2 380636.017735 0.124015 0.875985
8052 atp6 2 383686.061160 0.125526 0.874474
8053 atp6 2 383686.061160 0.126993 0.873007
8054 atp6 2 383686.061160 0.128459 0.871541
8055 atp6 2 384105.523320 0.129924 0.870076
8056 atp6 2 384105.523320 0.131391 0.868609
8057 atp6 2 384105.523320 0.132857 0.867143
8058 atp6 2 384176.774764 0.134337 0.865663
8059 atp6 2 384176.774764 0.135803 0.864197
8060 atp6 2 384176.774764 0.137270 0.862730
8061 atp6 2 385237.555576 0.138727 0.861273
8062 atp6 2 385237.555576 0.140194 0.859806
8063 atp6 2 385237.555576 0.141660 0.858340
8064 atp6 2 385374.877622 0.143138 0.856862
8065 atp6 2 385374.877622 0.144604 0.855396
8066 atp6 2 385374.877622 0.146071 0.853929
8067 atp6 2 385605.398104 0.147570 0.852430
8068 atp6 2 385605.398104 0.149037 0.850963
8069 atp6 2 385605.398104 0.150503 0.849497
8070 atp6 2 386411.241199 0.152107 0.847893
8071 atp6 2 386411.241199 0.153574 0.846426
8072 atp6 2 386411.241199 0.155040 0.844960
8073 atp6 2 388000.413256 0.156552 0.843448
8074 atp6 2 388000.413256 0.158018 0.841982
8075 atp6 2 388000.413256 0.159484 0.840516
8076 atp6 2 388279.907516 0.160916 0.839084
8077 atp6 2 388279.907516 0.162382 0.837618
8078 atp6 2 388279.907516 0.163848 0.836152
8079 atp6 2 388439.303743 0.165341 0.834659
8080 atp6 2 388439.303743 0.166807 0.833193
8081 atp6 2 388439.303743 0.168273 0.831727
8082 atp6 2 388770.857273 0.169745 0.830255
8083 atp6 2 388770.857273 0.171211 0.828789
8084 atp6 2 388770.857273 0.172677 0.827323
8085 atp6 2 389259.591875 0.174142 0.825858
8086 atp6 2 389259.591875 0.175608 0.824392
8087 atp6 2 389259.591875 0.177074 0.822926
8088 atp6 2 389368.587985 0.178553 0.821447
8089 atp6 2 389368.587985 0.180019 0.819981
8090 atp6 2 389368.587985 0.181485 0.818515
8091 atp6 2 389793.492886 0.182883 0.817117
8092 atp6 2 389793.492886 0.184349 0.815651
8093 atp6 2 389793.492886 0.185815 0.814185
8094 atp6 2 389952.187843 0.187243 0.812757
8095 atp6 2 389952.187843 0.188709 0.811291
8096 atp6 2 389952.187843 0.190176 0.809824
8097 atp6 2 390069.672918 0.191570 0.808430
8098 atp6 2 390069.672918 0.193036 0.806964
8099 atp6 2 390069.672918 0.194503 0.805497
8100 atp6 2 390069.672918 0.195969 0.804031
8101 atp6 2 390069.672918 0.197435 0.802565
8102 atp6 2 390069.672918 0.198901 0.801099
8103 atp6 2 390719.155880 0.200315 0.799685
8104 atp6 2 390719.155880 0.201781 0.798219
8105 atp6 2 390719.155880 0.203248 0.796752
8106 atp6 2 391457.002742 0.204680 0.795320
8107 atp6 2 391457.002742 0.206146 0.793854
8108 atp6 2 391457.002742 0.207612 0.792388
8109 atp6 2 391752.051568 0.208976 0.791024
8110 atp6 2 391752.051568 0.210442 0.789558
8111 atp6 2 391752.051568 0.211908 0.788092
8112 atp6 2 392743.249161 0.213405 0.786595
8113 atp6 2 392743.249161 0.214871 0.785129
8114 atp6 2 392743.249161 0.216338 0.783662
8115 atp6 2 392992.567120 0.217825 0.782175
8116 atp6 2 392992.567120 0.219291 0.780709
8117 atp6 2 392992.567120 0.220758 0.779242
8118 atp6 2 393479.147036 0.222218 0.777782
8119 atp6 2 393479.147036 0.223684 0.776316
8120 atp6 2 393479.147036 0.225150 0.774850
8121 atp6 2 393634.478257 0.226546 0.773454
8122 atp6 2 393634.478257 0.228012 0.771988
8123 atp6 2 393634.478257 0.229479 0.770521
8124 atp6 2 393764.015978 0.230974 0.769026
8125 atp6 2 393764.015978 0.232440 0.767560
8126 atp6 2 393764.015978 0.233907 0.766093
8127 atp6 2 395028.118488 0.235457 0.764543
8128 atp6 2 395028.118488 0.236923 0.763077
8129 atp6 2 395028.118488 0.238389 0.761611
8130 atp6 2 396436.645061 0.239712 0.760288
8131 atp6 2 396436.645061 0.241179 0.758821
8132 atp6 2 396436.645061 0.242645 0.757355
8133 atp6 2 396526.199351 0.244100 0.755900
8134 atp6 2 396526.199351 0.245566 0.754434
8135 atp6 2 396526.199351 0.247032 0.752968
8136 atp6 2 396698.475415 0.248424 0.751576
8137 atp6 2 396698.475415 0.249891 0.750109
8138 atp6 2 396698.475415 0.251357 0.748643
8139 atp6 2 396728.022096 0.252819 0.747181
8140 atp6 2 396728.022096 0.254285 0.745715
8141 atp6 2 396728.022096 0.255751 0.744249
8142 atp6 2 397016.282213 0.257195 0.742805
8143 atp6 2 397016.282213 0.258661 0.741339
8144 atp6 2 397016.282213 0.260128 0.739872
8145 atp6 2 397252.762836 0.261593 0.738407
8146 atp6 2 397252.762836 0.263060 0.736940
8147 atp6 2 397252.762836 0.264526 0.735474
8148 atp6 2 397610.294525 0.266012 0.733988
8149 atp6 2 397610.294525 0.267478 0.732522
8150 atp6 2 397610.294525 0.268945 0.731055
8151 atp6 2 399214.264674 0.270388 0.729612
8152 atp6 2 399214.264674 0.271855 0.728145
8153 atp6 2 399214.264674 0.273321 0.726679
8154 atp6 2 400339.184456 0.274873 0.725127
8155 atp6 2 400339.184456 0.276339 0.723661
8156 atp6 2 400339.184456 0.277806 0.722194
8157 atp6 2 400869.743224 0.279275 0.720725
8158 atp6 2 400869.743224 0.280741 0.719259
8159 atp6 2 400869.743224 0.282208 0.717792
8160 atp6 2 401102.348724 0.283666 0.716334
8161 atp6 2 401102.348724 0.285132 0.714868
8162 atp6 2 401102.348724 0.286599 0.713401
8163 atp6 2 401153.777968 0.288062 0.711938
8164 atp6 2 401153.777968 0.289528 0.710472
8165 atp6 2 401153.777968 0.290994 0.709006
8166 atp6 2 401241.629615 0.292460 0.707540
8167 atp6 2 401241.629615 0.293926 0.706074
8168 atp6 2 401241.629615 0.295392 0.704608
8169 atp6 2 401511.986473 0.296866 0.703134
8170 atp6 2 401511.986473 0.298332 0.701668
8171 atp6 2 401511.986473 0.299798 0.700202
8172 atp6 2 403950.437678 0.301276 0.698724
8173 atp6 2 403950.437678 0.302742 0.697258
8174 atp6 2 403950.437678 0.304209 0.695791
8175 atp6 2 405048.680212 0.305566 0.694434
8176 atp6 2 405048.680212 0.307032 0.692968
8177 atp6 2 405048.680212 0.308498 0.691502
8178 atp6 2 405875.548976 0.309958 0.690042
8179 atp6 2 405875.548976 0.311424 0.688576
8180 atp6 2 405875.548976 0.312890 0.687110
8181 atp6 2 407671.945822 0.314542 0.685458
8182 atp6 2 407671.945822 0.316008 0.683992
8183 atp6 2 407671.945822 0.317473 0.682527
8184 atp6 2 408125.656743 0.318907 0.681093
8185 atp6 2 408125.656743 0.320373 0.679627
8186 atp6 2 408125.656743 0.321839 0.678161
8187 atp6 2 408935.650361 0.323225 0.676775
8188 atp6 2 408935.650361 0.324691 0.675309
8189 atp6 2 408935.650361 0.326157 0.673843
8190 atp6 2 409993.798361 0.327565 0.672435
8191 atp6 2 409993.798361 0.329031 0.670969
8192 atp6 2 409993.798361 0.330497 0.669503
8193 atp6 2 410018.904045 0.331964 0.668036
8194 atp6 2 410018.904045 0.333430 0.666570
8195 atp6 2 410018.904045 0.334896 0.665104
8196 atp6 2 410066.560471 0.336361 0.663639
8197 atp6 2 410066.560471 0.337827 0.662173
8198 atp6 2 410066.560471 0.339293 0.660707
8199 atp6 2 410114.250921 0.340756 0.659244
8200 atp6 2 410114.250921 0.342222 0.657778
8201 atp6 2 410114.250921 0.343688 0.656312
8202 atp6 2 410168.987539 0.345152 0.654848
8203 atp6 2 410168.987539 0.346618 0.653382
8204 atp6 2 410168.987539 0.348084 0.651916
8205 atp6 2 410193.315441 0.349550 0.650450
8206 atp6 2 410193.315441 0.351016 0.648984
8207 atp6 2 410193.315441 0.352482 0.647518
8208 atp6 2 410718.839622 0.353874 0.646126
8209 atp6 2 410718.839622 0.355340 0.644660
8210 atp6 2 410718.839622 0.356806 0.643194
8211 atp6 2 411949.000561 0.358308 0.641692
8212 atp6 2 411949.000561 0.359774 0.640226
8213 atp6 2 411949.000561 0.361240 0.638760
8214 atp6 2 413929.503836 0.362476 0.637524
8215 atp6 2 413929.503836 0.363942 0.636058
8216 atp6 2 413929.503836 0.365409 0.634591
8217 atp6 2 413935.163392 0.366870 0.633130
8218 atp6 2 413935.163392 0.368336 0.631664
8219 atp6 2 413935.163392 0.369802 0.630198
8220 atp6 2 414161.845012 0.371276 0.628724
8221 atp6 2 414161.845012 0.372743 0.627257
8222 atp6 2 414161.845012 0.374209 0.625791
8223 atp6 2 416701.977392 0.375321 0.624679
8224 atp6 2 416701.977392 0.376789 0.623211
8225 atp6 2 416701.977392 0.378256 0.621744
8226 atp6 2 416701.977392 0.379724 0.620276
8227 atp6 2 416701.977392 0.381191 0.618809
8228 atp6 2 416701.977392 0.382658 0.617342
8229 atp6 2 416956.968595 0.384029 0.615971
8230 atp6 2 416956.968595 0.385497 0.614503
8231 atp6 2 416956.968595 0.386964 0.613036
8232 atp6 2 417195.393746 0.388424 0.611576
8233 atp6 2 417195.393746 0.389892 0.610108
8234 atp6 2 417195.393746 0.391359 0.608641
8235 atp6 2 417269.860017 0.392818 0.607182
8236 atp6 2 417269.860017 0.394286 0.605714
8237 atp6 2 417269.860017 0.395753 0.604247
8238 atp6 2 417269.860017 0.397221 0.602779
8239 atp6 2 417269.860017 0.398688 0.601312
8240 atp6 2 417269.860017 0.400156 0.599844
8241 atp6 2 417269.860017 0.401623 0.598377
8242 atp6 2 417269.860017 0.403091 0.596909
8243 atp6 2 417269.860017 0.404559 0.595441
8244 atp6 2 417269.860017 0.406026 0.593974
8245 atp6 2 417269.860017 0.407494 0.592506
8246 atp6 2 417269.860017 0.408961 0.591039
8247 atp6 2 417269.860017 0.410429 0.589571
8248 atp6 2 417269.860017 0.411897 0.588103
8249 atp6 2 417269.860017 0.413364 0.586636
8250 atp6 2 417269.860017 0.414832 0.585168
8251 atp6 2 417269.860017 0.416299 0.583701
8252 atp6 2 417269.860017 0.417767 0.582233
8253 atp6 2 417290.470851 0.419228 0.580772
8254 atp6 2 417290.470851 0.420696 0.579304
8255 atp6 2 417290.470851 0.422164 0.577836
8256 atp6 2 417290.470851 0.423631 0.576369
8257 atp6 2 417290.470851 0.425099 0.574901
8258 atp6 2 417290.470851 0.426566 0.573434
8259 atp6 2 417290.470851 0.428034 0.571966
8260 atp6 2 417290.470851 0.429502 0.570498
8261 atp6 2 417290.470851 0.430969 0.569031
8262 atp6 2 417290.470851 0.432437 0.567563
8263 atp6 2 417290.470851 0.433904 0.566096
8264 atp6 2 417290.470851 0.435372 0.564628
8265 atp6 2 417300.571578 0.436823 0.563177
8266 atp6 2 417300.571578 0.438291 0.561709
8267 atp6 2 417300.571578 0.439758 0.560242
8268 atp6 2 417300.571578 0.441226 0.558774
8269 atp6 2 417300.571578 0.442693 0.557307
8270 atp6 2 417300.571578 0.444161 0.555839
8271 atp6 2 417305.143443 0.445617 0.554383
8272 atp6 2 417305.143443 0.447084 0.552916
8273 atp6 2 417305.143443 0.448552 0.551448
8274 atp6 2 417305.143443 0.450020 0.549980
8275 atp6 2 417305.143443 0.451487 0.548513
8276 atp6 2 417305.143443 0.452955 0.547045
8277 atp6 2 417307.842413 0.454406 0.545594
8278 atp6 2 417307.842413 0.455874 0.544126
8279 atp6 2 417307.842413 0.457342 0.542658
8280 atp6 2 417307.842413 0.458810 0.541190
8281 atp6 2 417307.842413 0.460277 0.539723
8282 atp6 2 417307.842413 0.461745 0.538255
8283 atp6 2 417307.842413 0.463213 0.536787
8284 atp6 2 417307.842413 0.464681 0.535319
8285 atp6 2 417307.842413 0.466148 0.533852
8286 atp6 2 417312.165720 0.467601 0.532399
8287 atp6 2 417312.165720 0.469069 0.530931
8288 atp6 2 417312.165720 0.470536 0.529464
8289 atp6 2 417332.698536 0.471976 0.528024
8290 atp6 2 417332.698536 0.473444 0.526556
8291 atp6 2 417332.698536 0.474912 0.525088
8292 atp6 2 417332.698536 0.476380 0.523620
8293 atp6 2 417332.698536 0.477847 0.522153
8294 atp6 2 417332.698536 0.479315 0.520685
8295 atp6 2 417332.698536 0.480783 0.519217
8296 atp6 2 417332.698536 0.482251 0.517749
8297 atp6 2 417332.698536 0.483719 0.516281
8298 atp6 2 417336.637838 0.485179 0.514821
8299 atp6 2 417336.637838 0.486646 0.513354
8300 atp6 2 417336.637838 0.488114 0.511886
8301 atp6 2 417336.637838 0.489582 0.510418
8302 atp6 2 417336.637838 0.491050 0.508950
8303 atp6 2 417336.637838 0.492518 0.507482
8304 atp6 2 417350.621624 0.493932 0.506068
8305 atp6 2 417350.621624 0.495400 0.504600
8306 atp6 2 417350.621624 0.496868 0.503132
8307 atp6 2 417350.621624 0.498336 0.501664
8308 atp6 2 417350.621624 0.499804 0.500196
8309 atp6 2 417350.621624 0.501272 0.498728
8310 atp6 2 417367.391175 0.502739 0.497261
8311 atp6 2 417367.391175 0.504207 0.495793
8312 atp6 2 417367.391175 0.505675 0.494325
8313 atp6 2 417367.391175 0.507143 0.492857
8314 atp6 2 417367.391175 0.508611 0.491389
8315 atp6 2 417367.391175 0.510079 0.489921
8316 atp6 2 417370.993235 0.511534 0.488466
8317 atp6 2 417370.993235 0.513003 0.486997
8318 atp6 2 417370.993235 0.514471 0.485529
8319 atp6 2 417377.406648 0.515911 0.484089
8320 atp6 2 417377.406648 0.517380 0.482620
8321 atp6 2 417377.406648 0.518848 0.481152
8322 atp6 2 417377.406648 0.520316 0.479684
8323 atp6 2 417377.406648 0.521784 0.478216
8324 atp6 2 417377.406648 0.523252 0.476748
8325 atp6 2 417396.046779 0.524648 0.475352
8326 atp6 2 417396.046779 0.526116 0.473884
8327 atp6 2 417396.046779 0.527585 0.472415
8328 atp6 2 417396.046779 0.529053 0.470947
8329 atp6 2 417396.046779 0.530522 0.469478
8330 atp6 2 417396.046779 0.531990 0.468010
8331 atp6 2 417427.426281 0.533426 0.466574
8332 atp6 2 417427.426281 0.534895 0.465105
8333 atp6 2 417427.426281 0.536363 0.463637
8334 atp6 2 417430.868773 0.537821 0.462179
8335 atp6 2 417430.868773 0.539289 0.460711
8336 atp6 2 417430.868773 0.540758 0.459242
8337 atp6 2 417430.868773 0.542227 0.457773
8338 atp6 2 417430.868773 0.543695 0.456305
8339 atp6 2 417430.868773 0.545164 0.454836
8340 atp6 2 417533.601952 0.546394 0.453606
8341 atp6 2 417533.601952 0.547863 0.452137
8342 atp6 2 417533.601952 0.549333 0.450667
8343 atp6 2 417542.648881 0.550770 0.449230
8344 atp6 2 417542.648881 0.552239 0.447761
8345 atp6 2 417542.648881 0.553709 0.446291
8346 atp6 2 417564.308853 0.555181 0.444819
8347 atp6 2 417564.308853 0.556651 0.443349
8348 atp6 2 417564.308853 0.558120 0.441880
8349 atp6 2 417585.088056 0.559528 0.440472
8350 atp6 2 417585.088056 0.560998 0.439002
8351 atp6 2 417585.088056 0.562468 0.437532
8352 atp6 2 417590.666452 0.563918 0.436082
8353 atp6 2 417590.666452 0.565388 0.434612
8354 atp6 2 417590.666452 0.566858 0.433142
8355 atp6 2 417603.384510 0.568323 0.431677
8356 atp6 2 417603.384510 0.569793 0.430207
8357 atp6 2 417603.384510 0.571262 0.428738
8358 atp6 2 417603.384510 0.572732 0.427268
8359 atp6 2 417603.384510 0.574202 0.425798
8360 atp6 2 417603.384510 0.575672 0.424328
8361 atp6 2 417603.384510 0.577142 0.422858
8362 atp6 2 417603.384510 0.578612 0.421388
8363 atp6 2 417603.384510 0.580082 0.419918
8364 atp6 2 417603.384510 0.581552 0.418448
8365 atp6 2 417603.384510 0.583022 0.416978
8366 atp6 2 417603.384510 0.584491 0.415509
8367 atp6 2 417603.384510 0.585961 0.414039
8368 atp6 2 417603.384510 0.587431 0.412569
8369 atp6 2 417603.384510 0.588901 0.411099
8370 atp6 2 417603.384510 0.590371 0.409629
8371 atp6 2 417603.384510 0.591841 0.408159
8372 atp6 2 417603.384510 0.593311 0.406689
8373 atp6 2 417603.384510 0.594781 0.405219
8374 atp6 2 417603.384510 0.596250 0.403750
8375 atp6 2 417603.384510 0.597720 0.402280
8376 atp6 2 417603.384510 0.599190 0.400810
8377 atp6 2 417603.384510 0.600660 0.399340
8378 atp6 2 417603.384510 0.602130 0.397870
8379 atp6 2 417603.384510 0.603600 0.396400
8380 atp6 2 417603.384510 0.605070 0.394930
8381 atp6 2 417603.384510 0.606540 0.393460
8382 atp6 2 417603.384510 0.608009 0.391991
8383 atp6 2 417603.384510 0.609479 0.390521
8384 atp6 2 417603.384510 0.610949 0.389051
8385 atp6 2 417603.384510 0.612419 0.387581
8386 atp6 2 417603.384510 0.613889 0.386111
8387 atp6 2 417603.384510 0.615359 0.384641
8388 atp6 2 417603.384510 0.616829 0.383171
8389 atp6 2 417603.384510 0.618299 0.381701
8390 atp6 2 417603.384510 0.619769 0.380231
8391 atp6 2 417603.384510 0.621238 0.378762
8392 atp6 2 417603.384510 0.622708 0.377292
8393 atp6 2 417603.384510 0.624178 0.375822
8394 atp6 2 417615.041590 0.625645 0.374355
8395 atp6 2 417615.041590 0.627115 0.372885
8396 atp6 2 417615.041590 0.628585 0.371415
8397 atp6 2 417627.325024 0.630052 0.369948
8398 atp6 2 417627.325024 0.631522 0.368478
8399 atp6 2 417627.325024 0.632992 0.367008
8400 atp6 2 417630.623456 0.634456 0.365544
8401 atp6 2 417630.623456 0.635926 0.364074
8402 atp6 2 417630.623456 0.637396 0.362604
8403 atp6 2 417630.623456 0.638866 0.361134
8404 atp6 2 417630.623456 0.640336 0.359664
8405 atp6 2 417630.623456 0.641806 0.358194
8406 atp6 2 417623.672674 0.643276 0.356724
8407 atp6 2 417623.672674 0.644746 0.355254
8408 atp6 2 417623.672674 0.646215 0.353785
8409 atp6 2 417623.672674 0.647685 0.352315
8410 atp6 2 417623.672674 0.649155 0.350845
8411 atp6 2 417623.672674 0.650625 0.349375
8412 atp6 2 417623.672674 0.652095 0.347905
8413 atp6 2 417623.672674 0.653565 0.346435
8414 atp6 2 417623.672674 0.655035 0.344965
8415 atp6 2 417623.672674 0.656505 0.343495
8416 atp6 2 417623.672674 0.657975 0.342025
8417 atp6 2 417623.672674 0.659445 0.340555
8418 atp6 2 417609.930353 0.660877 0.339123
8419 atp6 2 417609.930353 0.662347 0.337653
8420 atp6 2 417609.930353 0.663817 0.336183
8421 atp6 2 417609.930353 0.665287 0.334713
8422 atp6 2 417609.930353 0.666757 0.333243
8423 atp6 2 417609.930353 0.668227 0.331773
8424 atp6 2 417609.930353 0.669697 0.330303
8425 atp6 2 417609.930353 0.671166 0.328834
8426 atp6 2 417609.930353 0.672636 0.327364
8427 atp6 2 417609.930353 0.674106 0.325894
8428 atp6 2 417609.930353 0.675576 0.324424
8429 atp6 2 417609.930353 0.677046 0.322954
8430 atp6 2 417594.335187 0.678515 0.321485
8431 atp6 2 417594.335187 0.679985 0.320015
8432 atp6 2 417594.335187 0.681454 0.318546
8433 atp6 2 417594.335187 0.682924 0.317076
8434 atp6 2 417594.335187 0.684394 0.315606
8435 atp6 2 417594.335187 0.685864 0.314136
8436 atp6 2 417594.335187 0.687334 0.312666
8437 atp6 2 417594.335187 0.688804 0.311196
8438 atp6 2 417594.335187 0.690274 0.309726
8439 atp6 2 417594.335187 0.691744 0.308256
8440 atp6 2 417594.335187 0.693213 0.306787
8441 atp6 2 417594.335187 0.694683 0.305317
8442 atp6 2 417594.335187 0.696153 0.303847
8443 atp6 2 417594.335187 0.697623 0.302377
8444 atp6 2 417594.335187 0.699093 0.300907
8445 atp6 2 417594.335187 0.700563 0.299437
8446 atp6 2 417594.335187 0.702033 0.297967
8447 atp6 2 417594.335187 0.703503 0.296497
8448 atp6 2 417594.335187 0.704972 0.295028
8449 atp6 2 417594.335187 0.706442 0.293558
8450 atp6 2 417594.335187 0.707912 0.292088
8451 atp6 2 417594.335187 0.709382 0.290618
8452 atp6 2 417594.335187 0.710852 0.289148
8453 atp6 2 417594.335187 0.712322 0.287678
8454 atp6 2 417594.335187 0.713792 0.286208
8455 atp6 2 417594.335187 0.715262 0.284738
8456 atp6 2 417594.335187 0.716731 0.283269
8457 atp6 2 417572.788505 0.718200 0.281800
8458 atp6 2 417572.788505 0.719670 0.280330
8459 atp6 2 417572.788505 0.721140 0.278860
8460 atp6 2 417572.788505 0.722609 0.277391
8461 atp6 2 417572.788505 0.724079 0.275921
8462 atp6 2 417572.788505 0.725549 0.274451
8463 atp6 2 417572.788505 0.727019 0.272981
8464 atp6 2 417572.788505 0.728489 0.271511
8465 atp6 2 417572.788505 0.729959 0.270041
8466 atp6 2 417572.788505 0.731429 0.268571
8467 atp6 2 417572.788505 0.732898 0.267102
8468 atp6 2 417572.788505 0.734368 0.265632
8469 atp6 2 417561.567524 0.735855 0.264145
8470 atp6 2 417561.567524 0.737325 0.262675
8471 atp6 2 417561.567524 0.738794 0.261206
8472 atp6 2 417553.459619 0.740263 0.259737
8473 atp6 2 417553.459619 0.741733 0.258267
8474 atp6 2 417553.459619 0.743203 0.256797
8475 atp6 2 417553.459619 0.744672 0.255328
8476 atp6 2 417553.459619 0.746142 0.253858
8477 atp6 2 417553.459619 0.747612 0.252388
8478 atp6 2 417553.459619 0.749081 0.250919
8479 atp6 2 417553.459619 0.750551 0.249449
8480 atp6 2 417553.459619 0.752020 0.247980
8481 atp6 2 417540.985958 0.753489 0.246511
8482 atp6 2 417540.985958 0.754959 0.245041
8483 atp6 2 417540.985958 0.756428 0.243572
8484 atp6 2 417540.985958 0.757898 0.242102
8485 atp6 2 417540.985958 0.759367 0.240633
8486 atp6 2 417540.985958 0.760837 0.239163
8487 atp6 2 417540.985958 0.762307 0.237693
8488 atp6 2 417540.985958 0.763776 0.236224
8489 atp6 2 417540.985958 0.765246 0.234754
8490 atp6 2 417535.759744 0.766719 0.233281
8491 atp6 2 417535.759744 0.768188 0.231812
8492 atp6 2 417535.759744 0.769658 0.230342
8493 atp6 2 417430.371337 0.771101 0.228899
8494 atp6 2 417430.371337 0.772571 0.227429
8495 atp6 2 417430.371337 0.774041 0.225959
8496 atp6 2 417367.975676 0.775481 0.224519
8497 atp6 2 417367.975676 0.776951 0.223049
8498 atp6 2 417367.975676 0.778420 0.221580
8499 atp6 2 417348.498120 0.779882 0.220118
8500 atp6 2 417348.498120 0.781352 0.218648
8501 atp6 2 417348.498120 0.782822 0.217178
8502 atp6 2 417348.498120 0.784291 0.215709
8503 atp6 2 417348.498120 0.785761 0.214239
8504 atp6 2 417348.498120 0.787230 0.212770
8505 atp6 2 417348.498120 0.788700 0.211300
8506 atp6 2 417348.498120 0.790169 0.209831
8507 atp6 2 417348.498120 0.791639 0.208361
8508 atp6 2 417348.498120 0.793109 0.206891
8509 atp6 2 417348.498120 0.794578 0.205422
8510 atp6 2 417348.498120 0.796048 0.203952
8511 atp6 2 417348.498120 0.797517 0.202483
8512 atp6 2 417348.498120 0.798987 0.201013
8513 atp6 2 417348.498120 0.800457 0.199543
8514 atp6 2 417307.885510 0.801925 0.198075
8515 atp6 2 417307.885510 0.803395 0.196605
8516 atp6 2 417307.885510 0.804865 0.195135
8517 atp6 2 417267.754413 0.806333 0.193667
8518 atp6 2 417267.754413 0.807803 0.192197
8519 atp6 2 417267.754413 0.809272 0.190728
8520 atp6 2 417267.754413 0.810742 0.189258
8521 atp6 2 417267.754413 0.812212 0.187788
8522 atp6 2 417267.754413 0.813681 0.186319
8523 atp6 2 417265.055443 0.815154 0.184846
8524 atp6 2 417265.055443 0.816624 0.183376
8525 atp6 2 417265.055443 0.818093 0.181907
8526 atp6 2 417235.705969 0.819599 0.180401
8527 atp6 2 417235.705969 0.821068 0.178932
8528 atp6 2 417235.705969 0.822537 0.177463
8529 atp6 2 417235.705969 0.824007 0.175993
8530 atp6 2 417235.705969 0.825476 0.174524
8531 atp6 2 417235.705969 0.826945 0.173055
8532 atp6 2 417235.705969 0.828414 0.171586
8533 atp6 2 417235.705969 0.829883 0.170117
8534 atp6 2 417235.705969 0.831352 0.168648
8535 atp6 2 417129.679342 0.832819 0.167181
8536 atp6 2 417129.679342 0.834289 0.165711
8537 atp6 2 417129.679342 0.835758 0.164242
8538 atp6 2 416942.091355 0.837228 0.162772
8539 atp6 2 416942.091355 0.838697 0.161303
8540 atp6 2 416942.091355 0.840166 0.159834
8541 atp6 2 416905.048488 0.841635 0.158365
8542 atp6 2 416905.048488 0.843105 0.156895
8543 atp6 2 416905.048488 0.844574 0.155426
8544 atp6 2 416905.048488 0.846043 0.153957
8545 atp6 2 416905.048488 0.847512 0.152488
8546 atp6 2 416905.048488 0.848981 0.151019
8547 atp6 2 416900.421400 0.850468 0.149532
8548 atp6 2 416900.421400 0.851937 0.148063
8549 atp6 2 416900.421400 0.853406 0.146594
8550 atp6 2 416900.421400 0.854875 0.145125
8551 atp6 2 416900.421400 0.856345 0.143655
8552 atp6 2 416900.421400 0.857814 0.142186
8553 atp6 2 416900.421400 0.859283 0.140717
8554 atp6 2 416900.421400 0.860752 0.139248
8555 atp6 2 416900.421400 0.862221 0.137779
8556 atp6 2 416900.421400 0.863691 0.136309
8557 atp6 2 416900.421400 0.865160 0.134840
8558 atp6 2 416900.421400 0.866629 0.133371
8559 atp6 2 416900.421400 0.868098 0.131902
8560 atp6 2 416900.421400 0.869567 0.130433
8561 atp6 2 416900.421400 0.871036 0.128964
8562 atp6 2 416900.421400 0.872506 0.127494
8563 atp6 2 416900.421400 0.873975 0.126025
8564 atp6 2 416900.421400 0.875444 0.124556
8565 atp6 2 416900.421400 0.876913 0.123087
8566 atp6 2 416900.421400 0.878382 0.121618
8567 atp6 2 416900.421400 0.879851 0.120149
8568 atp6 2 416900.421400 0.881321 0.118679
8569 atp6 2 416900.421400 0.882790 0.117210
8570 atp6 2 416900.421400 0.884259 0.115741
8571 atp6 2 416900.421400 0.885728 0.114272
8572 atp6 2 416900.421400 0.887197 0.112803
8573 atp6 2 416900.421400 0.888667 0.111333
8574 atp6 2 416900.421400 0.890136 0.109864
8575 atp6 2 416900.421400 0.891605 0.108395
8576 atp6 2 416900.421400 0.893074 0.106926
8577 atp6 2 416900.421400 0.894543 0.105457
8578 atp6 2 416900.421400 0.896012 0.103988
8579 atp6 2 416900.421400 0.897482 0.102518
8580 atp6 2 416900.421400 0.898951 0.101049
8581 atp6 2 416900.421400 0.900420 0.099580
8582 atp6 2 416900.421400 0.901889 0.098111
8583 atp6 2 416900.421400 0.903358 0.096642
8584 atp6 2 416900.421400 0.904828 0.095172
8585 atp6 2 416900.421400 0.906297 0.093703
8586 atp6 2 416900.421400 0.907766 0.092234
8587 atp6 2 416900.421400 0.909235 0.090765
8588 atp6 2 416900.421400 0.910704 0.089296
8589 atp6 2 416900.421400 0.912173 0.087827
8590 atp6 2 416900.421400 0.913643 0.086357
8591 atp6 2 416900.421400 0.915112 0.084888
8592 atp6 2 416900.421400 0.916581 0.083419
8593 atp6 2 416900.421400 0.918050 0.081950
8594 atp6 2 416900.421400 0.919519 0.080481
8595 atp6 2 416900.421400 0.920988 0.079012
8596 atp6 2 416900.421400 0.922458 0.077542
8597 atp6 2 416900.421400 0.923927 0.076073
8598 atp6 2 416852.656928 0.925396 0.074604
8599 atp6 2 416852.656928 0.926865 0.073135
8600 atp6 2 416852.656928 0.928334 0.071666
8601 atp6 2 416820.824968 0.929770 0.070230
8602 atp6 2 416820.824968 0.931240 0.068760
8603 atp6 2 416820.824968 0.932709 0.067291
8604 atp6 2 416820.824968 0.934178 0.065822
8605 atp6 2 416820.824968 0.935647 0.064353
8606 atp6 2 416820.824968 0.937116 0.062884
8607 atp6 2 416268.507967 0.938545 0.061455
8608 atp6 2 416268.507967 0.940013 0.059987
8609 atp6 2 416268.507967 0.941481 0.058519
8610 atp6 2 416055.274388 0.942951 0.057049
8611 atp6 2 416055.274388 0.944419 0.055581
8612 atp6 2 416055.274388 0.945887 0.054113
8613 atp6 2 416028.940229 0.947358 0.052642
8614 atp6 2 416028.940229 0.948826 0.051174
8615 atp6 2 416028.940229 0.950293 0.049707
8616 atp6 2 415662.585163 0.951762 0.048238
8617 atp6 2 415662.585163 0.953229 0.046771
8618 atp6 2 415662.585163 0.954697 0.045303
8619 atp6 2 415656.098381 0.956160 0.043840
8620 atp6 2 415656.098381 0.957628 0.042372
8621 atp6 2 415656.098381 0.959096 0.040904
8622 atp6 2 415656.098381 0.960563 0.039437
8623 atp6 2 415656.098381 0.962031 0.037969
8624 atp6 2 415656.098381 0.963499 0.036501
8625 atp6 2 415641.024575 0.965015 0.034985
8626 atp6 2 415641.024575 0.966483 0.033517
8627 atp6 2 415641.024575 0.967951 0.032049
8628 atp6 2 415497.658997 0.969398 0.030602
8629 atp6 2 415497.658997 0.970865 0.029135
8630 atp6 2 415497.658997 0.972332 0.027668
8631 atp6 2 387181.054918 0.973616 0.026384
8632 atp6 2 387181.054918 0.975085 0.024915
8633 atp6 2 387181.054918 0.976553 0.023447
8634 atp6 2 387090.491801 0.978021 0.021979
8635 atp6 2 387090.491801 0.979490 0.020510
8636 atp6 2 387090.491801 0.980958 0.019042
8637 atp6 2 386978.483061 0.982419 0.017581
8638 atp6 2 386978.483061 0.983887 0.016113
8639 atp6 2 386978.483061 0.985356 0.014644
8640 atp6 2 362346.665122 0.987104 0.012896
8641 atp6 2 362346.665122 0.988573 0.011427
8642 atp6 2 362346.665122 0.990042 0.009958
8643 atp6 2 139602.323976 0.990842 0.009158
8644 atp6 2 139602.323976 0.992310 0.007690
8645 atp6 2 139602.323976 0.993778 0.006222
8646 atp6 2 499.372918 0.952424 0.047576
8647 atp6 2 499.372918 0.953828 0.046172
8648 atp6 2 499.372918 0.955232 0.044768
8649 atp6 2 499.372918 0.956636 0.043364
8650 atp6 2 499.372918 0.958040 0.041960
8651 atp6 2 499.372918 0.959444 0.040556
8652 atp6 2 421.201282 0.957508 0.042492
8653 atp6 2 421.201282 0.958876 0.041124
8654 atp6 2 421.201282 0.960245 0.039755
8655 atp6 2 421.201282 0.961613 0.038387
8656 atp6 2 421.201282 0.962982 0.037018
8657 atp6 2 421.201282 0.964350 0.035650
8658 atp6 2 421.201282 0.965718 0.034282
8659 atp6 2 421.201282 0.967087 0.032913
8660 atp6 2 421.201282 0.968455 0.031545
8661 atp6 2 332.323401 0.967831 0.032169
8662 atp6 2 332.323401 0.969199 0.030801
8663 atp6 2 332.323401 0.970568 0.029432
8664 atp6 2 217.923584 0.964285 0.035715
8665 atp6 2 217.923584 0.965641 0.034359
8666 atp6 2 217.923584 0.966997 0.033003
8667 atp6 2 192.310974 0.966109 0.033891
8668 atp6 2 192.310974 0.967461 0.032539
8669 atp6 2 192.310974 0.968813 0.031187
8670 atp6 2 148.758034 0.963733 0.036267
8671 atp6 2 148.758034 0.965100 0.034900
8672 atp6 2 148.758034 0.966467 0.033533
8673 atp6 2 33.592539 0.906884 0.093116
8674 atp6 2 33.592539 0.908066 0.091934
8675 atp6 2 33.592539 0.909247 0.090753
8676 atp6 2 33.592539 0.910429 0.089571
8677 atp6 2 33.592539 0.911611 0.088389
8678 atp6 2 33.592539 0.912793 0.087207
8679 atp6 2 33.592539 0.913975 0.086025
8680 atp6 2 33.592539 0.915157 0.084843
8681 atp6 2 33.592539 0.916339 0.083661
8682 atp6 2 33.592539 0.917521 0.082479
8683 atp6 2 33.592539 0.918703 0.081297
8684 atp6 2 33.592539 0.919885 0.080115
8685 atp6 2 33.592539 0.921067 0.078933
8686 atp6 2 33.592539 0.922249 0.077751
8687 atp6 2 33.592539 0.923431 0.076569
8688 atp6 2 33.592539 0.924613 0.075387
8689 atp6 2 33.592539 0.925795 0.074205
8690 atp6 2 33.592539 0.926977 0.073023
8691 atp6 2 33.592539 0.928159 0.071841
8692 atp6 2 33.592539 0.929341 0.070659
8693 atp6 2 33.592539 0.930523 0.069477
8694 atp6 2 33.592539 0.931705 0.068295
8695 atp6 2 17.563351 0.906783 0.093217
8696 atp6 2 17.563351 0.907908 0.092092
8697 atp6 2 17.563351 0.909034 0.090966
8698 atp6 2 6.217527 0.925711 0.074289
8699 atp6 2 6.217527 0.926787 0.073213
8700 atp6 2 6.217527 0.927864 0.072136
8701 atp6 2 6.217527 0.928941 0.071059
8702 atp6 2 6.217527 0.930017 0.069983
8703 atp6 2 6.217527 0.931094 0.068906
8704 atp6 2 6.217527 0.932171 0.067829
8705 atp6 2 6.217527 0.933247 0.066753
8706 atp6 2 6.217527 0.934324 0.065676
8707 atp6 2 0.000000 0.000000 0.000000
3803 nad5 1 0.000000 0.000000 0.000000
3804 nad5 1 3.645892 0.101868 0.898132
3805 nad5 1 3.645892 0.102432 0.897568
3806 nad5 1 3.645892 0.102997 0.897003
3807 nad5 1 3.645892 0.103562 0.896438
3808 nad5 1 3.645892 0.104127 0.895873
3809 nad5 1 3.645892 0.104692 0.895308
3810 nad5 1 3.645892 0.105256 0.894744
3811 nad5 1 3.645892 0.105821 0.894179
3812 nad5 1 3.645892 0.106386 0.893614
3813 nad5 1 3.645892 0.106951 0.893049
3814 nad5 1 3.645892 0.107516 0.892484
3815 nad5 1 3.645892 0.108080 0.891920
3816 nad5 1 3.645892 0.108645 0.891355
3817 nad5 1 3.645892 0.109210 0.890790
3818 nad5 1 3.645892 0.109775 0.890225
3819 nad5 1 3.645892 0.110340 0.889660
3820 nad5 1 3.645892 0.110905 0.889095
3821 nad5 1 3.645892 0.111469 0.888531
3822 nad5 1 3.645892 0.112034 0.887966
3823 nad5 1 3.645892 0.112599 0.887401
3824 nad5 1 3.645892 0.113164 0.886836
3825 nad5 1 108.504596 0.114693 0.885307
3826 nad5 1 108.504596 0.115271 0.884729
3827 nad5 1 108.504596 0.115848 0.884152
3828 nad5 1 117.215453 0.116480 0.883520
3829 nad5 1 117.215453 0.117057 0.882943
3830 nad5 1 117.215453 0.117634 0.882366
3831 nad5 1 117.215453 0.118211 0.881789
3832 nad5 1 117.215453 0.118789 0.881211
3833 nad5 1 117.215453 0.119366 0.880634
3834 nad5 1 117.215453 0.119943 0.880057
3835 nad5 1 117.215453 0.120520 0.879480
3836 nad5 1 117.215453 0.121097 0.878903
3837 nad5 1 117.215453 0.121675 0.878325
3838 nad5 1 117.215453 0.122252 0.877748
3839 nad5 1 117.215453 0.122829 0.877171
3840 nad5 1 121.660359 0.123494 0.876506
3841 nad5 1 121.660359 0.124072 0.875928
3842 nad5 1 121.660359 0.124649 0.875351
3843 nad5 1 690.153792 0.124275 0.875725
3844 nad5 1 690.153792 0.124857 0.875143
3845 nad5 1 690.153792 0.125439 0.874561
3846 nad5 1 709.160489 0.125932 0.874068
3847 nad5 1 709.160489 0.126514 0.873486
3848 nad5 1 709.160489 0.127096 0.872904
3849 nad5 1 739.734252 0.127804 0.872196
3850 nad5 1 739.734252 0.128386 0.871614
3851 nad5 1 739.734252 0.128968 0.871032
3852 nad5 1 739.734252 0.129550 0.870450
3853 nad5 1 739.734252 0.130132 0.869868
3854 nad5 1 739.734252 0.130714 0.869286
3855 nad5 1 739.734252 0.131296 0.868704
3856 nad5 1 739.734252 0.131878 0.868122
3857 nad5 1 739.734252 0.132460 0.867540
3858 nad5 1 739.734252 0.133042 0.866958
3859 nad5 1 739.734252 0.133624 0.866376
3860 nad5 1 739.734252 0.134206 0.865794
3861 nad5 1 739.734252 0.134788 0.865212
3862 nad5 1 739.734252 0.135370 0.864630
3863 nad5 1 739.734252 0.135952 0.864048
3864 nad5 1 739.734252 0.136534 0.863466
3865 nad5 1 739.734252 0.137116 0.862884
3866 nad5 1 739.734252 0.137698 0.862302
3867 nad5 1 739.734252 0.138280 0.861720
3868 nad5 1 739.734252 0.138861 0.861139
3869 nad5 1 739.734252 0.139443 0.860557
3870 nad5 1 753.148824 0.140143 0.859857
3871 nad5 1 753.148824 0.140724 0.859276
3872 nad5 1 753.148824 0.141306 0.858694
3873 nad5 1 782.387043 0.141997 0.858003
3874 nad5 1 782.387043 0.142579 0.857421
3875 nad5 1 782.387043 0.143161 0.856839
3876 nad5 1 782.387043 0.143743 0.856257
3877 nad5 1 782.387043 0.144325 0.855675
3878 nad5 1 782.387043 0.144906 0.855094
3879 nad5 1 782.387043 0.145488 0.854512
3880 nad5 1 782.387043 0.146070 0.853930
3881 nad5 1 782.387043 0.146652 0.853348
3882 nad5 1 782.387043 0.147234 0.852766
3883 nad5 1 782.387043 0.147816 0.852184
3884 nad5 1 782.387043 0.148398 0.851602
3885 nad5 1 782.387043 0.148980 0.851020
3886 nad5 1 782.387043 0.149562 0.850438
3887 nad5 1 782.387043 0.150144 0.849856
3888 nad5 1 782.387043 0.150726 0.849274
3889 nad5 1 782.387043 0.151307 0.848693
3890 nad5 1 782.387043 0.151889 0.848111
3891 nad5 1 782.387043 0.152471 0.847529
3892 nad5 1 782.387043 0.153053 0.846947
3893 nad5 1 782.387043 0.153635 0.846365
3894 nad5 1 782.387043 0.154217 0.845783
3895 nad5 1 782.387043 0.154799 0.845201
3896 nad5 1 782.387043 0.155381 0.844619
3897 nad5 1 782.387043 0.155963 0.844037
3898 nad5 1 782.387043 0.156545 0.843455
3899 nad5 1 782.387043 0.157127 0.842873
3900 nad5 1 782.387043 0.157708 0.842292
3901 nad5 1 782.387043 0.158290 0.841710
3902 nad5 1 782.387043 0.158872 0.841128
3903 nad5 1 782.387043 0.159454 0.840546
3904 nad5 1 782.387043 0.160036 0.839964
3905 nad5 1 782.387043 0.160618 0.839382
3906 nad5 1 782.387043 0.161200 0.838800
3907 nad5 1 782.387043 0.161782 0.838218
3908 nad5 1 782.387043 0.162364 0.837636
3909 nad5 1 786.219726 0.162493 0.837507
3910 nad5 1 786.219726 0.163075 0.836925
3911 nad5 1 786.219726 0.163658 0.836342
3912 nad5 1 843.312808 0.159369 0.840631
3913 nad5 1 843.312808 0.159958 0.840042
3914 nad5 1 843.312808 0.160546 0.839454
3915 nad5 1 843.312808 0.161134 0.838866
3916 nad5 1 843.312808 0.161723 0.838277
3917 nad5 1 843.312808 0.162311 0.837689
3918 nad5 1 1055.436000 0.159518 0.840482
3919 nad5 1 1055.436000 0.160110 0.839890
3920 nad5 1 1055.436000 0.160702 0.839298
3921 nad5 1 1083.945783 0.158415 0.841585
3922 nad5 1 1083.945783 0.159011 0.840989
3923 nad5 1 1083.945783 0.159606 0.840394
3924 nad5 1 1083.945783 0.160202 0.839798
3925 nad5 1 1083.945783 0.160797 0.839203
3926 nad5 1 1083.945783 0.161393 0.838607
3927 nad5 1 1111.133812 0.161650 0.838350
3928 nad5 1 1111.133812 0.162246 0.837754
3929 nad5 1 1111.133812 0.162842 0.837158
3930 nad5 1 1111.133812 0.163438 0.836562
3931 nad5 1 1111.133812 0.164035 0.835965
3932 nad5 1 1111.133812 0.164631 0.835369
3933 nad5 1 1121.151813 0.165216 0.834784
3934 nad5 1 1121.151813 0.165812 0.834188
3935 nad5 1 1121.151813 0.166408 0.833592
3936 nad5 1 1124.633299 0.166906 0.833094
3937 nad5 1 1124.633299 0.167503 0.832497
3938 nad5 1 1124.633299 0.168099 0.831901
3939 nad5 1 2048.452103 0.167766 0.832234
3940 nad5 1 2048.452103 0.168363 0.831637
3941 nad5 1 2048.452103 0.168961 0.831039
3942 nad5 1 2080.244887 0.169150 0.830850
3943 nad5 1 2080.244887 0.169748 0.830252
3944 nad5 1 2080.244887 0.170346 0.829654
3945 nad5 1 2424.966998 0.170626 0.829374
3946 nad5 1 2424.966998 0.171225 0.828775
3947 nad5 1 2424.966998 0.171823 0.828177
3948 nad5 1 2432.682816 0.172336 0.827664
3949 nad5 1 2432.682816 0.172935 0.827065
3950 nad5 1 2432.682816 0.173533 0.826467
3951 nad5 1 2440.132587 0.174103 0.825897
3952 nad5 1 2440.132587 0.174702 0.825298
3953 nad5 1 2440.132587 0.175301 0.824699
3954 nad5 1 2443.250063 0.175913 0.824087
3955 nad5 1 2443.250063 0.176512 0.823488
3956 nad5 1 2443.250063 0.177111 0.822889
3957 nad5 1 2443.250063 0.177710 0.822290
3958 nad5 1 2443.250063 0.178308 0.821692
3959 nad5 1 2443.250063 0.178907 0.821093
3960 nad5 1 2467.082381 0.179432 0.820568
3961 nad5 1 2467.082381 0.180031 0.819969
3962 nad5 1 2467.082381 0.180630 0.819370
3963 nad5 1 2467.082381 0.181229 0.818771
3964 nad5 1 2467.082381 0.181828 0.818172
3965 nad5 1 2467.082381 0.182427 0.817573
3966 nad5 1 2467.082381 0.183026 0.816974
3967 nad5 1 2467.082381 0.183624 0.816376
3968 nad5 1 2467.082381 0.184223 0.815777
3969 nad5 1 2467.082381 0.184822 0.815178
3970 nad5 1 2467.082381 0.185421 0.814579
3971 nad5 1 2467.082381 0.186020 0.813980
3972 nad5 1 2467.082381 0.186619 0.813381
3973 nad5 1 2467.082381 0.187218 0.812782
3974 nad5 1 2467.082381 0.187817 0.812183
3975 nad5 1 2472.849385 0.188402 0.811598
3976 nad5 1 2472.849385 0.189001 0.810999
3977 nad5 1 2472.849385 0.189600 0.810400
3978 nad5 1 2476.385492 0.190275 0.809725
3979 nad5 1 2476.385492 0.190874 0.809126
3980 nad5 1 2476.385492 0.191473 0.808527
3981 nad5 1 2476.385492 0.192072 0.807928
3982 nad5 1 2476.385492 0.192671 0.807329
3983 nad5 1 2476.385492 0.193270 0.806730
3984 nad5 1 2481.750008 0.193933 0.806067
3985 nad5 1 2481.750008 0.194532 0.805468
3986 nad5 1 2481.750008 0.195131 0.804869
3987 nad5 1 2481.750008 0.195730 0.804270
3988 nad5 1 2481.750008 0.196329 0.803671
3989 nad5 1 2481.750008 0.196928 0.803072
3990 nad5 1 2484.750008 0.197497 0.802503
3991 nad5 1 2484.750008 0.198097 0.801903
3992 nad5 1 2484.750008 0.198696 0.801304
3993 nad5 1 2484.750008 0.199295 0.800705
3994 nad5 1 2484.750008 0.199894 0.800106
3995 nad5 1 2484.750008 0.200493 0.799507
3996 nad5 1 2484.750008 0.201092 0.798908
3997 nad5 1 2484.750008 0.201691 0.798309
3998 nad5 1 2484.750008 0.202291 0.797709
3999 nad5 1 2484.750008 0.202890 0.797110
4000 nad5 1 2484.750008 0.203489 0.796511
4001 nad5 1 2484.750008 0.204088 0.795912
4002 nad5 1 6531.993518 0.197253 0.802747
4003 nad5 1 6531.993518 0.197861 0.802139
4004 nad5 1 6531.993518 0.198470 0.801530
4005 nad5 1 6578.876080 0.199037 0.800963
4006 nad5 1 6578.876080 0.199646 0.800354
4007 nad5 1 6578.876080 0.200254 0.799746
4008 nad5 1 6583.125571 0.200865 0.799135
4009 nad5 1 6583.125571 0.201474 0.798526
4010 nad5 1 6583.125571 0.202082 0.797918
4011 nad5 1 6604.502357 0.202687 0.797313
4012 nad5 1 6604.502357 0.203295 0.796705
4013 nad5 1 6604.502357 0.203904 0.796096
4014 nad5 1 6604.502357 0.204512 0.795488
4015 nad5 1 6604.502357 0.205121 0.794879
4016 nad5 1 6604.502357 0.205730 0.794270
4017 nad5 1 6604.502357 0.206338 0.793662
4018 nad5 1 6604.502357 0.206947 0.793053
4019 nad5 1 6604.502357 0.207555 0.792445
4020 nad5 1 6604.502357 0.208164 0.791836
4021 nad5 1 6604.502357 0.208772 0.791228
4022 nad5 1 6604.502357 0.209381 0.790619
4023 nad5 1 6604.502357 0.209990 0.790010
4024 nad5 1 6604.502357 0.210598 0.789402
4025 nad5 1 6604.502357 0.211207 0.788793
4026 nad5 1 6604.502357 0.211815 0.788185
4027 nad5 1 6604.502357 0.212424 0.787576
4028 nad5 1 6604.502357 0.213033 0.786967
4029 nad5 1 6604.502357 0.213641 0.786359
4030 nad5 1 6604.502357 0.214250 0.785750
4031 nad5 1 6604.502357 0.214858 0.785142
4032 nad5 1 6604.502357 0.215467 0.784533
4033 nad5 1 6604.502357 0.216076 0.783924
4034 nad5 1 6604.502357 0.216684 0.783316
4035 nad5 1 6607.025236 0.217287 0.782713
4036 nad5 1 6607.025236 0.217895 0.782105
4037 nad5 1 6607.025236 0.218504 0.781496
4038 nad5 1 6607.025236 0.219112 0.780888
4039 nad5 1 6607.025236 0.219721 0.780279
4040 nad5 1 6607.025236 0.220330 0.779670
4041 nad5 1 6607.025236 0.220938 0.779062
4042 nad5 1 6607.025236 0.221547 0.778453
4043 nad5 1 6607.025236 0.222155 0.777845
4044 nad5 1 6607.025236 0.222764 0.777236
4045 nad5 1 6607.025236 0.223373 0.776627
4046 nad5 1 6607.025236 0.223981 0.776019
4047 nad5 1 6613.130920 0.224581 0.775419
4048 nad5 1 6613.130920 0.225190 0.774810
4049 nad5 1 6613.130920 0.225798 0.774202
4050 nad5 1 6846.682802 0.226177 0.773823
4051 nad5 1 6846.682802 0.226786 0.773214
4052 nad5 1 6846.682802 0.227395 0.772605
4053 nad5 1 6846.682802 0.228004 0.771996
4054 nad5 1 6846.682802 0.228613 0.771387
4055 nad5 1 6846.682802 0.229222 0.770778
4056 nad5 1 6846.682802 0.229831 0.770169
4057 nad5 1 6846.682802 0.230440 0.769560
4058 nad5 1 6846.682802 0.231049 0.768951
4059 nad5 1 6854.067904 0.231674 0.768326
4060 nad5 1 6854.067904 0.232283 0.767717
4061 nad5 1 6854.067904 0.232892 0.767108
4062 nad5 1 7065.018740 0.234497 0.765503
4063 nad5 1 7065.018740 0.235105 0.764895
4064 nad5 1 7065.018740 0.235714 0.764286
4065 nad5 1 7301.097931 0.237337 0.762663
4066 nad5 1 7301.097931 0.237945 0.762055
4067 nad5 1 7301.097931 0.238553 0.761447
4068 nad5 1 7333.530745 0.239114 0.760886
4069 nad5 1 7333.530745 0.239722 0.760278
4070 nad5 1 7333.530745 0.240330 0.759670
4071 nad5 1 7339.747556 0.240943 0.759057
4072 nad5 1 7339.747556 0.241551 0.758449
4073 nad5 1 7339.747556 0.242159 0.757841
4074 nad5 1 7828.589939 0.244002 0.755998
4075 nad5 1 7828.589939 0.244609 0.755391
4076 nad5 1 7828.589939 0.245216 0.754784
4077 nad5 1 7846.564247 0.245865 0.754135
4078 nad5 1 7846.564247 0.246472 0.753528
4079 nad5 1 7846.564247 0.247079 0.752921
4080 nad5 1 7846.564247 0.247685 0.752315
4081 nad5 1 7846.564247 0.248292 0.751708
4082 nad5 1 7846.564247 0.248899 0.751101
4083 nad5 1 7846.564247 0.249506 0.750494
4084 nad5 1 7846.564247 0.250112 0.749888
4085 nad5 1 7846.564247 0.250719 0.749281
4086 nad5 1 7846.564247 0.251326 0.748674
4087 nad5 1 7846.564247 0.251933 0.748067
4088 nad5 1 7846.564247 0.252539 0.747461
4089 nad5 1 7846.564247 0.253146 0.746854
4090 nad5 1 7846.564247 0.253753 0.746247
4091 nad5 1 7846.564247 0.254360 0.745640
4092 nad5 1 7846.564247 0.254966 0.745034
4093 nad5 1 7846.564247 0.255573 0.744427
4094 nad5 1 7846.564247 0.256180 0.743820
4095 nad5 1 7846.564247 0.256787 0.743213
4096 nad5 1 7846.564247 0.257393 0.742607
4097 nad5 1 7846.564247 0.258000 0.742000
4098 nad5 1 7858.029864 0.258611 0.741389
4099 nad5 1 7858.029864 0.259218 0.740782
4100 nad5 1 7858.029864 0.259825 0.740175
4101 nad5 1 7858.029864 0.260432 0.739568
4102 nad5 1 7858.029864 0.261038 0.738962
4103 nad5 1 7858.029864 0.261645 0.738355
4104 nad5 1 7860.029864 0.262250 0.737750
4105 nad5 1 7860.029864 0.262857 0.737143
4106 nad5 1 7860.029864 0.263463 0.736537
4107 nad5 1 7870.914054 0.264072 0.735928
4108 nad5 1 7870.914054 0.264679 0.735321
4109 nad5 1 7870.914054 0.265286 0.734714
4110 nad5 1 8059.727954 0.265980 0.734020
4111 nad5 1 8059.727954 0.266588 0.733412
4112 nad5 1 8059.727954 0.267195 0.732805
4113 nad5 1 8064.667256 0.267797 0.732203
4114 nad5 1 8064.667256 0.268405 0.731595
4115 nad5 1 8064.667256 0.269012 0.730988
4116 nad5 1 8072.703922 0.269658 0.730342
4117 nad5 1 8072.703922 0.270265 0.729735
4118 nad5 1 8072.703922 0.270873 0.729127
4119 nad5 1 8072.703922 0.271480 0.728520
4120 nad5 1 8072.703922 0.272087 0.727913
4121 nad5 1 8072.703922 0.272695 0.727305
4122 nad5 1 8077.883327 0.273329 0.726671
4123 nad5 1 8077.883327 0.273936 0.726064
4124 nad5 1 8077.883327 0.274544 0.725456
4125 nad5 1 8100.951156 0.275177 0.724823
4126 nad5 1 8100.951156 0.275784 0.724216
4127 nad5 1 8100.951156 0.276392 0.723608
4128 nad5 1 8107.264520 0.277008 0.722992
4129 nad5 1 8107.264520 0.277616 0.722384
4130 nad5 1 8107.264520 0.278223 0.721777
4131 nad5 1 8139.656745 0.278930 0.721070
4132 nad5 1 8139.656745 0.279537 0.720463
4133 nad5 1 8139.656745 0.280144 0.719856
4134 nad5 1 8143.798810 0.280740 0.719260
4135 nad5 1 8143.798810 0.281347 0.718653
4136 nad5 1 8143.798810 0.281955 0.718045
4137 nad5 1 8155.623298 0.282630 0.717370
4138 nad5 1 8155.623298 0.283237 0.716763
4139 nad5 1 8155.623298 0.283844 0.716156
4140 nad5 1 8164.667855 0.284482 0.715518
4141 nad5 1 8164.667855 0.285089 0.714911
4142 nad5 1 8164.667855 0.285696 0.714304
4143 nad5 1 8196.131272 0.286365 0.713635
4144 nad5 1 8196.131272 0.286972 0.713028
4145 nad5 1 8196.131272 0.287579 0.712421
4146 nad5 1 8214.972122 0.288227 0.711773
4147 nad5 1 8214.972122 0.288834 0.711166
4148 nad5 1 8214.972122 0.289441 0.710559
4149 nad5 1 8240.767092 0.290174 0.709826
4150 nad5 1 8240.767092 0.290781 0.709219
4151 nad5 1 8240.767092 0.291388 0.708612
4152 nad5 1 8271.054100 0.292050 0.707950
4153 nad5 1 8271.054100 0.292657 0.707343
4154 nad5 1 8271.054100 0.293264 0.706736
4155 nad5 1 8321.114881 0.293996 0.706004
4156 nad5 1 8321.114881 0.294603 0.705397
4157 nad5 1 8321.114881 0.295210 0.704790
4158 nad5 1 8338.341032 0.295864 0.704136
4159 nad5 1 8338.341032 0.296471 0.703529
4160 nad5 1 8338.341032 0.297078 0.702922
4161 nad5 1 8435.288880 0.297952 0.702048
4162 nad5 1 8435.288880 0.298559 0.701441
4163 nad5 1 8435.288880 0.299166 0.700834
4164 nad5 1 8561.513488 0.300056 0.699944
4165 nad5 1 8561.513488 0.300662 0.699338
4166 nad5 1 8561.513488 0.301269 0.698731
4167 nad5 1 8639.474669 0.301932 0.698068
4168 nad5 1 8639.474669 0.302538 0.697462
4169 nad5 1 8639.474669 0.303145 0.696855
4170 nad5 1 8751.668896 0.304063 0.695937
4171 nad5 1 8751.668896 0.304669 0.695331
4172 nad5 1 8751.668896 0.305276 0.694724
4173 nad5 1 9027.337868 0.306699 0.693301
4174 nad5 1 9027.337868 0.307305 0.692695
4175 nad5 1 9027.337868 0.307912 0.692088
4176 nad5 1 9244.563851 0.308974 0.691026
4177 nad5 1 9244.563851 0.309580 0.690420
4178 nad5 1 9244.563851 0.310186 0.689814
4179 nad5 1 9270.320514 0.310871 0.689129
4180 nad5 1 9270.320514 0.311477 0.688523
4181 nad5 1 9270.320514 0.312083 0.687917
4182 nad5 1 9549.862394 0.313428 0.686572
4183 nad5 1 9549.862394 0.314033 0.685967
4184 nad5 1 9549.862394 0.314638 0.685362
4185 nad5 1 9589.361617 0.315380 0.684620
4186 nad5 1 9589.361617 0.315986 0.684014
4187 nad5 1 9589.361617 0.316591 0.683409
4188 nad5 1 9742.978415 0.317560 0.682440
4189 nad5 1 9742.978415 0.318165 0.681835
4190 nad5 1 9742.978415 0.318770 0.681230
4191 nad5 1 9807.113703 0.319536 0.680464
4192 nad5 1 9807.113703 0.320141 0.679859
4193 nad5 1 9807.113703 0.320746 0.679254
4194 nad5 1 9837.537518 0.321330 0.678670
4195 nad5 1 9837.537518 0.321935 0.678065
4196 nad5 1 9837.537518 0.322540 0.677460
4197 nad5 1 9909.062527 0.323312 0.676688
4198 nad5 1 9909.062527 0.323917 0.676083
4199 nad5 1 9909.062527 0.324522 0.675478
4200 nad5 1 9925.342885 0.325158 0.674842
4201 nad5 1 9925.342885 0.325763 0.674237
4202 nad5 1 9925.342885 0.326368 0.673632
4203 nad5 1 10157.263733 0.327348 0.672652
4204 nad5 1 10157.263733 0.327952 0.672048
4205 nad5 1 10157.263733 0.328556 0.671444
4206 nad5 1 11440.340961 0.332060 0.667940
4207 nad5 1 11440.340961 0.332662 0.667338
4208 nad5 1 11440.340961 0.333264 0.666736
4209 nad5 1 11466.874245 0.333829 0.666171
4210 nad5 1 11466.874245 0.334431 0.665569
4211 nad5 1 11466.874245 0.335033 0.664967
4212 nad5 1 12148.056779 0.336918 0.663082
4213 nad5 1 12148.056779 0.337519 0.662481
4214 nad5 1 12148.056779 0.338119 0.661881
4215 nad5 1 12187.679123 0.338781 0.661219
4216 nad5 1 12187.679123 0.339381 0.660619
4217 nad5 1 12187.679123 0.339982 0.660018
4218 nad5 1 12196.376681 0.340575 0.659425
4219 nad5 1 12196.376681 0.341175 0.658825
4220 nad5 1 12196.376681 0.341776 0.658224
4221 nad5 1 12196.376681 0.342377 0.657623
4222 nad5 1 12196.376681 0.342977 0.657023
4223 nad5 1 12196.376681 0.343578 0.656422
4224 nad5 1 12196.376681 0.344179 0.655821
4225 nad5 1 12196.376681 0.344780 0.655220
4226 nad5 1 12196.376681 0.345380 0.654620
4227 nad5 1 12196.376681 0.345981 0.654019
4228 nad5 1 12196.376681 0.346582 0.653418
4229 nad5 1 12196.376681 0.347183 0.652817
4230 nad5 1 12196.376681 0.347783 0.652217
4231 nad5 1 12196.376681 0.348384 0.651616
4232 nad5 1 12196.376681 0.348985 0.651015
4233 nad5 1 23663.159633 0.362607 0.637393
4234 nad5 1 23663.159633 0.363195 0.636805
4235 nad5 1 23663.159633 0.363783 0.636217
4236 nad5 1 23663.159633 0.364371 0.635629
4237 nad5 1 23663.159633 0.364959 0.635041
4238 nad5 1 23663.159633 0.365547 0.634453
4239 nad5 1 23663.159633 0.366135 0.633865
4240 nad5 1 23663.159633 0.366723 0.633277
4241 nad5 1 23663.159633 0.367311 0.632689
4242 nad5 1 23663.159633 0.367899 0.632101
4243 nad5 1 23663.159633 0.368487 0.631513
4244 nad5 1 23663.159633 0.369075 0.630925
4245 nad5 1 23663.159633 0.369663 0.630337
4246 nad5 1 23663.159633 0.370251 0.629749
4247 nad5 1 23663.159633 0.370839 0.629161
4248 nad5 1 23743.585911 0.371313 0.628687
4249 nad5 1 23743.585911 0.371901 0.628099
4250 nad5 1 23743.585911 0.372489 0.627511
4251 nad5 1 23861.619214 0.373093 0.626907
4252 nad5 1 23861.619214 0.373681 0.626319
4253 nad5 1 23861.619214 0.374269 0.625731
4254 nad5 1 24068.134345 0.374882 0.625118
4255 nad5 1 24068.134345 0.375470 0.624530
4256 nad5 1 24068.134345 0.376058 0.623942
4257 nad5 1 24068.134345 0.376647 0.623353
4258 nad5 1 24068.134345 0.377235 0.622765
4259 nad5 1 24068.134345 0.377823 0.622177
4260 nad5 1 24068.134345 0.378411 0.621589
4261 nad5 1 24068.134345 0.378999 0.621001
4262 nad5 1 24068.134345 0.379587 0.620413
4263 nad5 1 24068.134345 0.380175 0.619825
4264 nad5 1 24068.134345 0.380764 0.619236
4265 nad5 1 24068.134345 0.381352 0.618648
4266 nad5 1 24068.134345 0.381940 0.618060
4267 nad5 1 24068.134345 0.382528 0.617472
4268 nad5 1 24068.134345 0.383116 0.616884
4269 nad5 1 24068.134345 0.383704 0.616296
4270 nad5 1 24068.134345 0.384292 0.615708
4271 nad5 1 24068.134345 0.384881 0.615119
4272 nad5 1 24068.134345 0.385469 0.614531
4273 nad5 1 24068.134345 0.386057 0.613943
4274 nad5 1 24068.134345 0.386645 0.613355
4275 nad5 1 24068.134345 0.387233 0.612767
4276 nad5 1 24068.134345 0.387821 0.612179
4277 nad5 1 24068.134345 0.388409 0.611591
4278 nad5 1 24068.134345 0.388997 0.611003
4279 nad5 1 24068.134345 0.389586 0.610414
4280 nad5 1 24068.134345 0.390174 0.609826
4281 nad5 1 24068.134345 0.390762 0.609238
4282 nad5 1 24068.134345 0.391350 0.608650
4283 nad5 1 24068.134345 0.391938 0.608062
4284 nad5 1 24068.134345 0.392526 0.607474
4285 nad5 1 24068.134345 0.393114 0.606886
4286 nad5 1 24068.134345 0.393703 0.606297
4287 nad5 1 24068.134345 0.394291 0.605709
4288 nad5 1 24068.134345 0.394879 0.605121
4289 nad5 1 24068.134345 0.395467 0.604533
4290 nad5 1 24068.134345 0.396055 0.603945
4291 nad5 1 24068.134345 0.396643 0.603357
4292 nad5 1 24068.134345 0.397231 0.602769
4293 nad5 1 24068.134345 0.397820 0.602180
4294 nad5 1 24068.134345 0.398408 0.601592
4295 nad5 1 24068.134345 0.398996 0.601004
4296 nad5 1 24068.134345 0.399584 0.600416
4297 nad5 1 24068.134345 0.400172 0.599828
4298 nad5 1 24068.134345 0.400760 0.599240
4299 nad5 1 24068.134345 0.401348 0.598652
4300 nad5 1 24068.134345 0.401937 0.598063
4301 nad5 1 24068.134345 0.402525 0.597475
4302 nad5 1 24068.134345 0.403113 0.596887
4303 nad5 1 24068.134345 0.403701 0.596299
4304 nad5 1 24068.134345 0.404289 0.595711
4305 nad5 1 24068.134345 0.404877 0.595123
4306 nad5 1 24068.134345 0.405465 0.594535
4307 nad5 1 24068.134345 0.406054 0.593946
4308 nad5 1 24068.134345 0.406642 0.593358
4309 nad5 1 24068.134345 0.407230 0.592770
4310 nad5 1 24068.134345 0.407818 0.592182
4311 nad5 1 24068.134345 0.408406 0.591594
4312 nad5 1 24068.134345 0.408994 0.591006
4313 nad5 1 24068.134345 0.409582 0.590418
4314 nad5 1 24068.134345 0.410171 0.589829
4315 nad5 1 24068.134345 0.410759 0.589241
4316 nad5 1 24068.134345 0.411347 0.588653
4317 nad5 1 24068.134345 0.411935 0.588065
4318 nad5 1 24068.134345 0.412523 0.587477
4319 nad5 1 24068.134345 0.413111 0.586889
4320 nad5 1 24068.134345 0.413699 0.586301
4321 nad5 1 24068.134345 0.414288 0.585712
4322 nad5 1 24068.134345 0.414876 0.585124
4323 nad5 1 24068.134345 0.415464 0.584536
4324 nad5 1 24068.134345 0.416052 0.583948
4325 nad5 1 24068.134345 0.416640 0.583360
4326 nad5 1 24068.134345 0.417228 0.582772
4327 nad5 1 24068.134345 0.417816 0.582184
4328 nad5 1 24068.134345 0.418404 0.581596
4329 nad5 1 24071.134345 0.418987 0.581013
4330 nad5 1 24071.134345 0.419575 0.580425
4331 nad5 1 24071.134345 0.420163 0.579837
4332 nad5 1 24071.134345 0.420751 0.579249
4333 nad5 1 24071.134345 0.421339 0.578661
4334 nad5 1 24071.134345 0.421927 0.578073
4335 nad5 1 24071.134345 0.422516 0.577484
4336 nad5 1 24071.134345 0.423104 0.576896
4337 nad5 1 24071.134345 0.423692 0.576308
4338 nad5 1 24071.134345 0.424280 0.575720
4339 nad5 1 24071.134345 0.424868 0.575132
4340 nad5 1 24071.134345 0.425456 0.574544
4341 nad5 1 24071.134345 0.426044 0.573956
4342 nad5 1 24071.134345 0.426633 0.573367
4343 nad5 1 24071.134345 0.427221 0.572779
4344 nad5 1 24075.366447 0.427805 0.572195
4345 nad5 1 24075.366447 0.428394 0.571606
4346 nad5 1 24075.366447 0.428982 0.571018
4347 nad5 1 24075.366447 0.429570 0.570430
4348 nad5 1 24075.366447 0.430158 0.569842
4349 nad5 1 24075.366447 0.430746 0.569254
4350 nad5 1 24075.366447 0.431334 0.568666
4351 nad5 1 24075.366447 0.431922 0.568078
4352 nad5 1 24075.366447 0.432511 0.567489
4353 nad5 1 24078.956514 0.433095 0.566905
4354 nad5 1 24078.956514 0.433684 0.566316
4355 nad5 1 24078.956514 0.434272 0.565728
4356 nad5 1 24078.956514 0.434860 0.565140
4357 nad5 1 24078.956514 0.435448 0.564552
4358 nad5 1 24078.956514 0.436036 0.563964
4359 nad5 1 24078.956514 0.436624 0.563376
4360 nad5 1 24078.956514 0.437212 0.562788
4361 nad5 1 24078.956514 0.437801 0.562199
4362 nad5 1 24088.245213 0.438381 0.561619
4363 nad5 1 24088.245213 0.438969 0.561031
4364 nad5 1 24088.245213 0.439557 0.560443
4365 nad5 1 24090.467062 0.440142 0.559858
4366 nad5 1 24090.467062 0.440731 0.559269
4367 nad5 1 24090.467062 0.441319 0.558681
4368 nad5 1 24090.467062 0.441907 0.558093
4369 nad5 1 24090.467062 0.442495 0.557505
4370 nad5 1 24090.467062 0.443083 0.556917
4371 nad5 1 24090.467062 0.443671 0.556329
4372 nad5 1 24090.467062 0.444260 0.555740
4373 nad5 1 24090.467062 0.444848 0.555152
4374 nad5 1 24098.491171 0.445428 0.554572
4375 nad5 1 24098.491171 0.446016 0.553984
4376 nad5 1 24098.491171 0.446604 0.553396
4377 nad5 1 24102.698779 0.447189 0.552811
4378 nad5 1 24102.698779 0.447777 0.552223
4379 nad5 1 24102.698779 0.448365 0.551635
4380 nad5 1 24105.698779 0.448952 0.551048
4381 nad5 1 24105.698779 0.449540 0.550460
4382 nad5 1 24105.698779 0.450128 0.549872
4383 nad5 1 24105.698779 0.450717 0.549283
4384 nad5 1 24105.698779 0.451305 0.548695
4385 nad5 1 24105.698779 0.451893 0.548107
4386 nad5 1 24105.698779 0.452481 0.547519
4387 nad5 1 24105.698779 0.453069 0.546931
4388 nad5 1 24105.698779 0.453658 0.546342
4389 nad5 1 24109.800603 0.454243 0.545757
4390 nad5 1 24109.800603 0.454831 0.545169
4391 nad5 1 24109.800603 0.455419 0.544581
4392 nad5 1 24109.800603 0.456007 0.543993
4393 nad5 1 24109.800603 0.456595 0.543405
4394 nad5 1 24109.800603 0.457184 0.542816
4395 nad5 1 24109.800603 0.457772 0.542228
4396 nad5 1 24109.800603 0.458360 0.541640
4397 nad5 1 24109.800603 0.458948 0.541052
4398 nad5 1 24109.800603 0.459536 0.540464
4399 nad5 1 24109.800603 0.460125 0.539875
4400 nad5 1 24109.800603 0.460713 0.539287
4401 nad5 1 24109.800603 0.461301 0.538699
4402 nad5 1 24109.800603 0.461889 0.538111
4403 nad5 1 24109.800603 0.462477 0.537523
4404 nad5 1 24109.800603 0.463066 0.536934
4405 nad5 1 24109.800603 0.463654 0.536346
4406 nad5 1 24109.800603 0.464242 0.535758
4407 nad5 1 24109.800603 0.464830 0.535170
4408 nad5 1 24109.800603 0.465418 0.534582
4409 nad5 1 24109.800603 0.466007 0.533993
4410 nad5 1 24121.888806 0.466581 0.533419
4411 nad5 1 24121.888806 0.467169 0.532831
4412 nad5 1 24121.888806 0.467757 0.532243
4413 nad5 1 24121.888806 0.468346 0.531654
4414 nad5 1 24121.888806 0.468934 0.531066
4415 nad5 1 24121.888806 0.469522 0.530478
4416 nad5 1 24132.792070 0.470098 0.529902
4417 nad5 1 24132.792070 0.470686 0.529314
4418 nad5 1 24132.792070 0.471274 0.528726
4419 nad5 1 24132.792070 0.471862 0.528138
4420 nad5 1 24132.792070 0.472451 0.527549
4421 nad5 1 24132.792070 0.473039 0.526961
4422 nad5 1 24132.792070 0.473627 0.526373
4423 nad5 1 24132.792070 0.474215 0.525785
4424 nad5 1 24132.792070 0.474804 0.525196
4425 nad5 1 24138.684860 0.475392 0.524608
4426 nad5 1 24138.684860 0.475981 0.524019
4427 nad5 1 24138.684860 0.476569 0.523431
4428 nad5 1 24138.684860 0.477157 0.522843
4429 nad5 1 24138.684860 0.477745 0.522255
4430 nad5 1 24138.684860 0.478334 0.521666
4431 nad5 1 24138.684860 0.478922 0.521078
4432 nad5 1 24138.684860 0.479510 0.520490
4433 nad5 1 24138.684860 0.480098 0.519902
4434 nad5 1 24161.445409 0.480658 0.519342
4435 nad5 1 24161.445409 0.481246 0.518754
4436 nad5 1 24161.445409 0.481835 0.518165
4437 nad5 1 24161.445409 0.482423 0.517577
4438 nad5 1 24161.445409 0.483011 0.516989
4439 nad5 1 24161.445409 0.483599 0.516401
4440 nad5 1 24163.968288 0.484187 0.515813
4441 nad5 1 24163.968288 0.484776 0.515224
4442 nad5 1 24163.968288 0.485364 0.514636
4443 nad5 1 24163.968288 0.485952 0.514048
4444 nad5 1 24163.968288 0.486541 0.513459
4445 nad5 1 24163.968288 0.487129 0.512871
4446 nad5 1 24163.968288 0.487717 0.512283
4447 nad5 1 24163.968288 0.488305 0.511695
4448 nad5 1 24163.968288 0.488894 0.511106
4449 nad5 1 24163.968288 0.489482 0.510518
4450 nad5 1 24163.968288 0.490070 0.509930
4451 nad5 1 24163.968288 0.490658 0.509342
4452 nad5 1 24163.968288 0.491247 0.508753
4453 nad5 1 24163.968288 0.491835 0.508165
4454 nad5 1 24163.968288 0.492423 0.507577
4455 nad5 1 24163.968288 0.493012 0.506988
4456 nad5 1 24163.968288 0.493600 0.506400
4457 nad5 1 24163.968288 0.494188 0.505812
4458 nad5 1 24163.968288 0.494776 0.505224
4459 nad5 1 24163.968288 0.495365 0.504635
4460 nad5 1 24163.968288 0.495953 0.504047
4461 nad5 1 24163.968288 0.496541 0.503459
4462 nad5 1 24163.968288 0.497129 0.502871
4463 nad5 1 24163.968288 0.497718 0.502282
4464 nad5 1 24163.968288 0.498306 0.501694
4465 nad5 1 24163.968288 0.498894 0.501106
4466 nad5 1 24163.968288 0.499483 0.500517
4467 nad5 1 24163.968288 0.500071 0.499929
4468 nad5 1 24163.968288 0.500659 0.499341
4469 nad5 1 24163.968288 0.501247 0.498753
4470 nad5 1 24163.968288 0.501836 0.498164
4471 nad5 1 24163.968288 0.502424 0.497576
4472 nad5 1 24163.968288 0.503012 0.496988
4473 nad5 1 24163.968288 0.503600 0.496400
4474 nad5 1 24163.968288 0.504189 0.495811
4475 nad5 1 24163.968288 0.504777 0.495223
4476 nad5 1 24163.968288 0.505365 0.494635
4477 nad5 1 24163.968288 0.505954 0.494046
4478 nad5 1 24163.968288 0.506542 0.493458
4479 nad5 1 24163.968288 0.507130 0.492870
4480 nad5 1 24163.968288 0.507718 0.492282
4481 nad5 1 24163.968288 0.508307 0.491693
4482 nad5 1 24163.968288 0.508895 0.491105
4483 nad5 1 24163.968288 0.509483 0.490517
4484 nad5 1 24163.968288 0.510071 0.489929
4485 nad5 1 24163.968288 0.510660 0.489340
4486 nad5 1 24163.968288 0.511248 0.488752
4487 nad5 1 24163.968288 0.511836 0.488164
4488 nad5 1 24163.968288 0.512425 0.487575
4489 nad5 1 24163.968288 0.513013 0.486987
4490 nad5 1 24163.968288 0.513601 0.486399
4491 nad5 1 24163.968288 0.514189 0.485811
4492 nad5 1 24163.968288 0.514778 0.485222
4493 nad5 1 24163.968288 0.515366 0.484634
4494 nad5 1 24161.922531 0.515955 0.484045
4495 nad5 1 24161.922531 0.516544 0.483456
4496 nad5 1 24161.922531 0.517132 0.482868
4497 nad5 1 24161.922531 0.517720 0.482280
4498 nad5 1 24161.922531 0.518308 0.481692
4499 nad5 1 24161.922531 0.518897 0.481103
4500 nad5 1 24161.922531 0.519485 0.480515
4501 nad5 1 24161.922531 0.520073 0.479927
4502 nad5 1 24161.922531 0.520661 0.479339
4503 nad5 1 24161.922531 0.521250 0.478750
4504 nad5 1 24161.922531 0.521838 0.478162
4505 nad5 1 24161.922531 0.522426 0.477574
4506 nad5 1 24158.386424 0.523011 0.476989
4507 nad5 1 24158.386424 0.523599 0.476401
4508 nad5 1 24158.386424 0.524188 0.475812
4509 nad5 1 24158.386424 0.524776 0.475224
4510 nad5 1 24158.386424 0.525364 0.474636
4511 nad5 1 24158.386424 0.525953 0.474047
4512 nad5 1 24158.386424 0.526541 0.473459
4513 nad5 1 24158.386424 0.527129 0.472871
4514 nad5 1 24158.386424 0.527717 0.472283
4515 nad5 1 24158.386424 0.528306 0.471694
4516 nad5 1 24158.386424 0.528894 0.471106
4517 nad5 1 24158.386424 0.529482 0.470518
4518 nad5 1 24158.386424 0.530070 0.469930
4519 nad5 1 24158.386424 0.530659 0.469341
4520 nad5 1 24158.386424 0.531247 0.468753
4521 nad5 1 24158.386424 0.531835 0.468165
4522 nad5 1 24158.386424 0.532423 0.467577
4523 nad5 1 24158.386424 0.533012 0.466988
4524 nad5 1 24158.386424 0.533600 0.466400
4525 nad5 1 24158.386424 0.534188 0.465812
4526 nad5 1 24158.386424 0.534777 0.465223
4527 nad5 1 24158.386424 0.535365 0.464635
4528 nad5 1 24158.386424 0.535953 0.464047
4529 nad5 1 24158.386424 0.536541 0.463459
4530 nad5 1 24158.386424 0.537130 0.462870
4531 nad5 1 24158.386424 0.537718 0.462282
4532 nad5 1 24158.386424 0.538306 0.461694
4533 nad5 1 24158.386424 0.538894 0.461106
4534 nad5 1 24158.386424 0.539483 0.460517
4535 nad5 1 24158.386424 0.540071 0.459929
4536 nad5 1 24158.386424 0.540659 0.459341
4537 nad5 1 24158.386424 0.541247 0.458753
4538 nad5 1 24158.386424 0.541836 0.458164
4539 nad5 1 24158.386424 0.542424 0.457576
4540 nad5 1 24158.386424 0.543012 0.456988
4541 nad5 1 24158.386424 0.543601 0.456399
4542 nad5 1 24158.386424 0.544189 0.455811
4543 nad5 1 24158.386424 0.544777 0.455223
4544 nad5 1 24158.386424 0.545365 0.454635
4545 nad5 1 24158.386424 0.545954 0.454046
4546 nad5 1 24158.386424 0.546542 0.453458
4547 nad5 1 24158.386424 0.547130 0.452870
4548 nad5 1 24158.386424 0.547718 0.452282
4549 nad5 1 24158.386424 0.548307 0.451693
4550 nad5 1 24158.386424 0.548895 0.451105
4551 nad5 1 24158.386424 0.549483 0.450517
4552 nad5 1 24158.386424 0.550071 0.449929
4553 nad5 1 24158.386424 0.550660 0.449340
4554 nad5 1 24158.386424 0.551248 0.448752
4555 nad5 1 24158.386424 0.551836 0.448164
4556 nad5 1 24158.386424 0.552425 0.447575
4557 nad5 1 24158.386424 0.553013 0.446987
4558 nad5 1 24158.386424 0.553601 0.446399
4559 nad5 1 24158.386424 0.554189 0.445811
4560 nad5 1 24158.386424 0.554778 0.445222
4561 nad5 1 24158.386424 0.555366 0.444634
4562 nad5 1 24158.386424 0.555954 0.444046
4563 nad5 1 24158.386424 0.556542 0.443458
4564 nad5 1 24158.386424 0.557131 0.442869
4565 nad5 1 24158.386424 0.557719 0.442281
4566 nad5 1 24158.386424 0.558307 0.441693
4567 nad5 1 24158.386424 0.558895 0.441105
4568 nad5 1 24158.386424 0.559484 0.440516
4569 nad5 1 24158.386424 0.560072 0.439928
4570 nad5 1 24158.386424 0.560660 0.439340
4571 nad5 1 24158.386424 0.561248 0.438752
4572 nad5 1 24158.386424 0.561837 0.438163
4573 nad5 1 24158.386424 0.562425 0.437575
4574 nad5 1 24158.386424 0.563013 0.436987
4575 nad5 1 24158.386424 0.563602 0.436398
4576 nad5 1 24158.386424 0.564190 0.435810
4577 nad5 1 24158.386424 0.564778 0.435222
4578 nad5 1 24158.386424 0.565366 0.434634
4579 nad5 1 24158.386424 0.565955 0.434045
4580 nad5 1 24158.386424 0.566543 0.433457
4581 nad5 1 24158.386424 0.567131 0.432869
4582 nad5 1 24158.386424 0.567719 0.432281
4583 nad5 1 24158.386424 0.568308 0.431692
4584 nad5 1 24158.386424 0.568896 0.431104
4585 nad5 1 24158.386424 0.569484 0.430516
4586 nad5 1 24158.386424 0.570072 0.429928
4587 nad5 1 24158.386424 0.570661 0.429339
4588 nad5 1 24158.386424 0.571249 0.428751
4589 nad5 1 24158.386424 0.571837 0.428163
4590 nad5 1 24158.386424 0.572426 0.427574
4591 nad5 1 24158.386424 0.573014 0.426986
4592 nad5 1 24158.386424 0.573602 0.426398
4593 nad5 1 24158.386424 0.574190 0.425810
4594 nad5 1 24158.386424 0.574779 0.425221
4595 nad5 1 24158.386424 0.575367 0.424633
4596 nad5 1 24158.386424 0.575955 0.424045
4597 nad5 1 24158.386424 0.576543 0.423457
4598 nad5 1 24158.386424 0.577132 0.422868
4599 nad5 1 24158.386424 0.577720 0.422280
4600 nad5 1 24158.386424 0.578308 0.421692
4601 nad5 1 24158.386424 0.578896 0.421104
4602 nad5 1 24158.386424 0.579485 0.420515
4603 nad5 1 24158.386424 0.580073 0.419927
4604 nad5 1 24158.386424 0.580661 0.419339
4605 nad5 1 24158.386424 0.581250 0.418750
4606 nad5 1 24158.386424 0.581838 0.418162
4607 nad5 1 24158.386424 0.582426 0.417574
4608 nad5 1 24158.386424 0.583014 0.416986
4609 nad5 1 24158.386424 0.583603 0.416397
4610 nad5 1 24158.386424 0.584191 0.415809
4611 nad5 1 24158.386424 0.584779 0.415221
4612 nad5 1 24158.386424 0.585367 0.414633
4613 nad5 1 24158.386424 0.585956 0.414044
4614 nad5 1 24158.386424 0.586544 0.413456
4615 nad5 1 24158.386424 0.587132 0.412868
4616 nad5 1 24158.386424 0.587720 0.412280
4617 nad5 1 24158.386424 0.588309 0.411691
4618 nad5 1 24158.386424 0.588897 0.411103
4619 nad5 1 24158.386424 0.589485 0.410515
4620 nad5 1 24158.386424 0.590074 0.409926
4621 nad5 1 24158.386424 0.590662 0.409338
4622 nad5 1 24158.386424 0.591250 0.408750
4623 nad5 1 24158.386424 0.591838 0.408162
4624 nad5 1 24158.386424 0.592427 0.407573
4625 nad5 1 24158.386424 0.593015 0.406985
4626 nad5 1 24158.386424 0.593603 0.406397
4627 nad5 1 24158.386424 0.594191 0.405809
4628 nad5 1 24158.386424 0.594780 0.405220
4629 nad5 1 24158.386424 0.595368 0.404632
4630 nad5 1 24158.386424 0.595956 0.404044
4631 nad5 1 24158.386424 0.596544 0.403456
4632 nad5 1 24158.386424 0.597133 0.402867
4633 nad5 1 24158.386424 0.597721 0.402279
4634 nad5 1 24158.386424 0.598309 0.401691
4635 nad5 1 24158.386424 0.598898 0.401102
4636 nad5 1 24158.386424 0.599486 0.400514
4637 nad5 1 24158.386424 0.600074 0.399926
4638 nad5 1 24158.386424 0.600662 0.399338
4639 nad5 1 24158.386424 0.601251 0.398749
4640 nad5 1 24158.386424 0.601839 0.398161
4641 nad5 1 24158.386424 0.602427 0.397573
4642 nad5 1 24158.386424 0.603015 0.396985
4643 nad5 1 24158.386424 0.603604 0.396396
4644 nad5 1 24158.386424 0.604192 0.395808
4645 nad5 1 24158.386424 0.604780 0.395220
4646 nad5 1 24158.386424 0.605368 0.394632
4647 nad5 1 24158.386424 0.605957 0.394043
4648 nad5 1 24158.386424 0.606545 0.393455
4649 nad5 1 24158.386424 0.607133 0.392867
4650 nad5 1 24158.386424 0.607722 0.392278
4651 nad5 1 24158.386424 0.608310 0.391690
4652 nad5 1 24158.386424 0.608898 0.391102
4653 nad5 1 24158.386424 0.609486 0.390514
4654 nad5 1 24158.386424 0.610075 0.389925
4655 nad5 1 24158.386424 0.610663 0.389337
4656 nad5 1 24158.386424 0.611251 0.388749
4657 nad5 1 24158.386424 0.611839 0.388161
4658 nad5 1 24158.386424 0.612428 0.387572
4659 nad5 1 24158.386424 0.613016 0.386984
4660 nad5 1 24158.386424 0.613604 0.386396
4661 nad5 1 24158.386424 0.614192 0.385808
4662 nad5 1 24158.386424 0.614781 0.385219
4663 nad5 1 24158.386424 0.615369 0.384631
4664 nad5 1 24158.386424 0.615957 0.384043
4665 nad5 1 24158.386424 0.616545 0.383455
4666 nad5 1 24158.386424 0.617134 0.382866
4667 nad5 1 24158.386424 0.617722 0.382278
4668 nad5 1 24158.386424 0.618310 0.381690
4669 nad5 1 24158.386424 0.618899 0.381101
4670 nad5 1 24158.386424 0.619487 0.380513
4671 nad5 1 24158.386424 0.620075 0.379925
4672 nad5 1 24158.386424 0.620663 0.379337
4673 nad5 1 24158.386424 0.621252 0.378748
4674 nad5 1 24158.386424 0.621840 0.378160
4675 nad5 1 24158.386424 0.622428 0.377572
4676 nad5 1 24158.386424 0.623016 0.376984
4677 nad5 1 24158.386424 0.623605 0.376395
4678 nad5 1 24158.386424 0.624193 0.375807
4679 nad5 1 24158.386424 0.624781 0.375219
4680 nad5 1 24158.386424 0.625369 0.374631
4681 nad5 1 24158.386424 0.625958 0.374042
4682 nad5 1 24158.386424 0.626546 0.373454
4683 nad5 1 24158.386424 0.627134 0.372866
4684 nad5 1 24158.386424 0.627723 0.372277
4685 nad5 1 24158.386424 0.628311 0.371689
4686 nad5 1 24153.378093 0.628846 0.371154
4687 nad5 1 24153.378093 0.629434 0.370566
4688 nad5 1 24153.378093 0.630022 0.369978
4689 nad5 1 24153.378093 0.630611 0.369389
4690 nad5 1 24153.378093 0.631199 0.368801
4691 nad5 1 24153.378093 0.631787 0.368213
4692 nad5 1 24153.378093 0.632375 0.367625
4693 nad5 1 24153.378093 0.632963 0.367037
4694 nad5 1 24153.378093 0.633552 0.366448
4695 nad5 1 24153.378093 0.634140 0.365860
4696 nad5 1 24153.378093 0.634728 0.365272
4697 nad5 1 24153.378093 0.635316 0.364684
4698 nad5 1 24153.378093 0.635904 0.364096
4699 nad5 1 24153.378093 0.636493 0.363507
4700 nad5 1 24153.378093 0.637081 0.362919
4701 nad5 1 24153.378093 0.637669 0.362331
4702 nad5 1 24153.378093 0.638257 0.361743
4703 nad5 1 24153.378093 0.638845 0.361155
4704 nad5 1 24153.378093 0.639434 0.360566
4705 nad5 1 24153.378093 0.640022 0.359978
4706 nad5 1 24153.378093 0.640610 0.359390
4707 nad5 1 24153.378093 0.641198 0.358802
4708 nad5 1 24153.378093 0.641786 0.358214
4709 nad5 1 24153.378093 0.642375 0.357625
4710 nad5 1 24104.822219 0.642967 0.357033
4711 nad5 1 24104.822219 0.643555 0.356445
4712 nad5 1 24104.822219 0.644143 0.355857
4713 nad5 1 24104.822219 0.644731 0.355269
4714 nad5 1 24104.822219 0.645320 0.354680
4715 nad5 1 24104.822219 0.645908 0.354092
4716 nad5 1 24104.822219 0.646496 0.353504
4717 nad5 1 24104.822219 0.647084 0.352916
4718 nad5 1 24104.822219 0.647672 0.352328
4719 nad5 1 24104.822219 0.648260 0.351740
4720 nad5 1 24104.822219 0.648848 0.351152
4721 nad5 1 24104.822219 0.649437 0.350563
4722 nad5 1 24099.515066 0.650024 0.349976
4723 nad5 1 24099.515066 0.650612 0.349388
4724 nad5 1 24099.515066 0.651200 0.348800
4725 nad5 1 22122.272983 0.651848 0.348152
4726 nad5 1 22122.272983 0.652436 0.347564
4727 nad5 1 22122.272983 0.653025 0.346975
4728 nad5 1 21590.462966 0.653518 0.346482
4729 nad5 1 21590.462966 0.654106 0.345894
4730 nad5 1 21590.462966 0.654695 0.345305
4731 nad5 1 14286.496190 0.652344 0.347656
4732 nad5 1 14286.496190 0.652941 0.347059
4733 nad5 1 14286.496190 0.653537 0.346463
4734 nad5 1 13945.614449 0.654363 0.345637
4735 nad5 1 13945.614449 0.654959 0.345041
4736 nad5 1 13945.614449 0.655555 0.344445
4737 nad5 1 13926.218568 0.656167 0.343833
4738 nad5 1 13926.218568 0.656763 0.343237
4739 nad5 1 13926.218568 0.657359 0.342641
4740 nad5 1 13869.333130 0.657956 0.342044
4741 nad5 1 13869.333130 0.658552 0.341448
4742 nad5 1 13869.333130 0.659148 0.340852
4743 nad5 1 13704.334532 0.659733 0.340267
4744 nad5 1 13704.334532 0.660329 0.339671
4745 nad5 1 13704.334532 0.660925 0.339075
4746 nad5 1 13564.145758 0.661538 0.338462
4747 nad5 1 13564.145758 0.662134 0.337866
4748 nad5 1 13564.145758 0.662729 0.337271
4749 nad5 1 13413.258246 0.663266 0.336734
4750 nad5 1 13413.258246 0.663862 0.336138
4751 nad5 1 13413.258246 0.664458 0.335542
4752 nad5 1 13403.791000 0.665062 0.334938
4753 nad5 1 13403.791000 0.665658 0.334342
4754 nad5 1 13403.791000 0.666254 0.333746
4755 nad5 1 13385.674321 0.666860 0.333140
4756 nad5 1 13385.674321 0.667456 0.332544
4757 nad5 1 13385.674321 0.668051 0.331949
4758 nad5 1 13385.674321 0.668647 0.331353
4759 nad5 1 13385.674321 0.669243 0.330757
4760 nad5 1 13385.674321 0.669839 0.330161
4761 nad5 1 13385.674321 0.670435 0.329565
4762 nad5 1 13385.674321 0.671031 0.328969
4763 nad5 1 13385.674321 0.671626 0.328374
4764 nad5 1 13382.217147 0.672225 0.327775
4765 nad5 1 13382.217147 0.672821 0.327179
4766 nad5 1 13382.217147 0.673417 0.326583
4767 nad5 1 13345.801457 0.674032 0.325968
4768 nad5 1 13345.801457 0.674628 0.325372
4769 nad5 1 13345.801457 0.675224 0.324776
4770 nad5 1 13338.206632 0.675835 0.324165
4771 nad5 1 13338.206632 0.676430 0.323570
4772 nad5 1 13338.206632 0.677026 0.322974
4773 nad5 1 13331.682304 0.677615 0.322385
4774 nad5 1 13331.682304 0.678211 0.321789
4775 nad5 1 13331.682304 0.678806 0.321194
4776 nad5 1 13327.362639 0.679395 0.320605
4777 nad5 1 13327.362639 0.679990 0.320010
4778 nad5 1 13327.362639 0.680586 0.319414
4779 nad5 1 13303.541967 0.681183 0.318817
4780 nad5 1 13303.541967 0.681778 0.318222
4781 nad5 1 13303.541967 0.682374 0.317626
4782 nad5 1 13296.700932 0.682973 0.317027
4783 nad5 1 13296.700932 0.683569 0.316431
4784 nad5 1 13296.700932 0.684165 0.315835
4785 nad5 1 13278.775709 0.684753 0.315247
4786 nad5 1 13278.775709 0.685348 0.314652
4787 nad5 1 13278.775709 0.685944 0.314056
4788 nad5 1 13278.775709 0.686539 0.313461
4789 nad5 1 13278.775709 0.687135 0.312865
4790 nad5 1 13278.775709 0.687731 0.312269
4791 nad5 1 13271.534651 0.688344 0.311656
4792 nad5 1 13271.534651 0.688940 0.311060
4793 nad5 1 13271.534651 0.689536 0.310464
4794 nad5 1 13241.427431 0.690139 0.309861
4795 nad5 1 13241.427431 0.690735 0.309265
4796 nad5 1 13241.427431 0.691330 0.308670
4797 nad5 1 13228.457160 0.691926 0.308074
4798 nad5 1 13228.457160 0.692522 0.307478
4799 nad5 1 13228.457160 0.693117 0.306883
4800 nad5 1 13222.389126 0.693719 0.306281
4801 nad5 1 13222.389126 0.694315 0.305685
4802 nad5 1 13222.389126 0.694910 0.305090
4803 nad5 1 13222.389126 0.695506 0.304494
4804 nad5 1 13222.389126 0.696101 0.303899
4805 nad5 1 13222.389126 0.696697 0.303303
4806 nad5 1 13185.736606 0.697293 0.302707
4807 nad5 1 13185.736606 0.697889 0.302111
4808 nad5 1 13185.736606 0.698484 0.301516
4809 nad5 1 12052.799880 0.700098 0.299902
4810 nad5 1 12052.799880 0.700693 0.299307
4811 nad5 1 12052.799880 0.701288 0.298712
4812 nad5 1 11804.587905 0.702105 0.297895
4813 nad5 1 11804.587905 0.702700 0.297300
4814 nad5 1 11804.587905 0.703295 0.296705
4815 nad5 1 10418.267293 0.705115 0.294885
4816 nad5 1 10418.267293 0.705709 0.294291
4817 nad5 1 10418.267293 0.706302 0.293698
4818 nad5 1 10378.286822 0.706939 0.293061
4819 nad5 1 10378.286822 0.707532 0.292468
4820 nad5 1 10378.286822 0.708126 0.291874
4821 nad5 1 9596.518711 0.709761 0.290239
4822 nad5 1 9596.518711 0.710353 0.289647
4823 nad5 1 9596.518711 0.710945 0.289055
4824 nad5 1 9534.654049 0.711604 0.288396
4825 nad5 1 9534.654049 0.712196 0.287804
4826 nad5 1 9534.654049 0.712787 0.287213
4827 nad5 1 9400.898747 0.713451 0.286549
4828 nad5 1 9400.898747 0.714042 0.285958
4829 nad5 1 9400.898747 0.714634 0.285366
4830 nad5 1 8995.007526 0.715797 0.284203
4831 nad5 1 8995.007526 0.716389 0.283611
4832 nad5 1 8995.007526 0.716981 0.283019
4833 nad5 1 8925.465595 0.717782 0.282218
4834 nad5 1 8925.465595 0.718374 0.281626
4835 nad5 1 8925.465595 0.718966 0.281034
4836 nad5 1 8545.278299 0.720542 0.279458
4837 nad5 1 8545.278299 0.721134 0.278866
4838 nad5 1 8545.278299 0.721726 0.278274
4839 nad5 1 8474.239127 0.722345 0.277655
4840 nad5 1 8474.239127 0.722937 0.277063
4841 nad5 1 8474.239127 0.723529 0.276471
4842 nad5 1 8461.039439 0.724125 0.275875
4843 nad5 1 8461.039439 0.724717 0.275283
4844 nad5 1 8461.039439 0.725308 0.274692
4845 nad5 1 8421.053001 0.725944 0.274056
4846 nad5 1 8421.053001 0.726536 0.273464
4847 nad5 1 8421.053001 0.727128 0.272872
4848 nad5 1 8128.719632 0.728105 0.271895
4849 nad5 1 8128.719632 0.728696 0.271304
4850 nad5 1 8128.719632 0.729287 0.270713
4851 nad5 1 4707.487564 0.725292 0.274708
4852 nad5 1 4707.487564 0.725885 0.274115
4853 nad5 1 4707.487564 0.726479 0.273521
4854 nad5 1 4160.479383 0.725651 0.274349
4855 nad5 1 4160.479383 0.726245 0.273755
4856 nad5 1 4160.479383 0.726838 0.273162
4857 nad5 1 3308.847969 0.725852 0.274148
4858 nad5 1 3308.847969 0.726446 0.273554
4859 nad5 1 3308.847969 0.727040 0.272960
4860 nad5 1 2474.323638 0.722918 0.277082
4861 nad5 1 2474.323638 0.723513 0.276487
4862 nad5 1 2474.323638 0.724109 0.275891
4863 nad5 1 2046.482741 0.726598 0.273402
4864 nad5 1 2046.482741 0.727198 0.272802
4865 nad5 1 2046.482741 0.727797 0.272203
4866 nad5 1 1966.511182 0.728190 0.271810
4867 nad5 1 1966.511182 0.728788 0.271212
4868 nad5 1 1966.511182 0.729386 0.270614
4869 nad5 1 1843.706085 0.729772 0.270228
4870 nad5 1 1843.706085 0.730370 0.269630
4871 nad5 1 1843.706085 0.730968 0.269032
4872 nad5 1 1833.403187 0.731538 0.268462
4873 nad5 1 1833.403187 0.732136 0.267864
4874 nad5 1 1833.403187 0.732734 0.267266
4875 nad5 1 1809.963319 0.733314 0.266686
4876 nad5 1 1809.963319 0.733912 0.266088
4877 nad5 1 1809.963319 0.734510 0.265490
4878 nad5 1 1712.209718 0.735652 0.264348
4879 nad5 1 1712.209718 0.736250 0.263750
4880 nad5 1 1712.209718 0.736848 0.263152
4881 nad5 1 1635.576469 0.738104 0.261896
4882 nad5 1 1635.576469 0.738702 0.261298
4883 nad5 1 1635.576469 0.739299 0.260701
4884 nad5 1 1515.482584 0.741156 0.258844
4885 nad5 1 1515.482584 0.741754 0.258246
4886 nad5 1 1515.482584 0.742352 0.257648
4887 nad5 1 1464.509324 0.743526 0.256474
4888 nad5 1 1464.509324 0.744124 0.255876
4889 nad5 1 1464.509324 0.744721 0.255279
4890 nad5 1 1398.329416 0.745540 0.254460
4891 nad5 1 1398.329416 0.746138 0.253862
4892 nad5 1 1398.329416 0.746735 0.253265
4893 nad5 1 1353.419825 0.747645 0.252355
4894 nad5 1 1353.419825 0.748243 0.251757
4895 nad5 1 1353.419825 0.748840 0.251160
4896 nad5 1 1331.962194 0.749582 0.250418
4897 nad5 1 1331.962194 0.750179 0.249821
4898 nad5 1 1331.962194 0.750776 0.249224
4899 nad5 1 1302.098534 0.751680 0.248320
4900 nad5 1 1302.098534 0.752277 0.247723
4901 nad5 1 1302.098534 0.752874 0.247126
4902 nad5 1 1279.509589 0.753726 0.246274
4903 nad5 1 1279.509589 0.754323 0.245677
4904 nad5 1 1279.509589 0.754921 0.245079
4905 nad5 1 1279.509589 0.755518 0.244482
4906 nad5 1 1279.509589 0.756115 0.243885
4907 nad5 1 1279.509589 0.756712 0.243288
4908 nad5 1 1243.858294 0.757542 0.242458
4909 nad5 1 1243.858294 0.758139 0.241861
4910 nad5 1 1243.858294 0.758736 0.241264
4911 nad5 1 1203.171812 0.759538 0.240462
4912 nad5 1 1203.171812 0.760135 0.239865
4913 nad5 1 1203.171812 0.760733 0.239267
4914 nad5 1 1098.974110 0.761268 0.238732
4915 nad5 1 1098.974110 0.761866 0.238134
4916 nad5 1 1098.974110 0.762464 0.237536
4917 nad5 1 1052.343651 0.763618 0.236382
4918 nad5 1 1052.343651 0.764215 0.235785
4919 nad5 1 1052.343651 0.764813 0.235187
4920 nad5 1 875.999913 0.767752 0.232248
4921 nad5 1 875.999913 0.768349 0.231651
4922 nad5 1 875.999913 0.768947 0.231053
4923 nad5 1 855.120420 0.769774 0.230226
4924 nad5 1 855.120420 0.770372 0.229628
4925 nad5 1 855.120420 0.770970 0.229030
4926 nad5 1 822.492764 0.772083 0.227917
4927 nad5 1 822.492764 0.772680 0.227320
4928 nad5 1 822.492764 0.773277 0.226723
4929 nad5 1 739.182014 0.775120 0.224880
4930 nad5 1 739.182014 0.775717 0.224283
4931 nad5 1 739.182014 0.776314 0.223686
4932 nad5 1 660.423462 0.777322 0.222678
4933 nad5 1 660.423462 0.777919 0.222081
4934 nad5 1 660.423462 0.778515 0.221485
4935 nad5 1 660.423462 0.779112 0.220888
4936 nad5 1 660.423462 0.779708 0.220292
4937 nad5 1 660.423462 0.780305 0.219695
4938 nad5 1 636.868430 0.779512 0.220488
4939 nad5 1 636.868430 0.780107 0.219893
4940 nad5 1 636.868430 0.780702 0.219298
4941 nad5 1 631.453891 0.781314 0.218686
4942 nad5 1 631.453891 0.781908 0.218092
4943 nad5 1 631.453891 0.782503 0.217497
4944 nad5 1 553.290785 0.782063 0.217937
4945 nad5 1 553.290785 0.782660 0.217340
4946 nad5 1 553.290785 0.783256 0.216744
4947 nad5 1 500.198117 0.783970 0.216030
4948 nad5 1 500.198117 0.784566 0.215434
4949 nad5 1 500.198117 0.785163 0.214837
4950 nad5 1 491.213057 0.786322 0.213678
4951 nad5 1 491.213057 0.786918 0.213082
4952 nad5 1 491.213057 0.787515 0.212485
4953 nad5 1 461.830173 0.789110 0.210890
4954 nad5 1 461.830173 0.789706 0.210294
4955 nad5 1 461.830173 0.790302 0.209698
4956 nad5 1 441.475545 0.791968 0.208032
4957 nad5 1 441.475545 0.792563 0.207437
4958 nad5 1 441.475545 0.793159 0.206841
4959 nad5 1 63.542612 0.790273 0.209727
4960 nad5 1 63.542612 0.790878 0.209122
4961 nad5 1 63.542612 0.791483 0.208517
4962 nad5 1 7.752027 0.781305 0.218695
4963 nad5 1 7.752027 0.781917 0.218083
4964 nad5 1 7.752027 0.782528 0.217472
4965 nad5 1 7.752027 0.783140 0.216860
4966 nad5 1 7.752027 0.783751 0.216249
4967 nad5 1 7.752027 0.784362 0.215638
4968 nad5 1 7.752027 0.784974 0.215026
4969 nad5 1 7.752027 0.785585 0.214415
4970 nad5 1 7.752027 0.786197 0.213803
4971 nad5 1 0.000000 0.000000 0.000000
10168 nad5 1 0.000000 0.000000 0.000000
10169 nad5 1 23.307294 0.027961 0.972039
10170 nad5 1 23.307294 0.028491 0.971509
10171 nad5 1 23.307294 0.029022 0.970978
10172 nad5 1 57.867633 0.029584 0.970416
10173 nad5 1 57.867633 0.030115 0.969885
10174 nad5 1 57.867633 0.030645 0.969355
10175 nad5 1 57.867633 0.031175 0.968825
10176 nad5 1 57.867633 0.031706 0.968294
10177 nad5 1 57.867633 0.032236 0.967764
10178 nad5 1 57.867633 0.032767 0.967233
10179 nad5 1 57.867633 0.033297 0.966703
10180 nad5 1 57.867633 0.033828 0.966172
10181 nad5 1 69.143029 0.035422 0.964578
10182 nad5 1 69.143029 0.035952 0.964048
10183 nad5 1 69.143029 0.036482 0.963518
10184 nad5 1 69.143029 0.037011 0.962989
10185 nad5 1 69.143029 0.037541 0.962459
10186 nad5 1 69.143029 0.038070 0.961930
10187 nad5 1 88.390151 0.040542 0.959458
10188 nad5 1 88.390151 0.041071 0.958929
10189 nad5 1 88.390151 0.041599 0.958401
10190 nad5 1 138.410493 0.043511 0.956489
10191 nad5 1 138.410493 0.044035 0.955965
10192 nad5 1 138.410493 0.044560 0.955440
10193 nad5 1 234.604894 0.045109 0.954891
10194 nad5 1 234.604894 0.045639 0.954361
10195 nad5 1 234.604894 0.046170 0.953830
10196 nad5 1 247.359381 0.044967 0.955033
10197 nad5 1 247.359381 0.045498 0.954502
10198 nad5 1 247.359381 0.046029 0.953971
10199 nad5 1 257.680862 0.044957 0.955043
10200 nad5 1 257.680862 0.045490 0.954510
10201 nad5 1 257.680862 0.046022 0.953978
10202 nad5 1 273.634672 0.044816 0.955184
10203 nad5 1 273.634672 0.045350 0.954650
10204 nad5 1 273.634672 0.045884 0.954116
10205 nad5 1 364.499545 0.041205 0.958795
10206 nad5 1 364.499545 0.041742 0.958258
10207 nad5 1 364.499545 0.042279 0.957721
10208 nad5 1 462.267777 0.037696 0.962304
10209 nad5 1 462.267777 0.038237 0.961763
10210 nad5 1 462.267777 0.038779 0.961221
10211 nad5 1 488.718535 0.038178 0.961822
10212 nad5 1 488.718535 0.038720 0.961280
10213 nad5 1 488.718535 0.039262 0.960738
10214 nad5 1 501.161028 0.039867 0.960133
10215 nad5 1 501.161028 0.040409 0.959591
10216 nad5 1 501.161028 0.040951 0.959049
10217 nad5 1 824.136686 0.034583 0.965417
10218 nad5 1 824.136686 0.035131 0.964869
10219 nad5 1 824.136686 0.035679 0.964321
10220 nad5 1 1320.701989 0.044050 0.955950
10221 nad5 1 1320.701989 0.044590 0.955410
10222 nad5 1 1320.701989 0.045129 0.954871
10223 nad5 1 1373.083706 0.044951 0.955049
10224 nad5 1 1373.083706 0.045491 0.954509
10225 nad5 1 1373.083706 0.046031 0.953969
10226 nad5 1 1420.619488 0.045936 0.954064
10227 nad5 1 1420.619488 0.046477 0.953523
10228 nad5 1 1420.619488 0.047017 0.952983
10229 nad5 1 1825.442778 0.043667 0.956333
10230 nad5 1 1825.442778 0.044211 0.955789
10231 nad5 1 1825.442778 0.044755 0.955245
10232 nad5 1 1867.220390 0.045376 0.954624
10233 nad5 1 1867.220390 0.045920 0.954080
10234 nad5 1 1867.220390 0.046464 0.953536
10235 nad5 1 2063.181544 0.045782 0.954218
10236 nad5 1 2063.181544 0.046327 0.953673
10237 nad5 1 2063.181544 0.046872 0.953128
10238 nad5 1 2190.972779 0.048021 0.951979
10239 nad5 1 2190.972779 0.048566 0.951434
10240 nad5 1 2190.972779 0.049110 0.950890
10241 nad5 1 2228.575617 0.049492 0.950508
10242 nad5 1 2228.575617 0.050037 0.949963
10243 nad5 1 2228.575617 0.050581 0.949419
10244 nad5 1 2285.416280 0.050925 0.949075
10245 nad5 1 2285.416280 0.051470 0.948530
10246 nad5 1 2285.416280 0.052015 0.947985
10247 nad5 1 2294.966031 0.052518 0.947482
10248 nad5 1 2294.966031 0.053062 0.946938
10249 nad5 1 2294.966031 0.053607 0.946393
10250 nad5 1 2318.102215 0.054157 0.945843
10251 nad5 1 2318.102215 0.054702 0.945298
10252 nad5 1 2318.102215 0.055247 0.944753
10253 nad5 1 2336.829098 0.055715 0.944285
10254 nad5 1 2336.829098 0.056260 0.943740
10255 nad5 1 2336.829098 0.056805 0.943195
10256 nad5 1 2428.703399 0.057217 0.942783
10257 nad5 1 2428.703399 0.057762 0.942238
10258 nad5 1 2428.703399 0.058307 0.941693
10259 nad5 1 2474.394445 0.058592 0.941408
10260 nad5 1 2474.394445 0.059138 0.940862
10261 nad5 1 2474.394445 0.059683 0.940317
10262 nad5 1 2511.963565 0.059954 0.940046
10263 nad5 1 2511.963565 0.060500 0.939500
10264 nad5 1 2511.963565 0.061045 0.938955
10265 nad5 1 2598.327450 0.061726 0.938274
10266 nad5 1 2598.327450 0.062272 0.937728
10267 nad5 1 2598.327450 0.062818 0.937182
10268 nad5 1 2706.397246 0.063108 0.936892
10269 nad5 1 2706.397246 0.063653 0.936347
10270 nad5 1 2706.397246 0.064199 0.935801
10271 nad5 1 2712.716910 0.065006 0.934994
10272 nad5 1 2712.716910 0.065552 0.934448
10273 nad5 1 2712.716910 0.066097 0.933903
10274 nad5 1 2852.956654 0.067404 0.932596
10275 nad5 1 2852.956654 0.067948 0.932052
10276 nad5 1 2852.956654 0.068493 0.931507
10277 nad5 1 2965.643798 0.069957 0.930043
10278 nad5 1 2965.643798 0.070501 0.929499
10279 nad5 1 2965.643798 0.071045 0.928955
10280 nad5 1 3074.497989 0.071180 0.928820
10281 nad5 1 3074.497989 0.071724 0.928276
10282 nad5 1 3074.497989 0.072269 0.927731
10283 nad5 1 3437.311895 0.071927 0.928073
10284 nad5 1 3437.311895 0.072473 0.927527
10285 nad5 1 3437.311895 0.073018 0.926982
10286 nad5 1 3660.847055 0.073098 0.926902
10287 nad5 1 3660.847055 0.073644 0.926356
10288 nad5 1 3660.847055 0.074190 0.925810
10289 nad5 1 3732.010808 0.074460 0.925540
10290 nad5 1 3732.010808 0.075006 0.924994
10291 nad5 1 3732.010808 0.075552 0.924448
10292 nad5 1 3776.174732 0.076082 0.923918
10293 nad5 1 3776.174732 0.076628 0.923372
10294 nad5 1 3776.174732 0.077173 0.922827
10295 nad5 1 3813.028708 0.077794 0.922206
10296 nad5 1 3813.028708 0.078340 0.921660
10297 nad5 1 3813.028708 0.078885 0.921115
10298 nad5 1 3965.428427 0.079413 0.920587
10299 nad5 1 3965.428427 0.079959 0.920041
10300 nad5 1 3965.428427 0.080505 0.919495
10301 nad5 1 3973.836250 0.081068 0.918932
10302 nad5 1 3973.836250 0.081613 0.918387
10303 nad5 1 3973.836250 0.082159 0.917841
10304 nad5 1 3988.159483 0.082734 0.917266
10305 nad5 1 3988.159483 0.083280 0.916720
10306 nad5 1 3988.159483 0.083825 0.916175
10307 nad5 1 4125.669654 0.084585 0.915415
10308 nad5 1 4125.669654 0.085131 0.914869
10309 nad5 1 4125.669654 0.085676 0.914324
10310 nad5 1 4176.828856 0.086380 0.913620
10311 nad5 1 4176.828856 0.086925 0.913075
10312 nad5 1 4176.828856 0.087471 0.912529
10313 nad5 1 4266.554812 0.087113 0.912887
10314 nad5 1 4266.554812 0.087659 0.912341
10315 nad5 1 4266.554812 0.088204 0.911796
10316 nad5 1 4402.868545 0.090213 0.909787
10317 nad5 1 4402.868545 0.090758 0.909242
10318 nad5 1 4402.868545 0.091303 0.908697
10319 nad5 1 5004.758191 0.092592 0.907408
10320 nad5 1 5004.758191 0.093136 0.906864
10321 nad5 1 5004.758191 0.093680 0.906320
10322 nad5 1 5023.057465 0.094184 0.905816
10323 nad5 1 5023.057465 0.094729 0.905271
10324 nad5 1 5023.057465 0.095273 0.904727
10325 nad5 1 6009.034798 0.096808 0.903192
10326 nad5 1 6009.034798 0.097351 0.902649
10327 nad5 1 6009.034798 0.097894 0.902106
10328 nad5 1 6143.124606 0.098447 0.901553
10329 nad5 1 6143.124606 0.098990 0.901010
10330 nad5 1 6143.124606 0.099534 0.900466
10331 nad5 1 6646.513909 0.100182 0.899818
10332 nad5 1 6646.513909 0.100725 0.899275
10333 nad5 1 6646.513909 0.101268 0.898732
10334 nad5 1 6744.318582 0.101870 0.898130
10335 nad5 1 6744.318582 0.102413 0.897587
10336 nad5 1 6744.318582 0.102956 0.897044
10337 nad5 1 27483.134959 0.110312 0.889688
10338 nad5 1 27483.134959 0.110848 0.889152
10339 nad5 1 27483.134959 0.111383 0.888617
10340 nad5 1 32052.846132 0.112599 0.887401
10341 nad5 1 32052.846132 0.113135 0.886865
10342 nad5 1 32052.846132 0.113670 0.886330
10343 nad5 1 33723.182355 0.114738 0.885262
10344 nad5 1 33723.182355 0.115273 0.884727
10345 nad5 1 33723.182355 0.115807 0.884193
10346 nad5 1 34153.475764 0.116484 0.883516
10347 nad5 1 34153.475764 0.117018 0.882982
10348 nad5 1 34153.475764 0.117553 0.882447
10349 nad5 1 34420.899393 0.118029 0.881971
10350 nad5 1 34420.899393 0.118564 0.881436
10351 nad5 1 34420.899393 0.119098 0.880902
10352 nad5 1 35642.013016 0.119665 0.880335
10353 nad5 1 35642.013016 0.120200 0.879800
10354 nad5 1 35642.013016 0.120734 0.879266
10355 nad5 1 35992.207744 0.121292 0.878708
10356 nad5 1 35992.207744 0.121827 0.878173
10357 nad5 1 35992.207744 0.122361 0.877639
10358 nad5 1 36439.791962 0.122966 0.877034
10359 nad5 1 36439.791962 0.123501 0.876499
10360 nad5 1 36439.791962 0.124035 0.875965
10361 nad5 1 37692.353674 0.125140 0.874860
10362 nad5 1 37692.353674 0.125674 0.874326
10363 nad5 1 37692.353674 0.126207 0.873793
10364 nad5 1 37714.792221 0.126704 0.873296
10365 nad5 1 37714.792221 0.127238 0.872762
10366 nad5 1 37714.792221 0.127772 0.872228
10367 nad5 1 37768.375616 0.128201 0.871799
10368 nad5 1 37768.375616 0.128735 0.871265
10369 nad5 1 37768.375616 0.129269 0.870731
10370 nad5 1 37776.479089 0.129792 0.870208
10371 nad5 1 37776.479089 0.130326 0.869674
10372 nad5 1 37776.479089 0.130860 0.869140
10373 nad5 1 37783.453784 0.131390 0.868610
10374 nad5 1 37783.453784 0.131924 0.868076
10375 nad5 1 37783.453784 0.132458 0.867542
10376 nad5 1 37783.453784 0.132992 0.867008
10377 nad5 1 37783.453784 0.133526 0.866474
10378 nad5 1 37783.453784 0.134060 0.865940
10379 nad5 1 37783.453784 0.134594 0.865406
10380 nad5 1 37783.453784 0.135127 0.864873
10381 nad5 1 37783.453784 0.135661 0.864339
10382 nad5 1 37884.584195 0.136155 0.863845
10383 nad5 1 37884.584195 0.136689 0.863311
10384 nad5 1 37884.584195 0.137223 0.862777
10385 nad5 1 37891.763993 0.137756 0.862244
10386 nad5 1 37891.763993 0.138290 0.861710
10387 nad5 1 37891.763993 0.138824 0.861176
10388 nad5 1 37891.763993 0.139358 0.860642
10389 nad5 1 37891.763993 0.139892 0.860108
10390 nad5 1 37891.763993 0.140425 0.859575
10391 nad5 1 37891.763993 0.140959 0.859041
10392 nad5 1 37891.763993 0.141493 0.858507
10393 nad5 1 37891.763993 0.142027 0.857973
10394 nad5 1 37972.469550 0.142590 0.857410
10395 nad5 1 37972.469550 0.143124 0.856876
10396 nad5 1 37972.469550 0.143658 0.856342
10397 nad5 1 38119.678945 0.144215 0.855785
10398 nad5 1 38119.678945 0.144749 0.855251
10399 nad5 1 38119.678945 0.145282 0.854718
10400 nad5 1 38119.678945 0.145816 0.854184
10401 nad5 1 38119.678945 0.146350 0.853650
10402 nad5 1 38119.678945 0.146884 0.853116
10403 nad5 1 38119.678945 0.147418 0.852582
10404 nad5 1 38119.678945 0.147952 0.852048
10405 nad5 1 38119.678945 0.148485 0.851515
10406 nad5 1 38119.678945 0.149019 0.850981
10407 nad5 1 38119.678945 0.149553 0.850447
10408 nad5 1 38119.678945 0.150087 0.849913
10409 nad5 1 38119.678945 0.150621 0.849379
10410 nad5 1 38119.678945 0.151154 0.848846
10411 nad5 1 38119.678945 0.151688 0.848312
10412 nad5 1 38127.373593 0.152226 0.847774
10413 nad5 1 38127.373593 0.152760 0.847240
10414 nad5 1 38127.373593 0.153293 0.846707
10415 nad5 1 38127.373593 0.153827 0.846173
10416 nad5 1 38127.373593 0.154361 0.845639
10417 nad5 1 38127.373593 0.154895 0.845105
10418 nad5 1 38127.373593 0.155429 0.844571
10419 nad5 1 38127.373593 0.155963 0.844037
10420 nad5 1 38127.373593 0.156496 0.843504
10421 nad5 1 38127.373593 0.157030 0.842970
10422 nad5 1 38127.373593 0.157564 0.842436
10423 nad5 1 38127.373593 0.158098 0.841902
10424 nad5 1 38127.373593 0.158632 0.841368
10425 nad5 1 38127.373593 0.159165 0.840835
10426 nad5 1 38127.373593 0.159699 0.840301
10427 nad5 1 38130.072563 0.160225 0.839775
10428 nad5 1 38130.072563 0.160758 0.839242
10429 nad5 1 38130.072563 0.161292 0.838708
10430 nad5 1 38156.721183 0.161756 0.838244
10431 nad5 1 38156.721183 0.162289 0.837711
10432 nad5 1 38156.721183 0.162823 0.837177
10433 nad5 1 38164.902693 0.163329 0.836671
10434 nad5 1 38164.902693 0.163863 0.836137
10435 nad5 1 38164.902693 0.164397 0.835603
10436 nad5 1 38170.300633 0.164913 0.835087
10437 nad5 1 38170.300633 0.165447 0.834553
10438 nad5 1 38170.300633 0.165981 0.834019
10439 nad5 1 38475.722317 0.166619 0.833381
10440 nad5 1 38475.722317 0.167152 0.832848
10441 nad5 1 38475.722317 0.167686 0.832314
10442 nad5 1 38475.722317 0.168220 0.831780
10443 nad5 1 38475.722317 0.168754 0.831246
10444 nad5 1 38475.722317 0.169288 0.830712
10445 nad5 1 38572.468123 0.169853 0.830147
10446 nad5 1 38572.468123 0.170387 0.829613
10447 nad5 1 38572.468123 0.170921 0.829079
10448 nad5 1 38572.468123 0.171454 0.828546
10449 nad5 1 38572.468123 0.171988 0.828012
10450 nad5 1 38572.468123 0.172522 0.827478
10451 nad5 1 38590.472262 0.173059 0.826941
10452 nad5 1 38590.472262 0.173593 0.826407
10453 nad5 1 38590.472262 0.174127 0.825873
10454 nad5 1 39445.436319 0.174762 0.825238
10455 nad5 1 39445.436319 0.175295 0.824705
10456 nad5 1 39445.436319 0.175829 0.824171
10457 nad5 1 39451.263133 0.176349 0.823651
10458 nad5 1 39451.263133 0.176883 0.823117
10459 nad5 1 39451.263133 0.177417 0.822583
10460 nad5 1 39496.021146 0.177958 0.822042
10461 nad5 1 39496.021146 0.178491 0.821509
10462 nad5 1 39496.021146 0.179025 0.820975
10463 nad5 1 39496.021146 0.179559 0.820441
10464 nad5 1 39496.021146 0.180093 0.819907
10465 nad5 1 39496.021146 0.180626 0.819374
10466 nad5 1 39533.810971 0.181152 0.818848
10467 nad5 1 39533.810971 0.181685 0.818315
10468 nad5 1 39533.810971 0.182219 0.817781
10469 nad5 1 39533.810971 0.182753 0.817247
10470 nad5 1 39533.810971 0.183286 0.816714
10471 nad5 1 39533.810971 0.183820 0.816180
10472 nad5 1 39533.810971 0.184354 0.815646
10473 nad5 1 39533.810971 0.184888 0.815112
10474 nad5 1 39533.810971 0.185421 0.814579
10475 nad5 1 39584.550440 0.185953 0.814047
10476 nad5 1 39584.550440 0.186487 0.813513
10477 nad5 1 39584.550440 0.187021 0.812979
10478 nad5 1 39682.006090 0.187543 0.812457
10479 nad5 1 39682.006090 0.188076 0.811924
10480 nad5 1 39682.006090 0.188610 0.811390
10481 nad5 1 39752.223045 0.189151 0.810849
10482 nad5 1 39752.223045 0.189684 0.810316
10483 nad5 1 39752.223045 0.190218 0.809782
10484 nad5 1 39794.907622 0.190755 0.809245
10485 nad5 1 39794.907622 0.191289 0.808711
10486 nad5 1 39794.907622 0.191823 0.808177
10487 nad5 1 39794.907622 0.192356 0.807644
10488 nad5 1 39794.907622 0.192890 0.807110
10489 nad5 1 39794.907622 0.193424 0.806576
10490 nad5 1 40119.812402 0.193944 0.806056
10491 nad5 1 40119.812402 0.194478 0.805522
10492 nad5 1 40119.812402 0.195011 0.804989
10493 nad5 1 40119.812402 0.195545 0.804455
10494 nad5 1 40119.812402 0.196079 0.803921
10495 nad5 1 40119.812402 0.196613 0.803387
10496 nad5 1 40119.812402 0.197146 0.802854
10497 nad5 1 40119.812402 0.197680 0.802320
10498 nad5 1 40119.812402 0.198214 0.801786
10499 nad5 1 40128.213611 0.198745 0.801255
10500 nad5 1 40128.213611 0.199278 0.800722
10501 nad5 1 40128.213611 0.199812 0.800188
10502 nad5 1 40351.199196 0.200372 0.799628
10503 nad5 1 40351.199196 0.200906 0.799094
10504 nad5 1 40351.199196 0.201439 0.798561
10505 nad5 1 40351.199196 0.201973 0.798027
10506 nad5 1 40351.199196 0.202507 0.797493
10507 nad5 1 40351.199196 0.203041 0.796959
10508 nad5 1 40360.957345 0.203573 0.796427
10509 nad5 1 40360.957345 0.204107 0.795893
10510 nad5 1 40360.957345 0.204641 0.795359
10511 nad5 1 40555.098372 0.205142 0.794858
10512 nad5 1 40555.098372 0.205676 0.794324
10513 nad5 1 40555.098372 0.206210 0.793790
10514 nad5 1 40555.098372 0.206743 0.793257
10515 nad5 1 40555.098372 0.207277 0.792723
10516 nad5 1 40555.098372 0.207811 0.792189
10517 nad5 1 41021.505155 0.208355 0.791645
10518 nad5 1 41021.505155 0.208888 0.791112
10519 nad5 1 41021.505155 0.209422 0.790578
10520 nad5 1 41021.505155 0.209956 0.790044
10521 nad5 1 41021.505155 0.210490 0.789510
10522 nad5 1 41021.505155 0.211023 0.788977
10523 nad5 1 41301.334050 0.211585 0.788415
10524 nad5 1 41301.334050 0.212119 0.787881
10525 nad5 1 41301.334050 0.212653 0.787347
10526 nad5 1 41307.370262 0.213193 0.786807
10527 nad5 1 41307.370262 0.213727 0.786273
10528 nad5 1 41307.370262 0.214260 0.785740
10529 nad5 1 41307.370262 0.214794 0.785206
10530 nad5 1 41307.370262 0.215328 0.784672
10531 nad5 1 41307.370262 0.215862 0.784138
10532 nad5 1 41307.370262 0.216395 0.783605
10533 nad5 1 41307.370262 0.216929 0.783071
10534 nad5 1 41307.370262 0.217463 0.782537
10535 nad5 1 41307.370262 0.217996 0.782004
10536 nad5 1 41307.370262 0.218530 0.781470
10537 nad5 1 41307.370262 0.219064 0.780936
10538 nad5 1 41746.222035 0.219588 0.780412
10539 nad5 1 41746.222035 0.220121 0.779879
10540 nad5 1 41746.222035 0.220655 0.779345
10541 nad5 1 41771.231114 0.221194 0.778806
10542 nad5 1 41771.231114 0.221728 0.778272
10543 nad5 1 41771.231114 0.222261 0.777739
10544 nad5 1 41771.231114 0.222795 0.777205
10545 nad5 1 41771.231114 0.223329 0.776671
10546 nad5 1 41771.231114 0.223863 0.776137
10547 nad5 1 41771.231114 0.224396 0.775604
10548 nad5 1 41771.231114 0.224930 0.775070
10549 nad5 1 41771.231114 0.225464 0.774536
10550 nad5 1 41771.231114 0.225997 0.774003
10551 nad5 1 41771.231114 0.226531 0.773469
10552 nad5 1 41771.231114 0.227065 0.772935
10553 nad5 1 41771.231114 0.227599 0.772401
10554 nad5 1 41771.231114 0.228132 0.771868
10555 nad5 1 41771.231114 0.228666 0.771334
10556 nad5 1 41771.231114 0.229200 0.770800
10557 nad5 1 41771.231114 0.229733 0.770267
10558 nad5 1 41771.231114 0.230267 0.769733
10559 nad5 1 41771.231114 0.230801 0.769199
10560 nad5 1 41771.231114 0.231335 0.768665
10561 nad5 1 41771.231114 0.231868 0.768132
10562 nad5 1 41771.231114 0.232402 0.767598
10563 nad5 1 41771.231114 0.232936 0.767064
10564 nad5 1 41771.231114 0.233469 0.766531
10565 nad5 1 41771.231114 0.234003 0.765997
10566 nad5 1 41771.231114 0.234537 0.765463
10567 nad5 1 41771.231114 0.235071 0.764929
10568 nad5 1 41771.231114 0.235604 0.764396
10569 nad5 1 41771.231114 0.236138 0.763862
10570 nad5 1 41771.231114 0.236672 0.763328
10571 nad5 1 41771.231114 0.237205 0.762795
10572 nad5 1 41771.231114 0.237739 0.762261
10573 nad5 1 41771.231114 0.238273 0.761727
10574 nad5 1 41779.688513 0.238799 0.761201
10575 nad5 1 41779.688513 0.239333 0.760667
10576 nad5 1 41779.688513 0.239866 0.760134
10577 nad5 1 41779.688513 0.240400 0.759600
10578 nad5 1 41779.688513 0.240934 0.759066
10579 nad5 1 41779.688513 0.241467 0.758533
10580 nad5 1 41779.688513 0.242001 0.757999
10581 nad5 1 41779.688513 0.242535 0.757465
10582 nad5 1 41779.688513 0.243069 0.756931
10583 nad5 1 41785.558179 0.243590 0.756410
10584 nad5 1 41785.558179 0.244123 0.755877
10585 nad5 1 41785.558179 0.244657 0.755343
10586 nad5 1 41789.312666 0.245183 0.754817
10587 nad5 1 41789.312666 0.245717 0.754283
10588 nad5 1 41789.312666 0.246250 0.753750
10589 nad5 1 41789.312666 0.246784 0.753216
10590 nad5 1 41789.312666 0.247318 0.752682
10591 nad5 1 41789.312666 0.247851 0.752149
10592 nad5 1 41798.009470 0.248385 0.751615
10593 nad5 1 41798.009470 0.248918 0.751082
10594 nad5 1 41798.009470 0.249452 0.750548
10595 nad5 1 41798.009470 0.249986 0.750014
10596 nad5 1 41798.009470 0.250520 0.749480
10597 nad5 1 41798.009470 0.251053 0.748947
10598 nad5 1 41803.984164 0.251587 0.748413
10599 nad5 1 41803.984164 0.252121 0.747879
10600 nad5 1 41803.984164 0.252655 0.747345
10601 nad5 1 41803.984164 0.253189 0.746811
10602 nad5 1 41803.984164 0.253722 0.746278
10603 nad5 1 41803.984164 0.254256 0.745744
10604 nad5 1 41803.984164 0.254790 0.745210
10605 nad5 1 41803.984164 0.255324 0.744676
10606 nad5 1 41803.984164 0.255857 0.744143
10607 nad5 1 41803.984164 0.256391 0.743609
10608 nad5 1 41803.984164 0.256925 0.743075
10609 nad5 1 41803.984164 0.257458 0.742542
10610 nad5 1 41803.984164 0.257992 0.742008
10611 nad5 1 41803.984164 0.258526 0.741474
10612 nad5 1 41803.984164 0.259060 0.740940
10613 nad5 1 41803.984164 0.259593 0.740407
10614 nad5 1 41803.984164 0.260127 0.739873
10615 nad5 1 41803.984164 0.260661 0.739339
10616 nad5 1 41803.984164 0.261195 0.738805
10617 nad5 1 41803.984164 0.261728 0.738272
10618 nad5 1 41803.984164 0.262262 0.737738
10619 nad5 1 41848.809763 0.262693 0.737307
10620 nad5 1 41848.809763 0.263227 0.736773
10621 nad5 1 41848.809763 0.263761 0.736239
10622 nad5 1 41863.801743 0.264257 0.735743
10623 nad5 1 41863.801743 0.264791 0.735209
10624 nad5 1 41863.801743 0.265325 0.734675
10625 nad5 1 41863.801743 0.265859 0.734141
10626 nad5 1 41863.801743 0.266393 0.733607
10627 nad5 1 41863.801743 0.266926 0.733074
10628 nad5 1 41875.287992 0.267440 0.732560
10629 nad5 1 41875.287992 0.267974 0.732026
10630 nad5 1 41875.287992 0.268508 0.731492
10631 nad5 1 41875.287992 0.269042 0.730958
10632 nad5 1 41875.287992 0.269575 0.730425
10633 nad5 1 41875.287992 0.270109 0.729891
10634 nad5 1 41875.287992 0.270643 0.729357
10635 nad5 1 41875.287992 0.271177 0.728823
10636 nad5 1 41875.287992 0.271711 0.728289
10637 nad5 1 41890.416525 0.272213 0.727787
10638 nad5 1 41890.416525 0.272746 0.727254
10639 nad5 1 41890.416525 0.273280 0.726720
10640 nad5 1 41890.416525 0.273814 0.726186
10641 nad5 1 41890.416525 0.274348 0.725652
10642 nad5 1 41890.416525 0.274882 0.725118
10643 nad5 1 41890.416525 0.275416 0.724584
10644 nad5 1 41890.416525 0.275950 0.724050
10645 nad5 1 41890.416525 0.276483 0.723517
10646 nad5 1 41890.416525 0.277017 0.722983
10647 nad5 1 41890.416525 0.277551 0.722449
10648 nad5 1 41890.416525 0.278085 0.721915
10649 nad5 1 41890.416525 0.278619 0.721381
10650 nad5 1 41890.416525 0.279153 0.720847
10651 nad5 1 41890.416525 0.279687 0.720313
10652 nad5 1 41890.416525 0.280220 0.719780
10653 nad5 1 41890.416525 0.280754 0.719246
10654 nad5 1 41890.416525 0.281288 0.718712
10655 nad5 1 41890.416525 0.281822 0.718178
10656 nad5 1 41890.416525 0.282356 0.717644
10657 nad5 1 41890.416525 0.282890 0.717110
10658 nad5 1 41890.416525 0.283424 0.716576
10659 nad5 1 41890.416525 0.283957 0.716043
10660 nad5 1 41890.416525 0.284491 0.715509
10661 nad5 1 41890.416525 0.285025 0.714975
10662 nad5 1 41890.416525 0.285559 0.714441
10663 nad5 1 41890.416525 0.286093 0.713907
10664 nad5 1 41890.416525 0.286627 0.713373
10665 nad5 1 41890.416525 0.287161 0.712839
10666 nad5 1 41890.416525 0.287695 0.712305
10667 nad5 1 41890.416525 0.288228 0.711772
10668 nad5 1 41890.416525 0.288762 0.711238
10669 nad5 1 41890.416525 0.289296 0.710704
10670 nad5 1 41890.416525 0.289830 0.710170
10671 nad5 1 41890.416525 0.290364 0.709636
10672 nad5 1 41890.416525 0.290898 0.709102
10673 nad5 1 41890.416525 0.291432 0.708568
10674 nad5 1 41890.416525 0.291965 0.708035
10675 nad5 1 41890.416525 0.292499 0.707501
10676 nad5 1 41890.416525 0.293033 0.706967
10677 nad5 1 41890.416525 0.293567 0.706433
10678 nad5 1 41890.416525 0.294101 0.705899
10679 nad5 1 41890.416525 0.294635 0.705365
10680 nad5 1 41890.416525 0.295169 0.704831
10681 nad5 1 41890.416525 0.295702 0.704298
10682 nad5 1 41890.416525 0.296236 0.703764
10683 nad5 1 41890.416525 0.296770 0.703230
10684 nad5 1 41890.416525 0.297304 0.702696
10685 nad5 1 41890.416525 0.297838 0.702162
10686 nad5 1 41890.416525 0.298372 0.701628
10687 nad5 1 41890.416525 0.298906 0.701094
10688 nad5 1 41890.416525 0.299439 0.700561
10689 nad5 1 41890.416525 0.299973 0.700027
10690 nad5 1 41890.416525 0.300507 0.699493
10691 nad5 1 41895.240433 0.301009 0.698991
10692 nad5 1 41895.240433 0.301543 0.698457
10693 nad5 1 41895.240433 0.302077 0.697923
10694 nad5 1 41895.240433 0.302611 0.697389
10695 nad5 1 41895.240433 0.303145 0.696855
10696 nad5 1 41895.240433 0.303679 0.696321
10697 nad5 1 41895.240433 0.304213 0.695787
10698 nad5 1 41895.240433 0.304747 0.695253
10699 nad5 1 41895.240433 0.305280 0.694720
10700 nad5 1 41895.240433 0.305814 0.694186
10701 nad5 1 41895.240433 0.306348 0.693652
10702 nad5 1 41895.240433 0.306882 0.693118
10703 nad5 1 41895.240433 0.307416 0.692584
10704 nad5 1 41895.240433 0.307950 0.692050
10705 nad5 1 41895.240433 0.308484 0.691516
10706 nad5 1 41895.240433 0.309018 0.690982
10707 nad5 1 41895.240433 0.309552 0.690448
10708 nad5 1 41895.240433 0.310086 0.689914
10709 nad5 1 41895.240433 0.310619 0.689381
10710 nad5 1 41895.240433 0.311153 0.688847
10711 nad5 1 41895.240433 0.311687 0.688313
10712 nad5 1 41895.240433 0.312221 0.687779
10713 nad5 1 41895.240433 0.312755 0.687245
10714 nad5 1 41895.240433 0.313289 0.686711
10715 nad5 1 41895.240433 0.313823 0.686177
10716 nad5 1 41895.240433 0.314357 0.685643
10717 nad5 1 41895.240433 0.314891 0.685109
10718 nad5 1 41895.240433 0.315425 0.684575
10719 nad5 1 41895.240433 0.315958 0.684042
10720 nad5 1 41895.240433 0.316492 0.683508
10721 nad5 1 41895.240433 0.317026 0.682974
10722 nad5 1 41895.240433 0.317560 0.682440
10723 nad5 1 41895.240433 0.318094 0.681906
10724 nad5 1 41895.240433 0.318628 0.681372
10725 nad5 1 41895.240433 0.319162 0.680838
10726 nad5 1 41895.240433 0.319696 0.680304
10727 nad5 1 41895.240433 0.320230 0.679770
10728 nad5 1 41895.240433 0.320764 0.679236
10729 nad5 1 41895.240433 0.321297 0.678703
10730 nad5 1 41895.240433 0.321831 0.678169
10731 nad5 1 41895.240433 0.322365 0.677635
10732 nad5 1 41895.240433 0.322899 0.677101
10733 nad5 1 41897.763312 0.323424 0.676576
10734 nad5 1 41897.763312 0.323958 0.676042
10735 nad5 1 41897.763312 0.324492 0.675508
10736 nad5 1 41897.763312 0.325026 0.674974
10737 nad5 1 41897.763312 0.325560 0.674440
10738 nad5 1 41897.763312 0.326094 0.673906
10739 nad5 1 41897.763312 0.326627 0.673373
10740 nad5 1 41897.763312 0.327161 0.672839
10741 nad5 1 41897.763312 0.327695 0.672305
10742 nad5 1 41897.763312 0.328229 0.671771
10743 nad5 1 41897.763312 0.328763 0.671237
10744 nad5 1 41897.763312 0.329297 0.670703
10745 nad5 1 41897.763312 0.329831 0.670169
10746 nad5 1 41897.763312 0.330365 0.669635
10747 nad5 1 41897.763312 0.330899 0.669101
10748 nad5 1 41897.763312 0.331433 0.668567
10749 nad5 1 41897.763312 0.331967 0.668033
10750 nad5 1 41897.763312 0.332501 0.667499
10751 nad5 1 41897.763312 0.333035 0.666965
10752 nad5 1 41897.763312 0.333569 0.666431
10753 nad5 1 41897.763312 0.334103 0.665897
10754 nad5 1 41897.763312 0.334637 0.665363
10755 nad5 1 41897.763312 0.335170 0.664830
10756 nad5 1 41897.763312 0.335704 0.664296
10757 nad5 1 41904.520274 0.336229 0.663771
10758 nad5 1 41904.520274 0.336763 0.663237
10759 nad5 1 41904.520274 0.337297 0.662703
10760 nad5 1 41919.185392 0.337808 0.662192
10761 nad5 1 41919.185392 0.338342 0.661658
10762 nad5 1 41919.185392 0.338876 0.661124
10763 nad5 1 41919.185392 0.339410 0.660590
10764 nad5 1 41919.185392 0.339944 0.660056
10765 nad5 1 41919.185392 0.340478 0.659522
10766 nad5 1 41919.185392 0.341012 0.658988
10767 nad5 1 41919.185392 0.341546 0.658454
10768 nad5 1 41919.185392 0.342080 0.657920
10769 nad5 1 41921.407241 0.342595 0.657405
10770 nad5 1 41921.407241 0.343129 0.656871
10771 nad5 1 41921.407241 0.343663 0.656337
10772 nad5 1 41921.407241 0.344197 0.655803
10773 nad5 1 41921.407241 0.344731 0.655269
10774 nad5 1 41921.407241 0.345265 0.654735
10775 nad5 1 41928.475783 0.345781 0.654219
10776 nad5 1 41928.475783 0.346315 0.653685
10777 nad5 1 41928.475783 0.346849 0.653151
10778 nad5 1 41928.475783 0.347383 0.652617
10779 nad5 1 41928.475783 0.347917 0.652083
10780 nad5 1 41928.475783 0.348451 0.651549
10781 nad5 1 41928.475783 0.348985 0.651015
10782 nad5 1 41928.475783 0.349519 0.650481
10783 nad5 1 41928.475783 0.350053 0.649947
10784 nad5 1 41928.475783 0.350587 0.649413
10785 nad5 1 41928.475783 0.351121 0.648879
10786 nad5 1 41928.475783 0.351655 0.648345
10787 nad5 1 41928.475783 0.352189 0.647811
10788 nad5 1 41928.475783 0.352723 0.647277
10789 nad5 1 41928.475783 0.353257 0.646743
10790 nad5 1 41928.475783 0.353791 0.646209
10791 nad5 1 41928.475783 0.354325 0.645675
10792 nad5 1 41928.475783 0.354859 0.645141
10793 nad5 1 41928.475783 0.355393 0.644607
10794 nad5 1 41928.475783 0.355927 0.644073
10795 nad5 1 41928.475783 0.356461 0.643539
10796 nad5 1 41942.957711 0.356963 0.643037
10797 nad5 1 41942.957711 0.357497 0.642503
10798 nad5 1 41942.957711 0.358031 0.641969
10799 nad5 1 41942.957711 0.358565 0.641435
10800 nad5 1 41942.957711 0.359099 0.640901
10801 nad5 1 41942.957711 0.359633 0.640367
10802 nad5 1 41948.034467 0.360155 0.639845
10803 nad5 1 41948.034467 0.360689 0.639311
10804 nad5 1 41948.034467 0.361224 0.638776
10805 nad5 1 41948.034467 0.361758 0.638242
10806 nad5 1 41948.034467 0.362292 0.637708
10807 nad5 1 41948.034467 0.362826 0.637174
10808 nad5 1 41948.034467 0.363360 0.636640
10809 nad5 1 41948.034467 0.363894 0.636106
10810 nad5 1 41948.034467 0.364428 0.635572
10811 nad5 1 41948.034467 0.364962 0.635038
10812 nad5 1 41948.034467 0.365496 0.634504
10813 nad5 1 41948.034467 0.366030 0.633970
10814 nad5 1 41948.034467 0.366564 0.633436
10815 nad5 1 41948.034467 0.367098 0.632902
10816 nad5 1 41948.034467 0.367632 0.632368
10817 nad5 1 41948.034467 0.368167 0.631833
10818 nad5 1 41948.034467 0.368701 0.631299
10819 nad5 1 41948.034467 0.369235 0.630765
10820 nad5 1 41948.034467 0.369769 0.630231
10821 nad5 1 41948.034467 0.370303 0.629697
10822 nad5 1 41948.034467 0.370837 0.629163
10823 nad5 1 41972.763567 0.371338 0.628662
10824 nad5 1 41972.763567 0.371872 0.628128
10825 nad5 1 41972.763567 0.372407 0.627593
10826 nad5 1 41972.763567 0.372941 0.627059
10827 nad5 1 41972.763567 0.373475 0.626525
10828 nad5 1 41972.763567 0.374009 0.625991
10829 nad5 1 41972.763567 0.374543 0.625457
10830 nad5 1 41972.763567 0.375077 0.624923
10831 nad5 1 41972.763567 0.375612 0.624388
10832 nad5 1 41972.763567 0.376146 0.623854
10833 nad5 1 41972.763567 0.376680 0.623320
10834 nad5 1 41972.763567 0.377214 0.622786
10835 nad5 1 41974.985416 0.377743 0.622257
10836 nad5 1 41974.985416 0.378277 0.621723
10837 nad5 1 41974.985416 0.378812 0.621188
10838 nad5 1 41974.985416 0.379346 0.620654
10839 nad5 1 41974.985416 0.379880 0.620120
10840 nad5 1 41974.985416 0.380414 0.619586
10841 nad5 1 41980.318898 0.380947 0.619053
10842 nad5 1 41980.318898 0.381481 0.618519
10843 nad5 1 41980.318898 0.382015 0.617985
10844 nad5 1 41980.318898 0.382550 0.617450
10845 nad5 1 41980.318898 0.383084 0.616916
10846 nad5 1 41980.318898 0.383618 0.616382
10847 nad5 1 41980.318898 0.384152 0.615848
10848 nad5 1 41980.318898 0.384686 0.615314
10849 nad5 1 41980.318898 0.385220 0.614780
10850 nad5 1 42065.275943 0.385529 0.614471
10851 nad5 1 42065.275943 0.386063 0.613937
10852 nad5 1 42065.275943 0.386597 0.613403
10853 nad5 1 42065.275943 0.387132 0.612868
10854 nad5 1 42065.275943 0.387666 0.612334
10855 nad5 1 42065.275943 0.388201 0.611799
10856 nad5 1 42065.275943 0.388735 0.611265
10857 nad5 1 42065.275943 0.389270 0.610730
10858 nad5 1 42065.275943 0.389804 0.610196
10859 nad5 1 42065.275943 0.390338 0.609662
10860 nad5 1 42065.275943 0.390873 0.609127
10861 nad5 1 42065.275943 0.391407 0.608593
10862 nad5 1 42065.275943 0.391942 0.608058
10863 nad5 1 42065.275943 0.392476 0.607524
10864 nad5 1 42065.275943 0.393010 0.606990
10865 nad5 1 42065.275943 0.393545 0.606455
10866 nad5 1 42065.275943 0.394079 0.605921
10867 nad5 1 42065.275943 0.394614 0.605386
10868 nad5 1 42065.275943 0.395148 0.604852
10869 nad5 1 42065.275943 0.395682 0.604318
10870 nad5 1 42065.275943 0.396217 0.603783
10871 nad5 1 42065.275943 0.396751 0.603249
10872 nad5 1 42065.275943 0.397286 0.602714
10873 nad5 1 42065.275943 0.397820 0.602180
10874 nad5 1 42065.275943 0.398355 0.601645
10875 nad5 1 42065.275943 0.398889 0.601111
10876 nad5 1 42065.275943 0.399423 0.600577
10877 nad5 1 42065.275943 0.399958 0.600042
10878 nad5 1 42065.275943 0.400492 0.599508
10879 nad5 1 42065.275943 0.401027 0.598973
10880 nad5 1 42065.275943 0.401561 0.598439
10881 nad5 1 42065.275943 0.402095 0.597905
10882 nad5 1 42065.275943 0.402630 0.597370
10883 nad5 1 42065.275943 0.403164 0.596836
10884 nad5 1 42065.275943 0.403699 0.596301
10885 nad5 1 42065.275943 0.404233 0.595767
10886 nad5 1 42065.275943 0.404767 0.595233
10887 nad5 1 42065.275943 0.405302 0.594698
10888 nad5 1 42065.275943 0.405836 0.594164
10889 nad5 1 42065.275943 0.406371 0.593629
10890 nad5 1 42065.275943 0.406905 0.593095
10891 nad5 1 42065.275943 0.407439 0.592561
10892 nad5 1 42065.275943 0.407974 0.592026
10893 nad5 1 42065.275943 0.408508 0.591492
10894 nad5 1 42065.275943 0.409043 0.590957
10895 nad5 1 42065.275943 0.409577 0.590423
10896 nad5 1 42065.275943 0.410112 0.589888
10897 nad5 1 42065.275943 0.410646 0.589354
10898 nad5 1 42065.275943 0.411180 0.588820
10899 nad5 1 42065.275943 0.411715 0.588285
10900 nad5 1 42065.275943 0.412249 0.587751
10901 nad5 1 42065.275943 0.412784 0.587216
10902 nad5 1 42065.275943 0.413318 0.586682
10903 nad5 1 42065.275943 0.413852 0.586148
10904 nad5 1 42065.275943 0.414387 0.585613
10905 nad5 1 42065.275943 0.414921 0.585079
10906 nad5 1 42065.275943 0.415456 0.584544
10907 nad5 1 42065.275943 0.415990 0.584010
10908 nad5 1 42065.275943 0.416524 0.583476
10909 nad5 1 42065.275943 0.417059 0.582941
10910 nad5 1 42065.275943 0.417593 0.582407
10911 nad5 1 42065.275943 0.418128 0.581872
10912 nad5 1 42065.275943 0.418662 0.581338
10913 nad5 1 42065.275943 0.419197 0.580803
10914 nad5 1 42065.275943 0.419731 0.580269
10915 nad5 1 42065.275943 0.420265 0.579735
10916 nad5 1 42065.275943 0.420800 0.579200
10917 nad5 1 42065.275943 0.421334 0.578666
10918 nad5 1 42065.275943 0.421869 0.578131
10919 nad5 1 42065.275943 0.422403 0.577597
10920 nad5 1 42065.275943 0.422937 0.577063
10921 nad5 1 42065.275943 0.423472 0.576528
10922 nad5 1 42065.275943 0.424006 0.575994
10923 nad5 1 42065.275943 0.424541 0.575459
10924 nad5 1 42065.275943 0.425075 0.574925
10925 nad5 1 42065.275943 0.425609 0.574391
10926 nad5 1 42065.275943 0.426144 0.573856
10927 nad5 1 42065.275943 0.426678 0.573322
10928 nad5 1 42065.275943 0.427213 0.572787
10929 nad5 1 42065.275943 0.427747 0.572253
10930 nad5 1 42065.275943 0.428282 0.571718
10931 nad5 1 42065.275943 0.428816 0.571184
10932 nad5 1 42065.275943 0.429350 0.570650
10933 nad5 1 42065.275943 0.429885 0.570115
10934 nad5 1 42065.275943 0.430419 0.569581
10935 nad5 1 42065.275943 0.430954 0.569046
10936 nad5 1 42065.275943 0.431488 0.568512
10937 nad5 1 42065.275943 0.432022 0.567978
10938 nad5 1 42065.275943 0.432557 0.567443
10939 nad5 1 42065.275943 0.433091 0.566909
10940 nad5 1 42065.275943 0.433626 0.566374
10941 nad5 1 42065.275943 0.434160 0.565840
10942 nad5 1 42065.275943 0.434694 0.565306
10943 nad5 1 42065.275943 0.435229 0.564771
10944 nad5 1 42065.275943 0.435763 0.564237
10945 nad5 1 42065.275943 0.436298 0.563702
10946 nad5 1 42065.275943 0.436832 0.563168
10947 nad5 1 42065.275943 0.437367 0.562633
10948 nad5 1 42065.275943 0.437901 0.562099
10949 nad5 1 42065.275943 0.438435 0.561565
10950 nad5 1 42065.275943 0.438970 0.561030
10951 nad5 1 42065.275943 0.439504 0.560496
10952 nad5 1 42065.275943 0.440039 0.559961
10953 nad5 1 42065.275943 0.440573 0.559427
10954 nad5 1 42065.275943 0.441107 0.558893
10955 nad5 1 42065.275943 0.441642 0.558358
10956 nad5 1 42065.275943 0.442176 0.557824
10957 nad5 1 42065.275943 0.442711 0.557289
10958 nad5 1 42065.275943 0.443245 0.556755
10959 nad5 1 42065.275943 0.443779 0.556221
10960 nad5 1 42065.275943 0.444314 0.555686
10961 nad5 1 42065.275943 0.444848 0.555152
10962 nad5 1 42065.275943 0.445383 0.554617
10963 nad5 1 42065.275943 0.445917 0.554083
10964 nad5 1 42065.275943 0.446452 0.553548
10965 nad5 1 42065.275943 0.446986 0.553014
10966 nad5 1 42065.275943 0.447520 0.552480
10967 nad5 1 42065.275943 0.448055 0.551945
10968 nad5 1 42065.275943 0.448589 0.551411
10969 nad5 1 42065.275943 0.449124 0.550876
10970 nad5 1 42065.275943 0.449658 0.550342
10971 nad5 1 42065.275943 0.450192 0.549808
10972 nad5 1 42065.275943 0.450727 0.549273
10973 nad5 1 42065.275943 0.451261 0.548739
10974 nad5 1 42065.275943 0.451796 0.548204
10975 nad5 1 42065.275943 0.452330 0.547670
10976 nad5 1 42065.275943 0.452864 0.547136
10977 nad5 1 42065.275943 0.453399 0.546601
10978 nad5 1 42065.275943 0.453933 0.546067
10979 nad5 1 42065.275943 0.454468 0.545532
10980 nad5 1 42065.275943 0.455002 0.544998
10981 nad5 1 42065.275943 0.455536 0.544464
10982 nad5 1 42065.275943 0.456071 0.543929
10983 nad5 1 42065.275943 0.456605 0.543395
10984 nad5 1 42065.275943 0.457140 0.542860
10985 nad5 1 42065.275943 0.457674 0.542326
10986 nad5 1 42065.275943 0.458209 0.541791
10987 nad5 1 42065.275943 0.458743 0.541257
10988 nad5 1 42065.275943 0.459277 0.540723
10989 nad5 1 42065.275943 0.459812 0.540188
10990 nad5 1 42065.275943 0.460346 0.539654
10991 nad5 1 42065.275943 0.460881 0.539119
10992 nad5 1 42065.275943 0.461415 0.538585
10993 nad5 1 42065.275943 0.461949 0.538051
10994 nad5 1 42065.275943 0.462484 0.537516
10995 nad5 1 42065.275943 0.463018 0.536982
10996 nad5 1 42065.275943 0.463553 0.536447
10997 nad5 1 42065.275943 0.464087 0.535913
10998 nad5 1 42065.275943 0.464621 0.535379
10999 nad5 1 42065.275943 0.465156 0.534844
11000 nad5 1 42065.275943 0.465690 0.534310
11001 nad5 1 42065.275943 0.466225 0.533775
11002 nad5 1 42065.275943 0.466759 0.533241
11003 nad5 1 42065.275943 0.467294 0.532706
11004 nad5 1 42065.275943 0.467828 0.532172
11005 nad5 1 42065.275943 0.468362 0.531638
11006 nad5 1 42065.275943 0.468897 0.531103
11007 nad5 1 42065.275943 0.469431 0.530569
11008 nad5 1 42065.275943 0.469966 0.530034
11009 nad5 1 42065.275943 0.470500 0.529500
11010 nad5 1 42065.275943 0.471034 0.528966
11011 nad5 1 42065.275943 0.471569 0.528431
11012 nad5 1 42065.275943 0.472103 0.527897
11013 nad5 1 42065.275943 0.472638 0.527362
11014 nad5 1 42065.275943 0.473172 0.526828
11015 nad5 1 42065.275943 0.473706 0.526294
11016 nad5 1 42065.275943 0.474241 0.525759
11017 nad5 1 42065.275943 0.474775 0.525225
11018 nad5 1 42065.275943 0.475310 0.524690
11019 nad5 1 42065.275943 0.475844 0.524156
11020 nad5 1 42065.275943 0.476379 0.523621
11021 nad5 1 42065.275943 0.476913 0.523087
11022 nad5 1 42065.275943 0.477447 0.522553
11023 nad5 1 42065.275943 0.477982 0.522018
11024 nad5 1 42065.275943 0.478516 0.521484
11025 nad5 1 42065.275943 0.479051 0.520949
11026 nad5 1 42065.275943 0.479585 0.520415
11027 nad5 1 42065.275943 0.480119 0.519881
11028 nad5 1 42065.275943 0.480654 0.519346
11029 nad5 1 42065.275943 0.481188 0.518812
11030 nad5 1 42065.275943 0.481723 0.518277
11031 nad5 1 42065.275943 0.482257 0.517743
11032 nad5 1 42065.275943 0.482791 0.517209
11033 nad5 1 42065.275943 0.483326 0.516674
11034 nad5 1 42065.275943 0.483860 0.516140
11035 nad5 1 42065.275943 0.484395 0.515605
11036 nad5 1 42065.275943 0.484929 0.515071
11037 nad5 1 42065.275943 0.485464 0.514536
11038 nad5 1 42065.275943 0.485998 0.514002
11039 nad5 1 42065.275943 0.486532 0.513468
11040 nad5 1 42065.275943 0.487067 0.512933
11041 nad5 1 42065.275943 0.487601 0.512399
11042 nad5 1 42065.275943 0.488136 0.511864
11043 nad5 1 42065.275943 0.488670 0.511330
11044 nad5 1 42065.275943 0.489204 0.510796
11045 nad5 1 42065.275943 0.489739 0.510261
11046 nad5 1 42065.275943 0.490273 0.509727
11047 nad5 1 42065.275943 0.490808 0.509192
11048 nad5 1 42065.275943 0.491342 0.508658
11049 nad5 1 42065.275943 0.491876 0.508124
11050 nad5 1 42065.275943 0.492411 0.507589
11051 nad5 1 42065.275943 0.492945 0.507055
11052 nad5 1 42065.275943 0.493480 0.506520
11053 nad5 1 42065.275943 0.494014 0.505986
11054 nad5 1 42065.275943 0.494548 0.505452
11055 nad5 1 42065.275943 0.495083 0.504917
11056 nad5 1 42065.275943 0.495617 0.504383
11057 nad5 1 42065.275943 0.496152 0.503848
11058 nad5 1 42065.275943 0.496686 0.503314
11059 nad5 1 42065.275943 0.497221 0.502779
11060 nad5 1 42065.275943 0.497755 0.502245
11061 nad5 1 42065.275943 0.498289 0.501711
11062 nad5 1 42065.275943 0.498824 0.501176
11063 nad5 1 42065.275943 0.499358 0.500642
11064 nad5 1 42065.275943 0.499893 0.500107
11065 nad5 1 42065.275943 0.500427 0.499573
11066 nad5 1 42065.275943 0.500961 0.499039
11067 nad5 1 42065.275943 0.501496 0.498504
11068 nad5 1 42065.275943 0.502030 0.497970
11069 nad5 1 42065.275943 0.502565 0.497435
11070 nad5 1 42065.275943 0.503099 0.496901
11071 nad5 1 42065.275943 0.503633 0.496367
11072 nad5 1 42065.275943 0.504168 0.495832
11073 nad5 1 42065.275943 0.504702 0.495298
11074 nad5 1 42065.275943 0.505237 0.494763
11075 nad5 1 42065.275943 0.505771 0.494229
11076 nad5 1 42065.275943 0.506306 0.493694
11077 nad5 1 42065.275943 0.506840 0.493160
11078 nad5 1 42065.275943 0.507374 0.492626
11079 nad5 1 42065.275943 0.507909 0.492091
11080 nad5 1 42065.275943 0.508443 0.491557
11081 nad5 1 42065.275943 0.508978 0.491022
11082 nad5 1 42065.275943 0.509512 0.490488
11083 nad5 1 42065.275943 0.510046 0.489954
11084 nad5 1 42065.275943 0.510581 0.489419
11085 nad5 1 42065.275943 0.511115 0.488885
11086 nad5 1 42065.275943 0.511650 0.488350
11087 nad5 1 42065.275943 0.512184 0.487816
11088 nad5 1 42065.275943 0.512718 0.487282
11089 nad5 1 42065.275943 0.513253 0.486747
11090 nad5 1 42065.275943 0.513787 0.486213
11091 nad5 1 42065.275943 0.514322 0.485678
11092 nad5 1 42065.275943 0.514856 0.485144
11093 nad5 1 42062.878002 0.515393 0.484607
11094 nad5 1 42062.878002 0.515927 0.484073
11095 nad5 1 42062.878002 0.516462 0.483538
11096 nad5 1 42062.878002 0.516996 0.483004
11097 nad5 1 42062.878002 0.517531 0.482469
11098 nad5 1 42062.878002 0.518065 0.481935
11099 nad5 1 42062.878002 0.518599 0.481401
11100 nad5 1 42062.878002 0.519134 0.480866
11101 nad5 1 42062.878002 0.519668 0.480332
11102 nad5 1 42051.447458 0.520200 0.479800
11103 nad5 1 42051.447458 0.520734 0.479266
11104 nad5 1 42051.447458 0.521269 0.478731
11105 nad5 1 42044.908356 0.521807 0.478193
11106 nad5 1 42044.908356 0.522341 0.477659
11107 nad5 1 42044.908356 0.522875 0.477125
11108 nad5 1 42018.263067 0.523398 0.476602
11109 nad5 1 42018.263067 0.523932 0.476068
11110 nad5 1 42018.263067 0.524467 0.475533
11111 nad5 1 41997.590535 0.525002 0.474998
11112 nad5 1 41997.590535 0.525537 0.474463
11113 nad5 1 41997.590535 0.526071 0.473929
11114 nad5 1 41997.590535 0.526605 0.473395
11115 nad5 1 41997.590535 0.527140 0.472860
11116 nad5 1 41997.590535 0.527674 0.472326
11117 nad5 1 41993.619918 0.528210 0.471790
11118 nad5 1 41993.619918 0.528745 0.471255
11119 nad5 1 41993.619918 0.529279 0.470721
11120 nad5 1 41985.954372 0.529813 0.470187
11121 nad5 1 41985.954372 0.530347 0.469653
11122 nad5 1 41985.954372 0.530882 0.469118
11123 nad5 1 41985.954372 0.531416 0.468584
11124 nad5 1 41985.954372 0.531950 0.468050
11125 nad5 1 41985.954372 0.532485 0.467515
11126 nad5 1 39688.503994 0.532962 0.467038
11127 nad5 1 39688.503994 0.533496 0.466504
11128 nad5 1 39688.503994 0.534031 0.465969
11129 nad5 1 39563.898150 0.534577 0.465423
11130 nad5 1 39563.898150 0.535111 0.464889
11131 nad5 1 39563.898150 0.535646 0.464354
11132 nad5 1 39563.898150 0.536181 0.463819
11133 nad5 1 39563.898150 0.536715 0.463285
11134 nad5 1 39563.898150 0.537250 0.462750
11135 nad5 1 39563.898150 0.537785 0.462215
11136 nad5 1 39563.898150 0.538319 0.461681
11137 nad5 1 39563.898150 0.538854 0.461146
11138 nad5 1 39563.898150 0.539388 0.460612
11139 nad5 1 39563.898150 0.539923 0.460077
11140 nad5 1 39563.898150 0.540458 0.459542
11141 nad5 1 39563.898150 0.540992 0.459008
11142 nad5 1 39563.898150 0.541527 0.458473
11143 nad5 1 39563.898150 0.542062 0.457938
11144 nad5 1 39563.898150 0.542596 0.457404
11145 nad5 1 39563.898150 0.543131 0.456869
11146 nad5 1 39563.898150 0.543665 0.456335
11147 nad5 1 39563.898150 0.544200 0.455800
11148 nad5 1 39563.898150 0.544735 0.455265
11149 nad5 1 39563.898150 0.545269 0.454731
11150 nad5 1 39563.898150 0.545804 0.454196
11151 nad5 1 39563.898150 0.546339 0.453661
11152 nad5 1 39563.898150 0.546873 0.453127
11153 nad5 1 39563.898150 0.547408 0.452592
11154 nad5 1 39563.898150 0.547942 0.452058
11155 nad5 1 39563.898150 0.548477 0.451523
11156 nad5 1 39563.898150 0.549012 0.450988
11157 nad5 1 39563.898150 0.549546 0.450454
11158 nad5 1 39563.898150 0.550081 0.449919
11159 nad5 1 39563.898150 0.550615 0.449385
11160 nad5 1 39563.898150 0.551150 0.448850
11161 nad5 1 39563.898150 0.551685 0.448315
11162 nad5 1 39563.898150 0.552219 0.447781
11163 nad5 1 39563.898150 0.552754 0.447246
11164 nad5 1 39563.898150 0.553289 0.446711
11165 nad5 1 39563.898150 0.553823 0.446177
11166 nad5 1 39563.898150 0.554358 0.445642
11167 nad5 1 39563.898150 0.554892 0.445108
11168 nad5 1 39563.898150 0.555427 0.444573
11169 nad5 1 39563.898150 0.555962 0.444038
11170 nad5 1 39563.898150 0.556496 0.443504
11171 nad5 1 39563.898150 0.557031 0.442969
11172 nad5 1 39563.898150 0.557566 0.442434
11173 nad5 1 39563.898150 0.558100 0.441900
11174 nad5 1 39563.898150 0.558635 0.441365
11175 nad5 1 39563.898150 0.559169 0.440831
11176 nad5 1 39563.898150 0.559704 0.440296
11177 nad5 1 39563.898150 0.560239 0.439761
11178 nad5 1 39563.898150 0.560773 0.439227
11179 nad5 1 39563.898150 0.561308 0.438692
11180 nad5 1 39563.898150 0.561843 0.438157
11181 nad5 1 39563.898150 0.562377 0.437623
11182 nad5 1 39563.898150 0.562912 0.437088
11183 nad5 1 39560.158222 0.563443 0.436557
11184 nad5 1 39560.158222 0.563978 0.436022
11185 nad5 1 39560.158222 0.564513 0.435487
11186 nad5 1 39560.158222 0.565047 0.434953
11187 nad5 1 39560.158222 0.565582 0.434418
11188 nad5 1 39560.158222 0.566116 0.433884
11189 nad5 1 39508.818390 0.566672 0.433328
11190 nad5 1 39508.818390 0.567206 0.432794
11191 nad5 1 39508.818390 0.567741 0.432259
11192 nad5 1 39508.818390 0.568276 0.431724
11193 nad5 1 39508.818390 0.568810 0.431190
11194 nad5 1 39508.818390 0.569345 0.430655
11195 nad5 1 39508.818390 0.569879 0.430121
11196 nad5 1 39508.818390 0.570414 0.429586
11197 nad5 1 39508.818390 0.570948 0.429052
11198 nad5 1 39480.242251 0.571513 0.428487
11199 nad5 1 39480.242251 0.572047 0.427953
11200 nad5 1 39480.242251 0.572582 0.427418
11201 nad5 1 39475.242251 0.573126 0.426874
11202 nad5 1 39475.242251 0.573661 0.426339
11203 nad5 1 39475.242251 0.574195 0.425805
11204 nad5 1 39373.552671 0.574769 0.425231
11205 nad5 1 39373.552671 0.575303 0.424697
11206 nad5 1 39373.552671 0.575838 0.424162
11207 nad5 1 39373.552671 0.576372 0.423628
11208 nad5 1 39373.552671 0.576907 0.423093
11209 nad5 1 39373.552671 0.577441 0.422559
11210 nad5 1 39373.552671 0.577976 0.422024
11211 nad5 1 39373.552671 0.578510 0.421490
11212 nad5 1 39373.552671 0.579044 0.420956
11213 nad5 1 39373.552671 0.579579 0.420421
11214 nad5 1 39373.552671 0.580113 0.419887
11215 nad5 1 39373.552671 0.580648 0.419352
11216 nad5 1 39356.506598 0.581187 0.418813
11217 nad5 1 39356.506598 0.581722 0.418278
11218 nad5 1 39356.506598 0.582256 0.417744
11219 nad5 1 39356.506598 0.582790 0.417210
11220 nad5 1 39356.506598 0.583325 0.416675
11221 nad5 1 39356.506598 0.583859 0.416141
11222 nad5 1 39353.983719 0.584400 0.415600
11223 nad5 1 39353.983719 0.584935 0.415065
11224 nad5 1 39353.983719 0.585469 0.414531
11225 nad5 1 39347.989757 0.586015 0.413985
11226 nad5 1 39347.989757 0.586549 0.413451
11227 nad5 1 39347.989757 0.587084 0.412916
11228 nad5 1 39334.064179 0.587617 0.412383
11229 nad5 1 39334.064179 0.588151 0.411849
11230 nad5 1 39334.064179 0.588685 0.411315
11231 nad5 1 39283.030946 0.589214 0.410786
11232 nad5 1 39283.030946 0.589748 0.410252
11233 nad5 1 39283.030946 0.590283 0.409717
11234 nad5 1 39280.809097 0.590817 0.409183
11235 nad5 1 39280.809097 0.591351 0.408649
11236 nad5 1 39280.809097 0.591886 0.408114
11237 nad5 1 39280.809097 0.592420 0.407580
11238 nad5 1 39280.809097 0.592954 0.407046
11239 nad5 1 39280.809097 0.593489 0.406511
11240 nad5 1 39280.809097 0.594023 0.405977
11241 nad5 1 39280.809097 0.594557 0.405443
11242 nad5 1 39280.809097 0.595092 0.404908
11243 nad5 1 39280.809097 0.595626 0.404374
11244 nad5 1 39280.809097 0.596160 0.403840
11245 nad5 1 39280.809097 0.596695 0.403305
11246 nad5 1 39280.809097 0.597229 0.402771
11247 nad5 1 39280.809097 0.597763 0.402237
11248 nad5 1 39280.809097 0.598298 0.401702
11249 nad5 1 39280.809097 0.598832 0.401168
11250 nad5 1 39280.809097 0.599366 0.400634
11251 nad5 1 39280.809097 0.599901 0.400099
11252 nad5 1 39280.809097 0.600435 0.399565
11253 nad5 1 39280.809097 0.600969 0.399031
11254 nad5 1 39280.809097 0.601504 0.398496
11255 nad5 1 39280.809097 0.602038 0.397962
11256 nad5 1 39280.809097 0.602572 0.397428
11257 nad5 1 39280.809097 0.603107 0.396893
11258 nad5 1 39280.809097 0.603641 0.396359
11259 nad5 1 39280.809097 0.604176 0.395824
11260 nad5 1 39280.809097 0.604710 0.395290
11261 nad5 1 39270.000884 0.605274 0.394726
11262 nad5 1 39270.000884 0.605808 0.394192
11263 nad5 1 39270.000884 0.606343 0.393657
11264 nad5 1 39270.000884 0.606877 0.393123
11265 nad5 1 39270.000884 0.607411 0.392589
11266 nad5 1 39270.000884 0.607946 0.392054
11267 nad5 1 37857.799189 0.608531 0.391469
11268 nad5 1 37857.799189 0.609065 0.390935
11269 nad5 1 37857.799189 0.609599 0.390401
11270 nad5 1 37829.615067 0.610150 0.389850
11271 nad5 1 37829.615067 0.610684 0.389316
11272 nad5 1 37829.615067 0.611218 0.388782
11273 nad5 1 37829.615067 0.611753 0.388247
11274 nad5 1 37829.615067 0.612287 0.387713
11275 nad5 1 37829.615067 0.612822 0.387178
11276 nad5 1 37825.380735 0.613362 0.386638
11277 nad5 1 37825.380735 0.613897 0.386103
11278 nad5 1 37825.380735 0.614431 0.385569
11279 nad5 1 37612.377770 0.614985 0.385015
11280 nad5 1 37612.377770 0.615520 0.384480
11281 nad5 1 37612.377770 0.616054 0.383946
11282 nad5 1 37604.691637 0.616589 0.383411
11283 nad5 1 37604.691637 0.617123 0.382877
11284 nad5 1 37604.691637 0.617658 0.382342
11285 nad5 1 37604.691637 0.618192 0.381808
11286 nad5 1 37604.691637 0.618726 0.381274
11287 nad5 1 37604.691637 0.619261 0.380739
11288 nad5 1 37604.691637 0.619795 0.380205
11289 nad5 1 37604.691637 0.620329 0.379671
11290 nad5 1 37604.691637 0.620864 0.379136
11291 nad5 1 37604.691637 0.621398 0.378602
11292 nad5 1 37604.691637 0.621932 0.378068
11293 nad5 1 37604.691637 0.622467 0.377533
11294 nad5 1 37604.691637 0.623001 0.376999
11295 nad5 1 37604.691637 0.623535 0.376465
11296 nad5 1 37604.691637 0.624070 0.375930
11297 nad5 1 37604.691637 0.624604 0.375396
11298 nad5 1 37604.691637 0.625139 0.374861
11299 nad5 1 37604.691637 0.625673 0.374327
11300 nad5 1 35865.200027 0.626219 0.373781
11301 nad5 1 35865.200027 0.626753 0.373247
11302 nad5 1 35865.200027 0.627288 0.372712
11303 nad5 1 35858.556053 0.627823 0.372177
11304 nad5 1 35858.556053 0.628357 0.371643
11305 nad5 1 35858.556053 0.628892 0.371108
11306 nad5 1 35858.556053 0.629426 0.370574
11307 nad5 1 35858.556053 0.629961 0.370039
11308 nad5 1 35858.556053 0.630495 0.369505
11309 nad5 1 35858.556053 0.631030 0.368970
11310 nad5 1 35858.556053 0.631565 0.368435
11311 nad5 1 35858.556053 0.632099 0.367901
11312 nad5 1 35850.265323 0.632629 0.367371
11313 nad5 1 35850.265323 0.633163 0.366837
11314 nad5 1 35850.265323 0.633698 0.366302
11315 nad5 1 35801.600232 0.634306 0.365694
11316 nad5 1 35801.600232 0.634840 0.365160
11317 nad5 1 35801.600232 0.635375 0.364625
11318 nad5 1 22540.218914 0.636718 0.363282
11319 nad5 1 22540.218914 0.637253 0.362747
11320 nad5 1 22540.218914 0.637788 0.362212
11321 nad5 1 22540.218914 0.638323 0.361677
11322 nad5 1 22540.218914 0.638858 0.361142
11323 nad5 1 22540.218914 0.639393 0.360607
11324 nad5 1 22540.218914 0.639928 0.360072
11325 nad5 1 22540.218914 0.640463 0.359537
11326 nad5 1 22540.218914 0.640999 0.359001
11327 nad5 1 22540.218914 0.641534 0.358466
11328 nad5 1 22540.218914 0.642069 0.357931
11329 nad5 1 22540.218914 0.642604 0.357396
11330 nad5 1 22540.218914 0.643139 0.356861
11331 nad5 1 22540.218914 0.643674 0.356326
11332 nad5 1 22540.218914 0.644209 0.355791
11333 nad5 1 22540.218914 0.644744 0.355256
11334 nad5 1 22540.218914 0.645279 0.354721
11335 nad5 1 22540.218914 0.645814 0.354186
11336 nad5 1 22540.218914 0.646349 0.353651
11337 nad5 1 22540.218914 0.646885 0.353115
11338 nad5 1 22540.218914 0.647420 0.352580
11339 nad5 1 22415.490111 0.647989 0.352011
11340 nad5 1 22415.490111 0.648524 0.351476
11341 nad5 1 22415.490111 0.649059 0.350941
11342 nad5 1 22415.490111 0.649594 0.350406
11343 nad5 1 22415.490111 0.650129 0.349871
11344 nad5 1 22415.490111 0.650665 0.349335
11345 nad5 1 22415.490111 0.651200 0.348800
11346 nad5 1 22415.490111 0.651735 0.348265
11347 nad5 1 22415.490111 0.652270 0.347730
11348 nad5 1 22411.866688 0.652809 0.347191
11349 nad5 1 22411.866688 0.653344 0.346656
11350 nad5 1 22411.866688 0.653879 0.346121
11351 nad5 1 22411.866688 0.654414 0.345586
11352 nad5 1 22411.866688 0.654949 0.345051
11353 nad5 1 22411.866688 0.655485 0.344515
11354 nad5 1 22407.471993 0.656024 0.343976
11355 nad5 1 22407.471993 0.656559 0.343441
11356 nad5 1 22407.471993 0.657095 0.342905
11357 nad5 1 22407.471993 0.657630 0.342370
11358 nad5 1 22407.471993 0.658165 0.341835
11359 nad5 1 22407.471993 0.658700 0.341300
11360 nad5 1 22407.471993 0.659235 0.340765
11361 nad5 1 22407.471993 0.659770 0.340230
11362 nad5 1 22407.471993 0.660305 0.339695
11363 nad5 1 22407.471993 0.660840 0.339160
11364 nad5 1 22407.471993 0.661375 0.338625
11365 nad5 1 22407.471993 0.661910 0.338090
11366 nad5 1 22407.471993 0.662446 0.337554
11367 nad5 1 22407.471993 0.662981 0.337019
11368 nad5 1 22407.471993 0.663516 0.336484
11369 nad5 1 22396.218628 0.664060 0.335940
11370 nad5 1 22396.218628 0.664595 0.335405
11371 nad5 1 22396.218628 0.665131 0.334869
11372 nad5 1 22384.983849 0.665698 0.334302
11373 nad5 1 22384.983849 0.666233 0.333767
11374 nad5 1 22384.983849 0.666768 0.333232
11375 nad5 1 22381.185246 0.667307 0.332693
11376 nad5 1 22381.185246 0.667842 0.332158
11377 nad5 1 22381.185246 0.668377 0.331623
11378 nad5 1 22381.185246 0.668912 0.331088
11379 nad5 1 22381.185246 0.669448 0.330552
11380 nad5 1 22381.185246 0.669983 0.330017
11381 nad5 1 22381.185246 0.670518 0.329482
11382 nad5 1 22381.185246 0.671053 0.328947
11383 nad5 1 22381.185246 0.671588 0.328412
11384 nad5 1 22381.185246 0.672123 0.327877
11385 nad5 1 22381.185246 0.672658 0.327342
11386 nad5 1 22381.185246 0.673193 0.326807
11387 nad5 1 22381.185246 0.673728 0.326272
11388 nad5 1 22381.185246 0.674263 0.325737
11389 nad5 1 22381.185246 0.674798 0.325202
11390 nad5 1 22381.185246 0.675333 0.324667
11391 nad5 1 22381.185246 0.675868 0.324132
11392 nad5 1 22381.185246 0.676403 0.323597
11393 nad5 1 22360.826440 0.676932 0.323068
11394 nad5 1 22360.826440 0.677467 0.322533
11395 nad5 1 22360.826440 0.678002 0.321998
11396 nad5 1 22360.826440 0.678537 0.321463
11397 nad5 1 22360.826440 0.679072 0.320928
11398 nad5 1 22360.826440 0.679607 0.320393
11399 nad5 1 22360.826440 0.680142 0.319858
11400 nad5 1 22360.826440 0.680677 0.319323
11401 nad5 1 22360.826440 0.681212 0.318788
11402 nad5 1 22360.826440 0.681747 0.318253
11403 nad5 1 22360.826440 0.682282 0.317718
11404 nad5 1 22360.826440 0.682817 0.317183
11405 nad5 1 22360.826440 0.683352 0.316648
11406 nad5 1 22360.826440 0.683887 0.316113
11407 nad5 1 22360.826440 0.684422 0.315578
11408 nad5 1 22360.826440 0.684957 0.315043
11409 nad5 1 22360.826440 0.685492 0.314508
11410 nad5 1 22360.826440 0.686027 0.313973
11411 nad5 1 22360.826440 0.686562 0.313438
11412 nad5 1 22360.826440 0.687097 0.312903
11413 nad5 1 22360.826440 0.687632 0.312368
11414 nad5 1 22360.826440 0.688167 0.311833
11415 nad5 1 22360.826440 0.688702 0.311298
11416 nad5 1 22360.826440 0.689237 0.310763
11417 nad5 1 22358.525410 0.689778 0.310222
11418 nad5 1 22358.525410 0.690313 0.309687
11419 nad5 1 22358.525410 0.690848 0.309152
11420 nad5 1 22358.525410 0.691383 0.308617
11421 nad5 1 22358.525410 0.691918 0.308082
11422 nad5 1 22358.525410 0.692453 0.307547
11423 nad5 1 22358.525410 0.692988 0.307012
11424 nad5 1 22358.525410 0.693523 0.306477
11425 nad5 1 22358.525410 0.694058 0.305942
11426 nad5 1 22352.164897 0.694616 0.305384
11427 nad5 1 22352.164897 0.695151 0.304849
11428 nad5 1 22352.164897 0.695686 0.304314
11429 nad5 1 21240.227249 0.696171 0.303829
11430 nad5 1 21240.227249 0.696706 0.303294
11431 nad5 1 21240.227249 0.697241 0.302759
11432 nad5 1 21219.436468 0.697773 0.302227
11433 nad5 1 21219.436468 0.698308 0.301692
11434 nad5 1 21219.436468 0.698842 0.301158
11435 nad5 1 18041.697082 0.699511 0.300489
11436 nad5 1 18041.697082 0.700046 0.299954
11437 nad5 1 18041.697082 0.700581 0.299419
11438 nad5 1 18033.312064 0.701125 0.298875
11439 nad5 1 18033.312064 0.701660 0.298340
11440 nad5 1 18033.312064 0.702196 0.297804
11441 nad5 1 14352.555240 0.702903 0.297097
11442 nad5 1 14352.555240 0.703439 0.296561
11443 nad5 1 14352.555240 0.703975 0.296025
11444 nad5 1 14294.130006 0.704482 0.295518
11445 nad5 1 14294.130006 0.705019 0.294981
11446 nad5 1 14294.130006 0.705555 0.294445
11447 nad5 1 13190.114955 0.706399 0.293601
11448 nad5 1 13190.114955 0.706936 0.293064
11449 nad5 1 13190.114955 0.707472 0.292528
11450 nad5 1 11654.940077 0.708773 0.291227
11451 nad5 1 11654.940077 0.709310 0.290690
11452 nad5 1 11654.940077 0.709847 0.290153
11453 nad5 1 11165.715131 0.710338 0.289662
11454 nad5 1 11165.715131 0.710874 0.289126
11455 nad5 1 11165.715131 0.711411 0.288589
11456 nad5 1 11163.414101 0.711950 0.288050
11457 nad5 1 11163.414101 0.712486 0.287514
11458 nad5 1 11163.414101 0.713023 0.286977
11459 nad5 1 9983.054053 0.713184 0.286816
11460 nad5 1 9983.054053 0.713721 0.286279
11461 nad5 1 9983.054053 0.714257 0.285743
11462 nad5 1 8857.416070 0.714561 0.285439
11463 nad5 1 8857.416070 0.715097 0.284903
11464 nad5 1 8857.416070 0.715633 0.284367
11465 nad5 1 8644.993557 0.716016 0.283984
11466 nad5 1 8644.993557 0.716552 0.283448
11467 nad5 1 8644.993557 0.717087 0.282913
11468 nad5 1 8579.873979 0.717587 0.282413
11469 nad5 1 8579.873979 0.718122 0.281878
11470 nad5 1 8579.873979 0.718658 0.281342
11471 nad5 1 8275.511361 0.719113 0.280887
11472 nad5 1 8275.511361 0.719648 0.280352
11473 nad5 1 8275.511361 0.720184 0.279816
11474 nad5 1 8171.742708 0.720533 0.279467
11475 nad5 1 8171.742708 0.721069 0.278931
11476 nad5 1 8171.742708 0.721604 0.278396
11477 nad5 1 8139.284422 0.722159 0.277841
11478 nad5 1 8139.284422 0.722694 0.277306
11479 nad5 1 8139.284422 0.723229 0.276771
11480 nad5 1 8089.557012 0.723726 0.276274
11481 nad5 1 8089.557012 0.724261 0.275739
11482 nad5 1 8089.557012 0.724795 0.275205
11483 nad5 1 8036.902024 0.725259 0.274741
11484 nad5 1 8036.902024 0.725794 0.274206
11485 nad5 1 8036.902024 0.726328 0.273672
11486 nad5 1 8027.621355 0.726854 0.273146
11487 nad5 1 8027.621355 0.727388 0.272612
11488 nad5 1 8027.621355 0.727923 0.272077
11489 nad5 1 8000.781989 0.728419 0.271581
11490 nad5 1 8000.781989 0.728954 0.271046
11491 nad5 1 8000.781989 0.729489 0.270511
11492 nad5 1 7439.450767 0.729303 0.270697
11493 nad5 1 7439.450767 0.729838 0.270162
11494 nad5 1 7439.450767 0.730372 0.269628
11495 nad5 1 7328.304460 0.730743 0.269257
11496 nad5 1 7328.304460 0.731277 0.268723
11497 nad5 1 7328.304460 0.731811 0.268189
11498 nad5 1 7328.304460 0.732345 0.267655
11499 nad5 1 7328.304460 0.732879 0.267121
11500 nad5 1 7328.304460 0.733412 0.266588
11501 nad5 1 7317.962674 0.733947 0.266053
11502 nad5 1 7317.962674 0.734481 0.265519
11503 nad5 1 7317.962674 0.735015 0.264985
11504 nad5 1 6740.615726 0.734355 0.265645
11505 nad5 1 6740.615726 0.734887 0.265113
11506 nad5 1 6740.615726 0.735420 0.264580
11507 nad5 1 6710.029815 0.735911 0.264089
11508 nad5 1 6710.029815 0.736443 0.263557
11509 nad5 1 6710.029815 0.736975 0.263025
11510 nad5 1 4846.064388 0.737274 0.262726
11511 nad5 1 4846.064388 0.737806 0.262194
11512 nad5 1 4846.064388 0.738338 0.261662
11513 nad5 1 4783.186314 0.738898 0.261102
11514 nad5 1 4783.186314 0.739430 0.260570
11515 nad5 1 4783.186314 0.739962 0.260038
11516 nad5 1 4755.022480 0.740487 0.259513
11517 nad5 1 4755.022480 0.741019 0.258981
11518 nad5 1 4755.022480 0.741551 0.258449
11519 nad5 1 4732.127928 0.742044 0.257956
11520 nad5 1 4732.127928 0.742576 0.257424
11521 nad5 1 4732.127928 0.743108 0.256892
11522 nad5 1 1904.050381 0.739849 0.260151
11523 nad5 1 1904.050381 0.740381 0.259619
11524 nad5 1 1904.050381 0.740914 0.259086
11525 nad5 1 1806.049032 0.740914 0.259086
11526 nad5 1 1806.049032 0.741447 0.258553
11527 nad5 1 1806.049032 0.741979 0.258021
11528 nad5 1 1361.279516 0.741977 0.258023
11529 nad5 1 1361.279516 0.742510 0.257490
11530 nad5 1 1361.279516 0.743043 0.256957
11531 nad5 1 1347.700804 0.743501 0.256499
11532 nad5 1 1347.700804 0.744034 0.255966
11533 nad5 1 1347.700804 0.744567 0.255433
11534 nad5 1 1269.354637 0.744602 0.255398
11535 nad5 1 1269.354637 0.745134 0.254866
11536 nad5 1 1269.354637 0.745667 0.254333
11537 nad5 1 1269.354637 0.746200 0.253800
11538 nad5 1 1269.354637 0.746733 0.253267
11539 nad5 1 1269.354637 0.747266 0.252734
11540 nad5 1 1239.514741 0.747477 0.252523
11541 nad5 1 1239.514741 0.748010 0.251990
11542 nad5 1 1239.514741 0.748544 0.251456
11543 nad5 1 1232.968059 0.748904 0.251096
11544 nad5 1 1232.968059 0.749437 0.250563
11545 nad5 1 1232.968059 0.749969 0.250031
11546 nad5 1 1178.052238 0.749803 0.250197
11547 nad5 1 1178.052238 0.750336 0.249664
11548 nad5 1 1178.052238 0.750868 0.249132
11549 nad5 1 1178.052238 0.751401 0.248599
11550 nad5 1 1178.052238 0.751934 0.248066
11551 nad5 1 1178.052238 0.752466 0.247534
11552 nad5 1 421.902536 0.751718 0.248282
11553 nad5 1 421.902536 0.752250 0.247750
11554 nad5 1 421.902536 0.752782 0.247218
11555 nad5 1 384.496255 0.752783 0.247217
11556 nad5 1 384.496255 0.753313 0.246687
11557 nad5 1 384.496255 0.753844 0.246156
11558 nad5 1 366.556594 0.753505 0.246495
11559 nad5 1 366.556594 0.754035 0.245965
11560 nad5 1 366.556594 0.754565 0.245435
11561 nad5 1 366.556594 0.755095 0.244905
11562 nad5 1 366.556594 0.755626 0.244374
11563 nad5 1 366.556594 0.756156 0.243844
11564 nad5 1 366.556594 0.756686 0.243314
11565 nad5 1 366.556594 0.757216 0.242784
11566 nad5 1 366.556594 0.757746 0.242254
11567 nad5 1 366.556594 0.758277 0.241723
11568 nad5 1 366.556594 0.758807 0.241193
11569 nad5 1 366.556594 0.759337 0.240663
11570 nad5 1 313.599961 0.761942 0.238058
11571 nad5 1 313.599961 0.762474 0.237526
11572 nad5 1 313.599961 0.763005 0.236995
11573 nad5 1 313.599961 0.763537 0.236463
11574 nad5 1 313.599961 0.764068 0.235932
11575 nad5 1 313.599961 0.764600 0.235400
11576 nad5 1 282.316039 0.765447 0.234553
11577 nad5 1 282.316039 0.765978 0.234022
11578 nad5 1 282.316039 0.766508 0.233492
11579 nad5 1 279.617069 0.767168 0.232832
11580 nad5 1 279.617069 0.767698 0.232302
11581 nad5 1 279.617069 0.768228 0.231772
11582 nad5 1 214.260807 0.770654 0.229346
11583 nad5 1 214.260807 0.771186 0.228814
11584 nad5 1 214.260807 0.771718 0.228282
11585 nad5 1 202.064264 0.771902 0.228098
11586 nad5 1 202.064264 0.772433 0.227567
11587 nad5 1 202.064264 0.772963 0.227037
11588 nad5 1 202.064264 0.773494 0.226506
11589 nad5 1 202.064264 0.774024 0.225976
11590 nad5 1 202.064264 0.774555 0.225445
11591 nad5 1 202.064264 0.775085 0.224915
11592 nad5 1 202.064264 0.775616 0.224384
11593 nad5 1 202.064264 0.776146 0.223854
11594 nad5 1 163.279396 0.779192 0.220808
11595 nad5 1 163.279396 0.779725 0.220275
11596 nad5 1 163.279396 0.780258 0.219742
11597 nad5 1 163.279396 0.780791 0.219209
11598 nad5 1 163.279396 0.781324 0.218676
11599 nad5 1 163.279396 0.781856 0.218144
11600 nad5 1 157.582592 0.782511 0.217489
11601 nad5 1 157.582592 0.783044 0.216956
11602 nad5 1 157.582592 0.783578 0.216422
11603 nad5 1 130.271606 0.783989 0.216011
11604 nad5 1 130.271606 0.784522 0.215478
11605 nad5 1 130.271606 0.785056 0.214944
11606 nad5 1 130.271606 0.785590 0.214410
11607 nad5 1 130.271606 0.786123 0.213877
11608 nad5 1 130.271606 0.786657 0.213343
11609 nad5 1 61.927838 0.784804 0.215196
11610 nad5 1 61.927838 0.785340 0.214660
11611 nad5 1 61.927838 0.785876 0.214124
11612 nad5 1 7.096367 0.783585 0.216415
11613 nad5 1 7.096367 0.784167 0.215833
11614 nad5 1 7.096367 0.784750 0.215250
11615 nad5 1 7.096367 0.785332 0.214668
11616 nad5 1 7.096367 0.785915 0.214085
11617 nad5 1 7.096367 0.786497 0.213503
11618 nad5 1 7.096367 0.787080 0.212920
11619 nad5 1 7.096367 0.787662 0.212338
11620 nad5 1 7.096367 0.788245 0.211755
11621 nad5 1 0.000000 0.000000 0.000000
11622 nad5 1 0.000000 0.000000 0.000000
11623 nad5 1 0.000000 0.000000 0.000000
11624 nad5 1 0.000000 0.000000 0.000000
11625 nad5 1 0.000000 0.000000 0.000000
11626 nad5 1 0.000000 0.000000 0.000000
11627 nad5 1 0.000000 0.000000 0.000000
11628 nad5 1 0.000000 0.000000 0.000000
11629 nad5 1 0.000000 0.000000 0.000000
11630 nad5 1 0.000000 0.000000 0.000000
11631 nad5 1 0.000000 0.000000 0.000000
11632 nad5 1 0.000000 0.989631 0.010369
11633 nad5 1 0.000000 0.000000 0.000000
11758 nad5 1 0.000000 0.000000 0.000000
11759 nad5 1 306.461709 0.000000 1.000000
11760 nad5 1 306.461709 0.000537 0.999463
11761 nad5 1 306.461709 0.001074 0.998926
11762 nad5 1 506.461709 0.001074 0.998926
11763 nad5 1 506.461709 0.001614 0.998386
11764 nad5 1 506.461709 0.002154 0.997846
11765 nad5 1 706.461709 0.002428 0.997572
11766 nad5 1 706.461709 0.002969 0.997031
11767 nad5 1 706.461709 0.003510 0.996490
11768 nad5 1 706.461709 0.004051 0.995949
11769 nad5 1 706.461709 0.004593 0.995407
11770 nad5 1 706.461709 0.005134 0.994866
11771 nad5 1 5306.461709 0.003714 0.996286
11772 nad5 1 5306.461709 0.004260 0.995740
11773 nad5 1 5306.461709 0.004806 0.995194
11774 nad5 1 53506.461709 0.000563 0.999437
11775 nad5 1 53506.461709 0.001112 0.998888
11776 nad5 1 53506.461709 0.001660 0.998340
11777 nad5 1 54306.461709 0.002260 0.997740
11778 nad5 1 54306.461709 0.002808 0.997192
11779 nad5 1 54306.461709 0.003356 0.996644
11780 nad5 1 66283.306373 0.004557 0.995443
11781 nad5 1 66283.306373 0.005105 0.994895
11782 nad5 1 66283.306373 0.005653 0.994347
11783 nad5 1 231110.525846 0.001835 0.998165
11784 nad5 1 231110.525846 0.002385 0.997615
11785 nad5 1 231110.525846 0.002934 0.997066
11786 nad5 1 237432.355497 0.003528 0.996472
11787 nad5 1 237432.355497 0.004077 0.995923
11788 nad5 1 237432.355497 0.004627 0.995373
11789 nad5 1 511098.181761 0.007153 0.992847
11790 nad5 1 511098.181761 0.007702 0.992298
11791 nad5 1 511098.181761 0.008250 0.991750
11792 nad5 1 515898.181761 0.008807 0.991193
11793 nad5 1 515898.181761 0.009356 0.990644
11794 nad5 1 515898.181761 0.009905 0.990095
11795 nad5 1 566227.762446 0.010583 0.989417
11796 nad5 1 566227.762446 0.011132 0.988868
11797 nad5 1 566227.762446 0.011680 0.988320
11798 nad5 1 618379.435263 0.012108 0.987892
11799 nad5 1 618379.435263 0.012656 0.987344
11800 nad5 1 618379.435263 0.013205 0.986795
11801 nad5 1 620546.800473 0.013755 0.986245
11802 nad5 1 620546.800473 0.014303 0.985697
11803 nad5 1 620546.800473 0.014852 0.985148
11804 nad5 1 628691.366001 0.015402 0.984598
11805 nad5 1 628691.366001 0.015951 0.984049
11806 nad5 1 628691.366001 0.016499 0.983501
11807 nad5 1 632109.221471 0.017039 0.982961
11808 nad5 1 632109.221471 0.017588 0.982412
11809 nad5 1 632109.221471 0.018137 0.981863
11810 nad5 1 635872.551374 0.018694 0.981306
11811 nad5 1 635872.551374 0.019242 0.980758
11812 nad5 1 635872.551374 0.019791 0.980209
11813 nad5 1 639261.181960 0.020327 0.979673
11814 nad5 1 639261.181960 0.020876 0.979124
11815 nad5 1 639261.181960 0.021424 0.978576
11816 nad5 1 641101.881130 0.021935 0.978065
11817 nad5 1 641101.881130 0.022484 0.977516
11818 nad5 1 641101.881130 0.023032 0.976968
11819 nad5 1 646063.411874 0.023579 0.976421
11820 nad5 1 646063.411874 0.024128 0.975872
11821 nad5 1 646063.411874 0.024677 0.975323
11822 nad5 1 650159.440134 0.025224 0.974776
11823 nad5 1 650159.440134 0.025772 0.974228
11824 nad5 1 650159.440134 0.026321 0.973679
11825 nad5 1 654759.440134 0.026896 0.973104
11826 nad5 1 654759.440134 0.027445 0.972555
11827 nad5 1 654759.440134 0.027994 0.972006
11828 nad5 1 659518.284798 0.028534 0.971466
11829 nad5 1 659518.284798 0.029083 0.970917
11830 nad5 1 659518.284798 0.029632 0.970368
11831 nad5 1 661718.284798 0.030171 0.969829
11832 nad5 1 661718.284798 0.030720 0.969280
11833 nad5 1 661718.284798 0.031269 0.968731
11834 nad5 1 687518.284798 0.031763 0.968237
11835 nad5 1 687518.284798 0.032312 0.967688
11836 nad5 1 687518.284798 0.032861 0.967139
11837 nad5 1 691217.809316 0.033452 0.966548
11838 nad5 1 691217.809316 0.034001 0.965999
11839 nad5 1 691217.809316 0.034550 0.965450
11840 nad5 1 699417.809316 0.035122 0.964878
11841 nad5 1 699417.809316 0.035671 0.964329
11842 nad5 1 699417.809316 0.036219 0.963781
11843 nad5 1 700909.090814 0.036767 0.963233
11844 nad5 1 700909.090814 0.037316 0.962684
11845 nad5 1 700909.090814 0.037864 0.962136
11846 nad5 1 717970.725326 0.038463 0.961537
11847 nad5 1 717970.725326 0.039012 0.960988
11848 nad5 1 717970.725326 0.039561 0.960439
11849 nad5 1 722445.631904 0.040102 0.959898
11850 nad5 1 722445.631904 0.040651 0.959349
11851 nad5 1 722445.631904 0.041200 0.958800
11852 nad5 1 736307.895041 0.041797 0.958203
11853 nad5 1 736307.895041 0.042345 0.957655
11854 nad5 1 736307.895041 0.042894 0.957106
11855 nad5 1 750834.549662 0.043448 0.956552
11856 nad5 1 750834.549662 0.043997 0.956003
11857 nad5 1 750834.549662 0.044545 0.955455
11858 nad5 1 758324.488744 0.045075 0.954925
11859 nad5 1 758324.488744 0.045624 0.954376
11860 nad5 1 758324.488744 0.046173 0.953827
11861 nad5 1 764640.369663 0.046630 0.953370
11862 nad5 1 764640.369663 0.047179 0.952821
11863 nad5 1 764640.369663 0.047727 0.952273
11864 nad5 1 775209.931644 0.048180 0.951820
11865 nad5 1 775209.931644 0.048729 0.951271
11866 nad5 1 775209.931644 0.049278 0.950722
11867 nad5 1 781759.122711 0.049801 0.950199
11868 nad5 1 781759.122711 0.050350 0.949650
11869 nad5 1 781759.122711 0.050899 0.949101
11870 nad5 1 790160.396435 0.051351 0.948649
11871 nad5 1 790160.396435 0.051900 0.948100
11872 nad5 1 790160.396435 0.052449 0.947551
11873 nad5 1 795629.355561 0.052954 0.947046
11874 nad5 1 795629.355561 0.053503 0.946497
11875 nad5 1 795629.355561 0.054052 0.945948
11876 nad5 1 801357.675695 0.054511 0.945489
11877 nad5 1 801357.675695 0.055060 0.944940
11878 nad5 1 801357.675695 0.055609 0.944391
11879 nad5 1 825296.567951 0.056058 0.943942
11880 nad5 1 825296.567951 0.056607 0.943393
11881 nad5 1 825296.567951 0.057156 0.942844
11882 nad5 1 831489.216843 0.057598 0.942402
11883 nad5 1 831489.216843 0.058147 0.941853
11884 nad5 1 831489.216843 0.058696 0.941304
11885 nad5 1 890832.831060 0.059381 0.940619
11886 nad5 1 890832.831060 0.059930 0.940070
11887 nad5 1 890832.831060 0.060479 0.939521
11888 nad5 1 935803.626749 0.061042 0.938958
11889 nad5 1 935803.626749 0.061591 0.938409
11890 nad5 1 935803.626749 0.062141 0.937859
11891 nad5 1 954327.355365 0.062553 0.937447
11892 nad5 1 954327.355365 0.063102 0.936898
11893 nad5 1 954327.355365 0.063652 0.936348
11894 nad5 1 957488.654939 0.064114 0.935886
11895 nad5 1 957488.654939 0.064663 0.935337
11896 nad5 1 957488.654939 0.065213 0.934787
11897 nad5 1 960191.567861 0.065564 0.934436
11898 nad5 1 960191.567861 0.066113 0.933887
11899 nad5 1 960191.567861 0.066663 0.933337
11900 nad5 1 964064.149397 0.067155 0.932845
11901 nad5 1 964064.149397 0.067705 0.932295
11902 nad5 1 964064.149397 0.068255 0.931745
11903 nad5 1 966428.979577 0.068717 0.931283
11904 nad5 1 966428.979577 0.069267 0.930733
11905 nad5 1 966428.979577 0.069816 0.930184
11906 nad5 1 967412.806989 0.070245 0.929755
11907 nad5 1 967412.806989 0.070795 0.929205
11908 nad5 1 967412.806989 0.071345 0.928655
11909 nad5 1 977681.248210 0.071737 0.928263
11910 nad5 1 977681.248210 0.072286 0.927714
11911 nad5 1 977681.248210 0.072836 0.927164
11912 nad5 1 982599.946374 0.072873 0.927127
11913 nad5 1 982599.946374 0.073423 0.926577
11914 nad5 1 982599.946374 0.073973 0.926027
11915 nad5 1 985935.630890 0.074199 0.925801
11916 nad5 1 985935.630890 0.074749 0.925251
11917 nad5 1 985935.630890 0.075299 0.924701
11918 nad5 1 987444.667972 0.075667 0.924333
11919 nad5 1 987444.667972 0.076217 0.923783
11920 nad5 1 987444.667972 0.076768 0.923232
11921 nad5 1 993681.207651 0.076911 0.923089
11922 nad5 1 993681.207651 0.077462 0.922538
11923 nad5 1 993681.207651 0.078013 0.921987
11924 nad5 1 999767.919478 0.077899 0.922101
11925 nad5 1 999767.919478 0.078450 0.921550
11926 nad5 1 999767.919478 0.079001 0.920999
11927 nad5 1 1000562.818281 0.079467 0.920533
11928 nad5 1 1000562.818281 0.080018 0.919982
11929 nad5 1 1000562.818281 0.080569 0.919431
11930 nad5 1 1002375.587297 0.080923 0.919077
11931 nad5 1 1002375.587297 0.081474 0.918526
11932 nad5 1 1002375.587297 0.082025 0.917975
11933 nad5 1 1008174.768659 0.081956 0.918044
11934 nad5 1 1008174.768659 0.082508 0.917492
11935 nad5 1 1008174.768659 0.083059 0.916941
11936 nad5 1 1009997.994272 0.083412 0.916588
11937 nad5 1 1009997.994272 0.083963 0.916037
11938 nad5 1 1009997.994272 0.084515 0.915485
11939 nad5 1 1014742.772845 0.084588 0.915412
11940 nad5 1 1014742.772845 0.085140 0.914860
11941 nad5 1 1014742.772845 0.085692 0.914308
11942 nad5 1 1018657.317525 0.085807 0.914193
11943 nad5 1 1018657.317525 0.086359 0.913641
11944 nad5 1 1018657.317525 0.086911 0.913089
11945 nad5 1 1024599.256516 0.087183 0.912817
11946 nad5 1 1024599.256516 0.087736 0.912264
11947 nad5 1 1024599.256516 0.088288 0.911712
11948 nad5 1 1026336.053804 0.088664 0.911336
11949 nad5 1 1026336.053804 0.089217 0.910783
11950 nad5 1 1026336.053804 0.089769 0.910231
11951 nad5 1 1027830.669767 0.090206 0.909794
11952 nad5 1 1027830.669767 0.090759 0.909241
11953 nad5 1 1027830.669767 0.091312 0.908688
11954 nad5 1 1030763.377333 0.091663 0.908337
11955 nad5 1 1030763.377333 0.092216 0.907784
11956 nad5 1 1030763.377333 0.092769 0.907231
11957 nad5 1 1046169.955226 0.091860 0.908140
11958 nad5 1 1046169.955226 0.092414 0.907586
11959 nad5 1 1046169.955226 0.092968 0.907032
11960 nad5 1 1048855.094978 0.093319 0.906681
11961 nad5 1 1048855.094978 0.093873 0.906127
11962 nad5 1 1048855.094978 0.094427 0.905573
11963 nad5 1 1060401.964021 0.094073 0.905927
11964 nad5 1 1060401.964021 0.094628 0.905372
11965 nad5 1 1060401.964021 0.095182 0.904818
11966 nad5 1 1067018.114460 0.095166 0.904834
11967 nad5 1 1067018.114460 0.095721 0.904279
11968 nad5 1 1067018.114460 0.096276 0.903724
11969 nad5 1 1076304.764010 0.096545 0.903455
11970 nad5 1 1076304.764010 0.097100 0.902900
11971 nad5 1 1076304.764010 0.097655 0.902345
11972 nad5 1 1076304.764010 0.098210 0.901790
11973 nad5 1 1076304.764010 0.098765 0.901235
11974 nad5 1 1076304.764010 0.099320 0.900680
11975 nad5 1 1144158.445230 0.094626 0.905374
11976 nad5 1 1144158.445230 0.095184 0.904816
11977 nad5 1 1144158.445230 0.095742 0.904258
11978 nad5 1 1151086.704182 0.096090 0.903910
11979 nad5 1 1151086.704182 0.096648 0.903352
11980 nad5 1 1151086.704182 0.097206 0.902794
11981 nad5 1 1153125.956155 0.097722 0.902278
11982 nad5 1 1153125.956155 0.098280 0.901720
11983 nad5 1 1153125.956155 0.098838 0.901162
11984 nad5 1 1158115.559768 0.099526 0.900474
11985 nad5 1 1158115.559768 0.100084 0.899916
11986 nad5 1 1158115.559768 0.100642 0.899358
11987 nad5 1 1162688.991497 0.100816 0.899184
11988 nad5 1 1162688.991497 0.101374 0.898626
11989 nad5 1 1162688.991497 0.101933 0.898067
11990 nad5 1 1163595.269053 0.102427 0.897573
11991 nad5 1 1163595.269053 0.102986 0.897014
11992 nad5 1 1163595.269053 0.103544 0.896456
11993 nad5 1 1165665.256830 0.104039 0.895961
11994 nad5 1 1165665.256830 0.104597 0.895403
11995 nad5 1 1165665.256830 0.105156 0.894844
11996 nad5 1 1167772.883570 0.105651 0.894349
11997 nad5 1 1167772.883570 0.106210 0.893790
11998 nad5 1 1167772.883570 0.106768 0.893232
11999 nad5 1 1168743.398171 0.107287 0.892713
12000 nad5 1 1168743.398171 0.107845 0.892155
12001 nad5 1 1168743.398171 0.108404 0.891596
12002 nad5 1 1170707.870280 0.108828 0.891172
12003 nad5 1 1170707.870280 0.109387 0.890613
12004 nad5 1 1170707.870280 0.109946 0.890054
12005 nad5 1 1172384.002867 0.110371 0.889629
12006 nad5 1 1172384.002867 0.110930 0.889070
12007 nad5 1 1172384.002867 0.111489 0.888511
12008 nad5 1 1176913.720323 0.111564 0.888436
12009 nad5 1 1176913.720323 0.112124 0.887876
12010 nad5 1 1176913.720323 0.112683 0.887317
12011 nad5 1 1178093.011501 0.113151 0.886849
12012 nad5 1 1178093.011501 0.113710 0.886290
12013 nad5 1 1178093.011501 0.114270 0.885730
12014 nad5 1 1180311.374532 0.114541 0.885459
12015 nad5 1 1180311.374532 0.115101 0.884899
12016 nad5 1 1180311.374532 0.115661 0.884339
12017 nad5 1 1180689.993135 0.116183 0.883817
12018 nad5 1 1180689.993135 0.116743 0.883257
12019 nad5 1 1180689.993135 0.117303 0.882697
12020 nad5 1 1182522.247277 0.117742 0.882258
12021 nad5 1 1182522.247277 0.118302 0.881698
12022 nad5 1 1182522.247277 0.118863 0.881137
12023 nad5 1 1182720.614129 0.119415 0.880585
12024 nad5 1 1182720.614129 0.119976 0.880024
12025 nad5 1 1182720.614129 0.120536 0.879464
12026 nad5 1 1191280.981198 0.120475 0.879525
12027 nad5 1 1191280.981198 0.121036 0.878964
12028 nad5 1 1191280.981198 0.121596 0.878404
12029 nad5 1 1196964.678767 0.121821 0.878179
12030 nad5 1 1196964.678767 0.122382 0.877618
12031 nad5 1 1196964.678767 0.122943 0.877057
12032 nad5 1 1197008.978063 0.123499 0.876501
12033 nad5 1 1197008.978063 0.124060 0.875940
12034 nad5 1 1197008.978063 0.124621 0.875379
12035 nad5 1 1197043.688029 0.125174 0.874826
12036 nad5 1 1197043.688029 0.125734 0.874266
12037 nad5 1 1197043.688029 0.126295 0.873705
12038 nad5 1 1197302.204538 0.126815 0.873185
12039 nad5 1 1197302.204538 0.127376 0.872624
12040 nad5 1 1197302.204538 0.127937 0.872063
12041 nad5 1 1197345.914503 0.128493 0.871507
12042 nad5 1 1197345.914503 0.129055 0.870945
12043 nad5 1 1197345.914503 0.129616 0.870384
12044 nad5 1 1197502.509476 0.130161 0.869839
12045 nad5 1 1197502.509476 0.130722 0.869278
12046 nad5 1 1197502.509476 0.131283 0.868717
12047 nad5 1 1197794.775824 0.131836 0.868164
12048 nad5 1 1197794.775824 0.132397 0.867603
12049 nad5 1 1197794.775824 0.132958 0.867042
12050 nad5 1 1197899.879689 0.133511 0.866489
12051 nad5 1 1197899.879689 0.134072 0.865928
12052 nad5 1 1197899.879689 0.134633 0.865367
12053 nad5 1 1197899.879689 0.135194 0.864806
12054 nad5 1 1197899.879689 0.135755 0.864245
12055 nad5 1 1197899.879689 0.136316 0.863684
12056 nad5 1 1198484.115118 0.136853 0.863147
12057 nad5 1 1198484.115118 0.137414 0.862586
12058 nad5 1 1198484.115118 0.137975 0.862025
12059 nad5 1 1198484.115118 0.138536 0.861464
12060 nad5 1 1198484.115118 0.139098 0.860902
12061 nad5 1 1198484.115118 0.139659 0.860341
12062 nad5 1 1198484.115118 0.140220 0.859780
12063 nad5 1 1198484.115118 0.140781 0.859219
12064 nad5 1 1198484.115118 0.141342 0.858658
12065 nad5 1 1198484.115118 0.141903 0.858097
12066 nad5 1 1198484.115118 0.142464 0.857536
12067 nad5 1 1198484.115118 0.143025 0.856975
12068 nad5 1 1198890.620594 0.143544 0.856456
12069 nad5 1 1198890.620594 0.144105 0.855895
12070 nad5 1 1198890.620594 0.144666 0.855334
12071 nad5 1 1199153.544177 0.145207 0.854793
12072 nad5 1 1199153.544177 0.145768 0.854232
12073 nad5 1 1199153.544177 0.146329 0.853671
12074 nad5 1 1199153.544177 0.146890 0.853110
12075 nad5 1 1199153.544177 0.147452 0.852548
12076 nad5 1 1199153.544177 0.148013 0.851987
12077 nad5 1 1199292.989624 0.148554 0.851446
12078 nad5 1 1199292.989624 0.149115 0.850885
12079 nad5 1 1199292.989624 0.149676 0.850324
12080 nad5 1 1199890.459591 0.150188 0.849812
12081 nad5 1 1199890.459591 0.150749 0.849251
12082 nad5 1 1199890.459591 0.151311 0.848689
12083 nad5 1 1199984.786628 0.151859 0.848141
12084 nad5 1 1199984.786628 0.152421 0.847579
12085 nad5 1 1199984.786628 0.152982 0.847018
12086 nad5 1 1199984.786628 0.153543 0.846457
12087 nad5 1 1199984.786628 0.154105 0.845895
12088 nad5 1 1199984.786628 0.154666 0.845334
12089 nad5 1 1200956.486369 0.155162 0.844838
12090 nad5 1 1200956.486369 0.155724 0.844276
12091 nad5 1 1200956.486369 0.156285 0.843715
12092 nad5 1 1200977.839965 0.156842 0.843158
12093 nad5 1 1200977.839965 0.157404 0.842596
12094 nad5 1 1200977.839965 0.157965 0.842035
12095 nad5 1 1201038.760784 0.158523 0.841477
12096 nad5 1 1201038.760784 0.159085 0.840915
12097 nad5 1 1201038.760784 0.159646 0.840354
12098 nad5 1 1201188.990776 0.160181 0.839819
12099 nad5 1 1201188.990776 0.160742 0.839258
12100 nad5 1 1201188.990776 0.161304 0.838696
12101 nad5 1 1202076.855128 0.161763 0.838237
12102 nad5 1 1202076.855128 0.162324 0.837676
12103 nad5 1 1202076.855128 0.162886 0.837114
12104 nad5 1 1202076.855128 0.163448 0.836552
12105 nad5 1 1202076.855128 0.164009 0.835991
12106 nad5 1 1202076.855128 0.164571 0.835429
12107 nad5 1 1202101.715249 0.165130 0.834870
12108 nad5 1 1202101.715249 0.165691 0.834309
12109 nad5 1 1202101.715249 0.166253 0.833747
12110 nad5 1 1202101.715249 0.166814 0.833186
12111 nad5 1 1202101.715249 0.167376 0.832624
12112 nad5 1 1202101.715249 0.167937 0.832063
12113 nad5 1 1202101.715249 0.168499 0.831501
12114 nad5 1 1202101.715249 0.169061 0.830939
12115 nad5 1 1202101.715249 0.169622 0.830378
12116 nad5 1 1202101.715249 0.170184 0.829816
12117 nad5 1 1202101.715249 0.170745 0.829255
12118 nad5 1 1202101.715249 0.171307 0.828693
12119 nad5 1 1202129.819826 0.171864 0.828136
12120 nad5 1 1202129.819826 0.172426 0.827574
12121 nad5 1 1202129.819826 0.172987 0.827013
12122 nad5 1 1202129.819826 0.173549 0.826451
12123 nad5 1 1202129.819826 0.174111 0.825889
12124 nad5 1 1202129.819826 0.174672 0.825328
12125 nad5 1 1202238.091568 0.175221 0.824779
12126 nad5 1 1202238.091568 0.175783 0.824217
12127 nad5 1 1202238.091568 0.176345 0.823655
12128 nad5 1 1202344.315201 0.176891 0.823109
12129 nad5 1 1202344.315201 0.177453 0.822547
12130 nad5 1 1202344.315201 0.178015 0.821985
12131 nad5 1 1202344.315201 0.178576 0.821424
12132 nad5 1 1202344.315201 0.179138 0.820862
12133 nad5 1 1202344.315201 0.179699 0.820301
12134 nad5 1 1202417.381259 0.180245 0.819755
12135 nad5 1 1202417.381259 0.180807 0.819193
12136 nad5 1 1202417.381259 0.181369 0.818631
12137 nad5 1 1202774.361870 0.181863 0.818137
12138 nad5 1 1202774.361870 0.182425 0.817575
12139 nad5 1 1202774.361870 0.182987 0.817013
12140 nad5 1 1202774.361870 0.183549 0.816451
12141 nad5 1 1202774.361870 0.184110 0.815890
12142 nad5 1 1202774.361870 0.184672 0.815328
12143 nad5 1 1202984.367745 0.185197 0.814803
12144 nad5 1 1202984.367745 0.185759 0.814241
12145 nad5 1 1202984.367745 0.186321 0.813679
12146 nad5 1 1202984.367745 0.186883 0.813117
12147 nad5 1 1202984.367745 0.187444 0.812556
12148 nad5 1 1202984.367745 0.188006 0.811994
12149 nad5 1 1203098.780842 0.188548 0.811452
12150 nad5 1 1203098.780842 0.189109 0.810891
12151 nad5 1 1203098.780842 0.189671 0.810329
12152 nad5 1 1203303.289779 0.190188 0.809812
12153 nad5 1 1203303.289779 0.190749 0.809251
12154 nad5 1 1203303.289779 0.191311 0.808689
12155 nad5 1 1203303.289779 0.191873 0.808127
12156 nad5 1 1203303.289779 0.192435 0.807565
12157 nad5 1 1203303.289779 0.192997 0.807003
12158 nad5 1 1203303.289779 0.193559 0.806441
12159 nad5 1 1203303.289779 0.194121 0.805879
12160 nad5 1 1203303.289779 0.194683 0.805317
12161 nad5 1 1203326.134443 0.195241 0.804759
12162 nad5 1 1203326.134443 0.195803 0.804197
12163 nad5 1 1203326.134443 0.196365 0.803635
12164 nad5 1 1203359.869626 0.196923 0.803077
12165 nad5 1 1203359.869626 0.197485 0.802515
12166 nad5 1 1203359.869626 0.198047 0.801953
12167 nad5 1 1203429.776824 0.198602 0.801398
12168 nad5 1 1203429.776824 0.199164 0.800836
12169 nad5 1 1203429.776824 0.199726 0.800274
12170 nad5 1 1203565.814775 0.200273 0.799727
12171 nad5 1 1203565.814775 0.200835 0.799165
12172 nad5 1 1203565.814775 0.201397 0.798603
12173 nad5 1 1203565.814775 0.201959 0.798041
12174 nad5 1 1203565.814775 0.202521 0.797479
12175 nad5 1 1203565.814775 0.203083 0.796917
12176 nad5 1 1203565.814775 0.203645 0.796355
12177 nad5 1 1203565.814775 0.204207 0.795793
12178 nad5 1 1203565.814775 0.204769 0.795231
12179 nad5 1 1203565.814775 0.205330 0.794670
12180 nad5 1 1203565.814775 0.205892 0.794108
12181 nad5 1 1203565.814775 0.206454 0.793546
12182 nad5 1 1203597.817826 0.207014 0.792986
12183 nad5 1 1203597.817826 0.207576 0.792424
12184 nad5 1 1203597.817826 0.208138 0.791862
12185 nad5 1 1203597.817826 0.208700 0.791300
12186 nad5 1 1203597.817826 0.209262 0.790738
12187 nad5 1 1203597.817826 0.209824 0.790176
12188 nad5 1 1203597.817826 0.210386 0.789614
12189 nad5 1 1203597.817826 0.210947 0.789053
12190 nad5 1 1203597.817826 0.211509 0.788491
12191 nad5 1 1203597.817826 0.212071 0.787929
12192 nad5 1 1203597.817826 0.212633 0.787367
12193 nad5 1 1203597.817826 0.213195 0.786805
12194 nad5 1 1203597.817826 0.213757 0.786243
12195 nad5 1 1203597.817826 0.214319 0.785681
12196 nad5 1 1203597.817826 0.214881 0.785119
12197 nad5 1 1203597.817826 0.215443 0.784557
12198 nad5 1 1203597.817826 0.216005 0.783995
12199 nad5 1 1203597.817826 0.216567 0.783433
12200 nad5 1 1203840.137423 0.217091 0.782909
12201 nad5 1 1203840.137423 0.217653 0.782347
12202 nad5 1 1203840.137423 0.218215 0.781785
12203 nad5 1 1203878.651701 0.218776 0.781224
12204 nad5 1 1203878.651701 0.219338 0.780662
12205 nad5 1 1203878.651701 0.219900 0.780100
12206 nad5 1 1203942.943971 0.220455 0.779545
12207 nad5 1 1203942.943971 0.221017 0.778983
12208 nad5 1 1203942.943971 0.221579 0.778421
12209 nad5 1 1203942.943971 0.222141 0.777859
12210 nad5 1 1203942.943971 0.222703 0.777297
12211 nad5 1 1203942.943971 0.223265 0.776735
12212 nad5 1 1204117.811953 0.223809 0.776191
12213 nad5 1 1204117.811953 0.224371 0.775629
12214 nad5 1 1204117.811953 0.224933 0.775067
12215 nad5 1 1204117.811953 0.225495 0.774505
12216 nad5 1 1204117.811953 0.226057 0.773943
12217 nad5 1 1204117.811953 0.226619 0.773381
12218 nad5 1 1204117.811953 0.227181 0.772819
12219 nad5 1 1204117.811953 0.227743 0.772257
12220 nad5 1 1204117.811953 0.228305 0.771695
12221 nad5 1 1204117.811953 0.228867 0.771133
12222 nad5 1 1204117.811953 0.229429 0.770571
12223 nad5 1 1204117.811953 0.229991 0.770009
12224 nad5 1 1204117.811953 0.230554 0.769446
12225 nad5 1 1204117.811953 0.231116 0.768884
12226 nad5 1 1204117.811953 0.231678 0.768322
12227 nad5 1 1204117.811953 0.232240 0.767760
12228 nad5 1 1204117.811953 0.232802 0.767198
12229 nad5 1 1204117.811953 0.233364 0.766636
12230 nad5 1 1204117.811953 0.233926 0.766074
12231 nad5 1 1204117.811953 0.234488 0.765512
12232 nad5 1 1204117.811953 0.235050 0.764950
12233 nad5 1 1204175.239082 0.235613 0.764387
12234 nad5 1 1204175.239082 0.236175 0.763825
12235 nad5 1 1204175.239082 0.236737 0.763263
12236 nad5 1 1204175.239082 0.237299 0.762701
12237 nad5 1 1204175.239082 0.237861 0.762139
12238 nad5 1 1204175.239082 0.238423 0.761577
12239 nad5 1 1204175.239082 0.238985 0.761015
12240 nad5 1 1204175.239082 0.239547 0.760453
12241 nad5 1 1204175.239082 0.240109 0.759891
12242 nad5 1 1204222.942416 0.240672 0.759328
12243 nad5 1 1204222.942416 0.241234 0.758766
12244 nad5 1 1204222.942416 0.241796 0.758204
12245 nad5 1 1204222.942416 0.242358 0.757642
12246 nad5 1 1204222.942416 0.242920 0.757080
12247 nad5 1 1204222.942416 0.243482 0.756518
12248 nad5 1 1204222.942416 0.244044 0.755956
12249 nad5 1 1204222.942416 0.244606 0.755394
12250 nad5 1 1204222.942416 0.245169 0.754831
12251 nad5 1 1204222.942416 0.245731 0.754269
12252 nad5 1 1204222.942416 0.246293 0.753707
12253 nad5 1 1204222.942416 0.246855 0.753145
12254 nad5 1 1204285.881718 0.247413 0.752587
12255 nad5 1 1204285.881718 0.247975 0.752025
12256 nad5 1 1204285.881718 0.248537 0.751463
12257 nad5 1 1204285.881718 0.249099 0.750901
12258 nad5 1 1204285.881718 0.249661 0.750339
12259 nad5 1 1204285.881718 0.250223 0.749777
12260 nad5 1 1204285.881718 0.250786 0.749214
12261 nad5 1 1204285.881718 0.251348 0.748652
12262 nad5 1 1204285.881718 0.251910 0.748090
12263 nad5 1 1204285.881718 0.252472 0.747528
12264 nad5 1 1204285.881718 0.253034 0.746966
12265 nad5 1 1204285.881718 0.253596 0.746404
12266 nad5 1 1204285.881718 0.254158 0.745842
12267 nad5 1 1204285.881718 0.254720 0.745280
12268 nad5 1 1204285.881718 0.255282 0.744718
12269 nad5 1 1204285.881718 0.255844 0.744156
12270 nad5 1 1204285.881718 0.256406 0.743594
12271 nad5 1 1204285.881718 0.256968 0.743032
12272 nad5 1 1204285.881718 0.257530 0.742470
12273 nad5 1 1204285.881718 0.258092 0.741908
12274 nad5 1 1204285.881718 0.258654 0.741346
12275 nad5 1 1204285.881718 0.259216 0.740784
12276 nad5 1 1204285.881718 0.259778 0.740222
12277 nad5 1 1204285.881718 0.260340 0.739660
12278 nad5 1 1204285.881718 0.260902 0.739098
12279 nad5 1 1204285.881718 0.261465 0.738535
12280 nad5 1 1204285.881718 0.262027 0.737973
12281 nad5 1 1204337.580688 0.262588 0.737412
12282 nad5 1 1204337.580688 0.263150 0.736850
12283 nad5 1 1204337.580688 0.263712 0.736288
12284 nad5 1 1204337.580688 0.264274 0.735726
12285 nad5 1 1204337.580688 0.264836 0.735164
12286 nad5 1 1204337.580688 0.265398 0.734602
12287 nad5 1 1204337.580688 0.265960 0.734040
12288 nad5 1 1204337.580688 0.266522 0.733478
12289 nad5 1 1204337.580688 0.267084 0.732916
12290 nad5 1 1204337.580688 0.267646 0.732354
12291 nad5 1 1204337.580688 0.268208 0.731792
12292 nad5 1 1204337.580688 0.268771 0.731229
12293 nad5 1 1204337.580688 0.269333 0.730667
12294 nad5 1 1204337.580688 0.269895 0.730105
12295 nad5 1 1204337.580688 0.270457 0.729543
12296 nad5 1 1204337.580688 0.271019 0.728981
12297 nad5 1 1204337.580688 0.271581 0.728419
12298 nad5 1 1204337.580688 0.272143 0.727857
12299 nad5 1 1204337.580688 0.272705 0.727295
12300 nad5 1 1204337.580688 0.273267 0.726733
12301 nad5 1 1204337.580688 0.273829 0.726171
12302 nad5 1 1204337.580688 0.274391 0.725609
12303 nad5 1 1204337.580688 0.274953 0.725047
12304 nad5 1 1204337.580688 0.275515 0.724485
12305 nad5 1 1204337.580688 0.276077 0.723923
12306 nad5 1 1204337.580688 0.276639 0.723361
12307 nad5 1 1204337.580688 0.277201 0.722799
12308 nad5 1 1204337.580688 0.277763 0.722237
12309 nad5 1 1204337.580688 0.278325 0.721675
12310 nad5 1 1204337.580688 0.278887 0.721113
12311 nad5 1 1204337.580688 0.279450 0.720550
12312 nad5 1 1204337.580688 0.280012 0.719988
12313 nad5 1 1204337.580688 0.280574 0.719426
12314 nad5 1 1204337.580688 0.281136 0.718864
12315 nad5 1 1204337.580688 0.281698 0.718302
12316 nad5 1 1204337.580688 0.282260 0.717740
12317 nad5 1 1204337.580688 0.282822 0.717178
12318 nad5 1 1204337.580688 0.283384 0.716616
12319 nad5 1 1204337.580688 0.283946 0.716054
12320 nad5 1 1204337.580688 0.284508 0.715492
12321 nad5 1 1204337.580688 0.285070 0.714930
12322 nad5 1 1204337.580688 0.285632 0.714368
12323 nad5 1 1204337.580688 0.286194 0.713806
12324 nad5 1 1204337.580688 0.286756 0.713244
12325 nad5 1 1204337.580688 0.287318 0.712682
12326 nad5 1 1204337.580688 0.287880 0.712120
12327 nad5 1 1204337.580688 0.288442 0.711558
12328 nad5 1 1204337.580688 0.289004 0.710996
12329 nad5 1 1204387.193299 0.289565 0.710435
12330 nad5 1 1204387.193299 0.290127 0.709873
12331 nad5 1 1204387.193299 0.290689 0.709311
12332 nad5 1 1204387.193299 0.291251 0.708749
12333 nad5 1 1204387.193299 0.291813 0.708187
12334 nad5 1 1204387.193299 0.292375 0.707625
12335 nad5 1 1204387.193299 0.292937 0.707063
12336 nad5 1 1204387.193299 0.293499 0.706501
12337 nad5 1 1204387.193299 0.294061 0.705939
12338 nad5 1 1204387.193299 0.294623 0.705377
12339 nad5 1 1204387.193299 0.295185 0.704815
12340 nad5 1 1204387.193299 0.295747 0.704253
12341 nad5 1 1204387.193299 0.296310 0.703690
12342 nad5 1 1204387.193299 0.296872 0.703128
12343 nad5 1 1204387.193299 0.297434 0.702566
12344 nad5 1 1204387.193299 0.297996 0.702004
12345 nad5 1 1204387.193299 0.298558 0.701442
12346 nad5 1 1204387.193299 0.299120 0.700880
12347 nad5 1 1204387.193299 0.299682 0.700318
12348 nad5 1 1204387.193299 0.300244 0.699756
12349 nad5 1 1204387.193299 0.300806 0.699194
12350 nad5 1 1204387.193299 0.301368 0.698632
12351 nad5 1 1204387.193299 0.301930 0.698070
12352 nad5 1 1204387.193299 0.302492 0.697508
12353 nad5 1 1204387.193299 0.303054 0.696946
12354 nad5 1 1204387.193299 0.303616 0.696384
12355 nad5 1 1204387.193299 0.304178 0.695822
12356 nad5 1 1204387.193299 0.304740 0.695260
12357 nad5 1 1204387.193299 0.305302 0.694698
12358 nad5 1 1204387.193299 0.305864 0.694136
12359 nad5 1 1204389.591239 0.306426 0.693574
12360 nad5 1 1204389.591239 0.306988 0.693012
12361 nad5 1 1204389.591239 0.307550 0.692450
12362 nad5 1 1204389.591239 0.308112 0.691888
12363 nad5 1 1204389.591239 0.308674 0.691326
12364 nad5 1 1204389.591239 0.309236 0.690764
12365 nad5 1 1204389.591239 0.309799 0.690201
12366 nad5 1 1204389.591239 0.310361 0.689639
12367 nad5 1 1204389.591239 0.310923 0.689077
12368 nad5 1 1204389.591239 0.311485 0.688515
12369 nad5 1 1204389.591239 0.312047 0.687953
12370 nad5 1 1204389.591239 0.312609 0.687391
12371 nad5 1 1204389.591239 0.313171 0.686829
12372 nad5 1 1204389.591239 0.313733 0.686267
12373 nad5 1 1204389.591239 0.314295 0.685705
12374 nad5 1 1204389.591239 0.314857 0.685143
12375 nad5 1 1204389.591239 0.315420 0.684580
12376 nad5 1 1204389.591239 0.315982 0.684018
12377 nad5 1 1204389.591239 0.316544 0.683456
12378 nad5 1 1204389.591239 0.317106 0.682894
12379 nad5 1 1204389.591239 0.317668 0.682332
12380 nad5 1 1204389.591239 0.318230 0.681770
12381 nad5 1 1204389.591239 0.318792 0.681208
12382 nad5 1 1204389.591239 0.319354 0.680646
12383 nad5 1 1204389.591239 0.319916 0.680084
12384 nad5 1 1204389.591239 0.320479 0.679521
12385 nad5 1 1204389.591239 0.321041 0.678959
12386 nad5 1 1204389.591239 0.321603 0.678397
12387 nad5 1 1204389.591239 0.322165 0.677835
12388 nad5 1 1204389.591239 0.322727 0.677273
12389 nad5 1 1204389.591239 0.323289 0.676711
12390 nad5 1 1204389.591239 0.323851 0.676149
12391 nad5 1 1204389.591239 0.324413 0.675587
12392 nad5 1 1204389.591239 0.324975 0.675025
12393 nad5 1 1204389.591239 0.325537 0.674463
12394 nad5 1 1204389.591239 0.326100 0.673900
12395 nad5 1 1204389.591239 0.326662 0.673338
12396 nad5 1 1204389.591239 0.327224 0.672776
12397 nad5 1 1204389.591239 0.327786 0.672214
12398 nad5 1 1204389.591239 0.328348 0.671652
12399 nad5 1 1204389.591239 0.328910 0.671090
12400 nad5 1 1204389.591239 0.329472 0.670528
12401 nad5 1 1204389.591239 0.330034 0.669966
12402 nad5 1 1204389.591239 0.330596 0.669404
12403 nad5 1 1204389.591239 0.331158 0.668842
12404 nad5 1 1204389.591239 0.331721 0.668279
12405 nad5 1 1204389.591239 0.332283 0.667717
12406 nad5 1 1204389.591239 0.332845 0.667155
12407 nad5 1 1204389.591239 0.333407 0.666593
12408 nad5 1 1204389.591239 0.333969 0.666031
12409 nad5 1 1204389.591239 0.334531 0.665469
12410 nad5 1 1204389.591239 0.335093 0.664907
12411 nad5 1 1204389.591239 0.335655 0.664345
12412 nad5 1 1204389.591239 0.336217 0.663783
12413 nad5 1 1204389.591239 0.336779 0.663221
12414 nad5 1 1204389.591239 0.337342 0.662658
12415 nad5 1 1204389.591239 0.337904 0.662096
12416 nad5 1 1204389.591239 0.338466 0.661534
12417 nad5 1 1204389.591239 0.339028 0.660972
12418 nad5 1 1204389.591239 0.339590 0.660410
12419 nad5 1 1204389.591239 0.340152 0.659848
12420 nad5 1 1204389.591239 0.340714 0.659286
12421 nad5 1 1204389.591239 0.341276 0.658724
12422 nad5 1 1204389.591239 0.341838 0.658162
12423 nad5 1 1204389.591239 0.342401 0.657599
12424 nad5 1 1204389.591239 0.342963 0.657037
12425 nad5 1 1204389.591239 0.343525 0.656475
12426 nad5 1 1204389.591239 0.344087 0.655913
12427 nad5 1 1204389.591239 0.344649 0.655351
12428 nad5 1 1204389.591239 0.345211 0.654789
12429 nad5 1 1204389.591239 0.345773 0.654227
12430 nad5 1 1204389.591239 0.346335 0.653665
12431 nad5 1 1204389.591239 0.346897 0.653103
12432 nad5 1 1204389.591239 0.347459 0.652541
12433 nad5 1 1204389.591239 0.348022 0.651978
12434 nad5 1 1204389.591239 0.348584 0.651416
12435 nad5 1 1204389.591239 0.349146 0.650854
12436 nad5 1 1204389.591239 0.349708 0.650292
12437 nad5 1 1204389.591239 0.350270 0.649730
12438 nad5 1 1204389.591239 0.350832 0.649168
12439 nad5 1 1204389.591239 0.351394 0.648606
12440 nad5 1 1204389.591239 0.351956 0.648044
12441 nad5 1 1204389.591239 0.352518 0.647482
12442 nad5 1 1204389.591239 0.353080 0.646920
12443 nad5 1 1204389.591239 0.353643 0.646357
12444 nad5 1 1204389.591239 0.354205 0.645795
12445 nad5 1 1204389.591239 0.354767 0.645233
12446 nad5 1 1204389.591239 0.355329 0.644671
12447 nad5 1 1204389.591239 0.355891 0.644109
12448 nad5 1 1204389.591239 0.356453 0.643547
12449 nad5 1 1204414.856815 0.357008 0.642992
12450 nad5 1 1204414.856815 0.357570 0.642430
12451 nad5 1 1204414.856815 0.358132 0.641868
12452 nad5 1 1204414.856815 0.358694 0.641306
12453 nad5 1 1204414.856815 0.359256 0.640744
12454 nad5 1 1204414.856815 0.359819 0.640181
12455 nad5 1 1204414.856815 0.360381 0.639619
12456 nad5 1 1204414.856815 0.360943 0.639057
12457 nad5 1 1204414.856815 0.361505 0.638495
12458 nad5 1 1204414.856815 0.362067 0.637933
12459 nad5 1 1204414.856815 0.362629 0.637371
12460 nad5 1 1204414.856815 0.363191 0.636809
12461 nad5 1 1204414.856815 0.363753 0.636247
12462 nad5 1 1204414.856815 0.364315 0.635685
12463 nad5 1 1204414.856815 0.364878 0.635122
12464 nad5 1 1204414.856815 0.365440 0.634560
12465 nad5 1 1204414.856815 0.366002 0.633998
12466 nad5 1 1204414.856815 0.366564 0.633436
12467 nad5 1 1204414.856815 0.367126 0.632874
12468 nad5 1 1204414.856815 0.367688 0.632312
12469 nad5 1 1204414.856815 0.368250 0.631750
12470 nad5 1 1204414.856815 0.368812 0.631188
12471 nad5 1 1204414.856815 0.369375 0.630625
12472 nad5 1 1204414.856815 0.369937 0.630063
12473 nad5 1 1204414.856815 0.370499 0.629501
12474 nad5 1 1204414.856815 0.371061 0.628939
12475 nad5 1 1204414.856815 0.371623 0.628377
12476 nad5 1 1204414.856815 0.372185 0.627815
12477 nad5 1 1204414.856815 0.372747 0.627253
12478 nad5 1 1204414.856815 0.373309 0.626691
12479 nad5 1 1204414.856815 0.373871 0.626129
12480 nad5 1 1204414.856815 0.374434 0.625566
12481 nad5 1 1204414.856815 0.374996 0.625004
12482 nad5 1 1204414.856815 0.375558 0.624442
12483 nad5 1 1204414.856815 0.376120 0.623880
12484 nad5 1 1204414.856815 0.376682 0.623318
12485 nad5 1 1204414.856815 0.377244 0.622756
12486 nad5 1 1204414.856815 0.377806 0.622194
12487 nad5 1 1204414.856815 0.378368 0.621632
12488 nad5 1 1204414.856815 0.378931 0.621069
12489 nad5 1 1204414.856815 0.379493 0.620507
12490 nad5 1 1204414.856815 0.380055 0.619945
12491 nad5 1 1204414.856815 0.380617 0.619383
12492 nad5 1 1204414.856815 0.381179 0.618821
12493 nad5 1 1204414.856815 0.381741 0.618259
12494 nad5 1 1204414.856815 0.382303 0.617697
12495 nad5 1 1204414.856815 0.382865 0.617135
12496 nad5 1 1204414.856815 0.383428 0.616572
12497 nad5 1 1204414.856815 0.383990 0.616010
12498 nad5 1 1204414.856815 0.384552 0.615448
12499 nad5 1 1204414.856815 0.385114 0.614886
12500 nad5 1 1204414.856815 0.385676 0.614324
12501 nad5 1 1204414.856815 0.386238 0.613762
12502 nad5 1 1204414.856815 0.386800 0.613200
12503 nad5 1 1204414.856815 0.387362 0.612638
12504 nad5 1 1204414.856815 0.387924 0.612076
12505 nad5 1 1204414.856815 0.388487 0.611513
12506 nad5 1 1204414.856815 0.389049 0.610951
12507 nad5 1 1204414.856815 0.389611 0.610389
12508 nad5 1 1204414.856815 0.390173 0.609827
12509 nad5 1 1204414.856815 0.390735 0.609265
12510 nad5 1 1204414.856815 0.391297 0.608703
12511 nad5 1 1204414.856815 0.391859 0.608141
12512 nad5 1 1204414.856815 0.392421 0.607579
12513 nad5 1 1204414.856815 0.392984 0.607016
12514 nad5 1 1204414.856815 0.393546 0.606454
12515 nad5 1 1204414.856815 0.394108 0.605892
12516 nad5 1 1204414.856815 0.394670 0.605330
12517 nad5 1 1204414.856815 0.395232 0.604768
12518 nad5 1 1204414.856815 0.395794 0.604206
12519 nad5 1 1204414.856815 0.396356 0.603644
12520 nad5 1 1204414.856815 0.396918 0.603082
12521 nad5 1 1204414.856815 0.397481 0.602519
12522 nad5 1 1204414.856815 0.398043 0.601957
12523 nad5 1 1204414.856815 0.398605 0.601395
12524 nad5 1 1204414.856815 0.399167 0.600833
12525 nad5 1 1204414.856815 0.399729 0.600271
12526 nad5 1 1204414.856815 0.400291 0.599709
12527 nad5 1 1204414.856815 0.400853 0.599147
12528 nad5 1 1204414.856815 0.401415 0.598585
12529 nad5 1 1204414.856815 0.401977 0.598023
12530 nad5 1 1204414.856815 0.402540 0.597460
12531 nad5 1 1204414.856815 0.403102 0.596898
12532 nad5 1 1204414.856815 0.403664 0.596336
12533 nad5 1 1204414.856815 0.404226 0.595774
12534 nad5 1 1204414.856815 0.404788 0.595212
12535 nad5 1 1204414.856815 0.405350 0.594650
12536 nad5 1 1204414.856815 0.405912 0.594088
12537 nad5 1 1204414.856815 0.406474 0.593526
12538 nad5 1 1204414.856815 0.407037 0.592963
12539 nad5 1 1204414.856815 0.407599 0.592401
12540 nad5 1 1204414.856815 0.408161 0.591839
12541 nad5 1 1204414.856815 0.408723 0.591277
12542 nad5 1 1204414.856815 0.409285 0.590715
12543 nad5 1 1204414.856815 0.409847 0.590153
12544 nad5 1 1204414.856815 0.410409 0.589591
12545 nad5 1 1204414.856815 0.410971 0.589029
12546 nad5 1 1204414.856815 0.411534 0.588466
12547 nad5 1 1204414.856815 0.412096 0.587904
12548 nad5 1 1204414.856815 0.412658 0.587342
12549 nad5 1 1204414.856815 0.413220 0.586780
12550 nad5 1 1204414.856815 0.413782 0.586218
12551 nad5 1 1204414.856815 0.414344 0.585656
12552 nad5 1 1204414.856815 0.414906 0.585094
12553 nad5 1 1204414.856815 0.415468 0.584532
12554 nad5 1 1204414.856815 0.416030 0.583970
12555 nad5 1 1204414.856815 0.416593 0.583407
12556 nad5 1 1204414.856815 0.417155 0.582845
12557 nad5 1 1204414.856815 0.417717 0.582283
12558 nad5 1 1204414.856815 0.418279 0.581721
12559 nad5 1 1204414.856815 0.418841 0.581159
12560 nad5 1 1204414.856815 0.419403 0.580597
12561 nad5 1 1204414.856815 0.419965 0.580035
12562 nad5 1 1204414.856815 0.420527 0.579473
12563 nad5 1 1204414.856815 0.421090 0.578910
12564 nad5 1 1204414.856815 0.421652 0.578348
12565 nad5 1 1204414.856815 0.422214 0.577786
12566 nad5 1 1204414.856815 0.422776 0.577224
12567 nad5 1 1204414.856815 0.423338 0.576662
12568 nad5 1 1204414.856815 0.423900 0.576100
12569 nad5 1 1204414.856815 0.424462 0.575538
12570 nad5 1 1204414.856815 0.425024 0.574976
12571 nad5 1 1204414.856815 0.425586 0.574414
12572 nad5 1 1204414.856815 0.426149 0.573851
12573 nad5 1 1204414.856815 0.426711 0.573289
12574 nad5 1 1204414.856815 0.427273 0.572727
12575 nad5 1 1204414.856815 0.427835 0.572165
12576 nad5 1 1204414.856815 0.428397 0.571603
12577 nad5 1 1204414.856815 0.428959 0.571041
12578 nad5 1 1204414.856815 0.429521 0.570479
12579 nad5 1 1204414.856815 0.430083 0.569917
12580 nad5 1 1204414.856815 0.430646 0.569354
12581 nad5 1 1204414.856815 0.431208 0.568792
12582 nad5 1 1204414.856815 0.431770 0.568230
12583 nad5 1 1204414.856815 0.432332 0.567668
12584 nad5 1 1204414.856815 0.432894 0.567106
12585 nad5 1 1204414.856815 0.433456 0.566544
12586 nad5 1 1204414.856815 0.434018 0.565982
12587 nad5 1 1204414.856815 0.434580 0.565420
12588 nad5 1 1204414.856815 0.435143 0.564857
12589 nad5 1 1204414.856815 0.435705 0.564295
12590 nad5 1 1204414.856815 0.436267 0.563733
12591 nad5 1 1204414.856815 0.436829 0.563171
12592 nad5 1 1204414.856815 0.437391 0.562609
12593 nad5 1 1204414.856815 0.437953 0.562047
12594 nad5 1 1204414.856815 0.438515 0.561485
12595 nad5 1 1204414.856815 0.439077 0.560923
12596 nad5 1 1204414.856815 0.439639 0.560361
12597 nad5 1 1204414.856815 0.440202 0.559798
12598 nad5 1 1204414.856815 0.440764 0.559236
12599 nad5 1 1204414.856815 0.441326 0.558674
12600 nad5 1 1204414.856815 0.441888 0.558112
12601 nad5 1 1204414.856815 0.442450 0.557550
12602 nad5 1 1204414.856815 0.443012 0.556988
12603 nad5 1 1204414.856815 0.443574 0.556426
12604 nad5 1 1204414.856815 0.444136 0.555864
12605 nad5 1 1204414.856815 0.444699 0.555301
12606 nad5 1 1204414.856815 0.445261 0.554739
12607 nad5 1 1204414.856815 0.445823 0.554177
12608 nad5 1 1204414.856815 0.446385 0.553615
12609 nad5 1 1204414.856815 0.446947 0.553053
12610 nad5 1 1204414.856815 0.447509 0.552491
12611 nad5 1 1204414.856815 0.448071 0.551929
12612 nad5 1 1204414.856815 0.448633 0.551367
12613 nad5 1 1204414.856815 0.449196 0.550804
12614 nad5 1 1204414.856815 0.449758 0.550242
12615 nad5 1 1204414.856815 0.450320 0.549680
12616 nad5 1 1204414.856815 0.450882 0.549118
12617 nad5 1 1204414.856815 0.451444 0.548556
12618 nad5 1 1204414.856815 0.452006 0.547994
12619 nad5 1 1204414.856815 0.452568 0.547432
12620 nad5 1 1204414.856815 0.453130 0.546870
12621 nad5 1 1204414.856815 0.453692 0.546308
12622 nad5 1 1204414.856815 0.454255 0.545745
12623 nad5 1 1204414.856815 0.454817 0.545183
12624 nad5 1 1204414.856815 0.455379 0.544621
12625 nad5 1 1204414.856815 0.455941 0.544059
12626 nad5 1 1204414.856815 0.456503 0.543497
12627 nad5 1 1204414.856815 0.457065 0.542935
12628 nad5 1 1204414.856815 0.457627 0.542373
12629 nad5 1 1204414.856815 0.458189 0.541811
12630 nad5 1 1204414.856815 0.458752 0.541248
12631 nad5 1 1204414.856815 0.459314 0.540686
12632 nad5 1 1204414.856815 0.459876 0.540124
12633 nad5 1 1204414.856815 0.460438 0.539562
12634 nad5 1 1204414.856815 0.461000 0.539000
12635 nad5 1 1204414.856815 0.461562 0.538438
12636 nad5 1 1204414.856815 0.462124 0.537876
12637 nad5 1 1204414.856815 0.462686 0.537314
12638 nad5 1 1204414.856815 0.463249 0.536751
12639 nad5 1 1204414.856815 0.463811 0.536189
12640 nad5 1 1204414.856815 0.464373 0.535627
12641 nad5 1 1204414.856815 0.464935 0.535065
12642 nad5 1 1204414.856815 0.465497 0.534503
12643 nad5 1 1204414.856815 0.466059 0.533941
12644 nad5 1 1204414.856815 0.466621 0.533379
12645 nad5 1 1204414.856815 0.467183 0.532817
12646 nad5 1 1204414.856815 0.467745 0.532255
12647 nad5 1 1204414.856815 0.468308 0.531692
12648 nad5 1 1204414.856815 0.468870 0.531130
12649 nad5 1 1204414.856815 0.469432 0.530568
12650 nad5 1 1204414.856815 0.469994 0.530006
12651 nad5 1 1204414.856815 0.470556 0.529444
12652 nad5 1 1204414.856815 0.471118 0.528882
12653 nad5 1 1204414.856815 0.471680 0.528320
12654 nad5 1 1204414.856815 0.472242 0.527758
12655 nad5 1 1204414.856815 0.472805 0.527195
12656 nad5 1 1204414.856815 0.473367 0.526633
12657 nad5 1 1204414.856815 0.473929 0.526071
12658 nad5 1 1204414.856815 0.474491 0.525509
12659 nad5 1 1204414.856815 0.475053 0.524947
12660 nad5 1 1204414.856815 0.475615 0.524385
12661 nad5 1 1204414.856815 0.476177 0.523823
12662 nad5 1 1204414.856815 0.476739 0.523261
12663 nad5 1 1204414.856815 0.477301 0.522699
12664 nad5 1 1204414.856815 0.477864 0.522136
12665 nad5 1 1204414.856815 0.478426 0.521574
12666 nad5 1 1204414.856815 0.478988 0.521012
12667 nad5 1 1204414.856815 0.479550 0.520450
12668 nad5 1 1204414.856815 0.480112 0.519888
12669 nad5 1 1204414.856815 0.480674 0.519326
12670 nad5 1 1204414.856815 0.481236 0.518764
12671 nad5 1 1204414.856815 0.481798 0.518202
12672 nad5 1 1204414.856815 0.482361 0.517639
12673 nad5 1 1204414.856815 0.482923 0.517077
12674 nad5 1 1204414.856815 0.483485 0.516515
12675 nad5 1 1204414.856815 0.484047 0.515953
12676 nad5 1 1204414.856815 0.484609 0.515391
12677 nad5 1 1204414.856815 0.485171 0.514829
12678 nad5 1 1204414.856815 0.485733 0.514267
12679 nad5 1 1204414.856815 0.486295 0.513705
12680 nad5 1 1204414.856815 0.486858 0.513142
12681 nad5 1 1204414.856815 0.487420 0.512580
12682 nad5 1 1204414.856815 0.487982 0.512018
12683 nad5 1 1204414.856815 0.488544 0.511456
12684 nad5 1 1204414.856815 0.489106 0.510894
12685 nad5 1 1204414.856815 0.489668 0.510332
12686 nad5 1 1204414.856815 0.490230 0.509770
12687 nad5 1 1204414.856815 0.490792 0.509208
12688 nad5 1 1204414.856815 0.491354 0.508646
12689 nad5 1 1204414.856815 0.491917 0.508083
12690 nad5 1 1204414.856815 0.492479 0.507521
12691 nad5 1 1204414.856815 0.493041 0.506959
12692 nad5 1 1204414.856815 0.493603 0.506397
12693 nad5 1 1204414.856815 0.494165 0.505835
12694 nad5 1 1204414.856815 0.494727 0.505273
12695 nad5 1 1204414.856815 0.495289 0.504711
12696 nad5 1 1204414.856815 0.495851 0.504149
12697 nad5 1 1204414.856815 0.496414 0.503586
12698 nad5 1 1204414.856815 0.496976 0.503024
12699 nad5 1 1204414.856815 0.497538 0.502462
12700 nad5 1 1204414.856815 0.498100 0.501900
12701 nad5 1 1204414.856815 0.498662 0.501338
12702 nad5 1 1204414.856815 0.499224 0.500776
12703 nad5 1 1204414.856815 0.499786 0.500214
12704 nad5 1 1204414.856815 0.500348 0.499652
12705 nad5 1 1204414.856815 0.500911 0.499089
12706 nad5 1 1204414.856815 0.501473 0.498527
12707 nad5 1 1204414.856815 0.502035 0.497965
12708 nad5 1 1204414.856815 0.502597 0.497403
12709 nad5 1 1204414.856815 0.503159 0.496841
12710 nad5 1 1204414.856815 0.503721 0.496279
12711 nad5 1 1204414.856815 0.504283 0.495717
12712 nad5 1 1204414.856815 0.504845 0.495155
12713 nad5 1 1204414.856815 0.505407 0.494593
12714 nad5 1 1204414.856815 0.505970 0.494030
12715 nad5 1 1204414.856815 0.506532 0.493468
12716 nad5 1 1204414.856815 0.507094 0.492906
12717 nad5 1 1204414.856815 0.507656 0.492344
12718 nad5 1 1204414.856815 0.508218 0.491782
12719 nad5 1 1204414.856815 0.508780 0.491220
12720 nad5 1 1204414.856815 0.509342 0.490658
12721 nad5 1 1204414.856815 0.509904 0.490096
12722 nad5 1 1204414.856815 0.510467 0.489533
12723 nad5 1 1204414.856815 0.511029 0.488971
12724 nad5 1 1204414.856815 0.511591 0.488409
12725 nad5 1 1204414.856815 0.512153 0.487847
12726 nad5 1 1204414.856815 0.512715 0.487285
12727 nad5 1 1204414.856815 0.513277 0.486723
12728 nad5 1 1204414.856815 0.513839 0.486161
12729 nad5 1 1204414.856815 0.514401 0.485599
12730 nad5 1 1204414.856815 0.514964 0.485036
12731 nad5 1 1204414.856815 0.515526 0.484474
12732 nad5 1 1204414.856815 0.516088 0.483912
12733 nad5 1 1204414.856815 0.516650 0.483350
12734 nad5 1 1204414.856815 0.517212 0.482788
12735 nad5 1 1204414.856815 0.517774 0.482226
12736 nad5 1 1204414.856815 0.518336 0.481664
12737 nad5 1 1204414.856815 0.518898 0.481102
12738 nad5 1 1204414.856815 0.519460 0.480540
12739 nad5 1 1204414.856815 0.520023 0.479977
12740 nad5 1 1204414.856815 0.520585 0.479415
12741 nad5 1 1204414.856815 0.521147 0.478853
12742 nad5 1 1204414.856815 0.521709 0.478291
12743 nad5 1 1204414.856815 0.522271 0.477729
12744 nad5 1 1204414.856815 0.522833 0.477167
12745 nad5 1 1204414.856815 0.523395 0.476605
12746 nad5 1 1204414.856815 0.523957 0.476043
12747 nad5 1 1204414.856815 0.524520 0.475480
12748 nad5 1 1204414.856815 0.525082 0.474918
12749 nad5 1 1204414.856815 0.525644 0.474356
12750 nad5 1 1204414.856815 0.526206 0.473794
12751 nad5 1 1204414.856815 0.526768 0.473232
12752 nad5 1 1204414.856815 0.527330 0.472670
12753 nad5 1 1204414.856815 0.527892 0.472108
12754 nad5 1 1204414.856815 0.528454 0.471546
12755 nad5 1 1204414.856815 0.529016 0.470984
12756 nad5 1 1204414.856815 0.529579 0.470421
12757 nad5 1 1204414.856815 0.530141 0.469859
12758 nad5 1 1204414.856815 0.530703 0.469297
12759 nad5 1 1204414.856815 0.531265 0.468735
12760 nad5 1 1204414.856815 0.531827 0.468173
12761 nad5 1 1204414.856815 0.532389 0.467611
12762 nad5 1 1204414.856815 0.532951 0.467049
12763 nad5 1 1204414.856815 0.533513 0.466487
12764 nad5 1 1204414.856815 0.534076 0.465924
12765 nad5 1 1204414.856815 0.534638 0.465362
12766 nad5 1 1204414.856815 0.535200 0.464800
12767 nad5 1 1204414.856815 0.535762 0.464238
12768 nad5 1 1204414.856815 0.536324 0.463676
12769 nad5 1 1204414.856815 0.536886 0.463114
12770 nad5 1 1204414.856815 0.537448 0.462552
12771 nad5 1 1204414.856815 0.538010 0.461990
12772 nad5 1 1204414.856815 0.538573 0.461427
12773 nad5 1 1204414.856815 0.539135 0.460865
12774 nad5 1 1204414.856815 0.539697 0.460303
12775 nad5 1 1204414.856815 0.540259 0.459741
12776 nad5 1 1204414.856815 0.540821 0.459179
12777 nad5 1 1204414.856815 0.541383 0.458617
12778 nad5 1 1204414.856815 0.541945 0.458055
12779 nad5 1 1204414.856815 0.542507 0.457493
12780 nad5 1 1204414.856815 0.543069 0.456931
12781 nad5 1 1204414.856815 0.543632 0.456368
12782 nad5 1 1204414.856815 0.544194 0.455806
12783 nad5 1 1204414.856815 0.544756 0.455244
12784 nad5 1 1204414.856815 0.545318 0.454682
12785 nad5 1 1204414.856815 0.545880 0.454120
12786 nad5 1 1204414.856815 0.546442 0.453558
12787 nad5 1 1204414.856815 0.547004 0.452996
12788 nad5 1 1204414.856815 0.547566 0.452434
12789 nad5 1 1204414.856815 0.548129 0.451871
12790 nad5 1 1204414.856815 0.548691 0.451309
12791 nad5 1 1204414.856815 0.549253 0.450747
12792 nad5 1 1204414.856815 0.549815 0.450185
12793 nad5 1 1204414.856815 0.550377 0.449623
12794 nad5 1 1204414.856815 0.550939 0.449061
12795 nad5 1 1204414.856815 0.551501 0.448499
12796 nad5 1 1204414.856815 0.552063 0.447937
12797 nad5 1 1204414.856815 0.552626 0.447374
12798 nad5 1 1204414.856815 0.553188 0.446812
12799 nad5 1 1204414.856815 0.553750 0.446250
12800 nad5 1 1204275.273455 0.554261 0.445739
12801 nad5 1 1204275.273455 0.554823 0.445177
12802 nad5 1 1204275.273455 0.555385 0.444615
12803 nad5 1 1204242.938097 0.555947 0.444053
12804 nad5 1 1204242.938097 0.556509 0.443491
12805 nad5 1 1204242.938097 0.557071 0.442929
12806 nad5 1 1204242.938097 0.557633 0.442367
12807 nad5 1 1204242.938097 0.558195 0.441805
12808 nad5 1 1204242.938097 0.558757 0.441243
12809 nad5 1 1204242.938097 0.559319 0.440681
12810 nad5 1 1204242.938097 0.559881 0.440119
12811 nad5 1 1204242.938097 0.560443 0.439557
12812 nad5 1 1204109.147612 0.561002 0.438998
12813 nad5 1 1204109.147612 0.561564 0.438436
12814 nad5 1 1204109.147612 0.562126 0.437874
12815 nad5 1 1204044.957610 0.562685 0.437315
12816 nad5 1 1204044.957610 0.563247 0.436753
12817 nad5 1 1204044.957610 0.563809 0.436191
12818 nad5 1 1204044.957610 0.564371 0.435629
12819 nad5 1 1204044.957610 0.564934 0.435066
12820 nad5 1 1204044.957610 0.565496 0.434504
12821 nad5 1 1204044.957610 0.566058 0.433942
12822 nad5 1 1204044.957610 0.566620 0.433380
12823 nad5 1 1204044.957610 0.567182 0.432818
12824 nad5 1 1204044.957610 0.567744 0.432256
12825 nad5 1 1204044.957610 0.568306 0.431694
12826 nad5 1 1204044.957610 0.568868 0.431132
12827 nad5 1 1204024.887539 0.569431 0.430569
12828 nad5 1 1204024.887539 0.569993 0.430007
12829 nad5 1 1204024.887539 0.570555 0.429445
12830 nad5 1 1204024.887539 0.571117 0.428883
12831 nad5 1 1204024.887539 0.571679 0.428321
12832 nad5 1 1204024.887539 0.572241 0.427759
12833 nad5 1 1204024.887539 0.572803 0.427197
12834 nad5 1 1204024.887539 0.573365 0.426635
12835 nad5 1 1204024.887539 0.573927 0.426073
12836 nad5 1 1204024.887539 0.574489 0.425511
12837 nad5 1 1204024.887539 0.575051 0.424949
12838 nad5 1 1204024.887539 0.575613 0.424387
12839 nad5 1 1204024.887539 0.576175 0.423825
12840 nad5 1 1204024.887539 0.576737 0.423263
12841 nad5 1 1204024.887539 0.577299 0.422701
12842 nad5 1 1204024.887539 0.577861 0.422139
12843 nad5 1 1204024.887539 0.578423 0.421577
12844 nad5 1 1204024.887539 0.578985 0.421015
12845 nad5 1 1204024.887539 0.579547 0.420453
12846 nad5 1 1204024.887539 0.580110 0.419890
12847 nad5 1 1204024.887539 0.580672 0.419328
12848 nad5 1 1204002.258607 0.581233 0.418767
12849 nad5 1 1204002.258607 0.581795 0.418205
12850 nad5 1 1204002.258607 0.582357 0.417643
12851 nad5 1 1204002.258607 0.582919 0.417081
12852 nad5 1 1204002.258607 0.583481 0.416519
12853 nad5 1 1204002.258607 0.584043 0.415957
12854 nad5 1 1203981.199621 0.584606 0.415394
12855 nad5 1 1203981.199621 0.585168 0.414832
12856 nad5 1 1203981.199621 0.585730 0.414270
12857 nad5 1 1203949.896851 0.586289 0.413711
12858 nad5 1 1203949.896851 0.586851 0.413149
12859 nad5 1 1203949.896851 0.587413 0.412587
12860 nad5 1 1203889.911164 0.587967 0.412033
12861 nad5 1 1203889.911164 0.588529 0.411471
12862 nad5 1 1203889.911164 0.589091 0.410909
12863 nad5 1 1203889.911164 0.589653 0.410347
12864 nad5 1 1203889.911164 0.590215 0.409785
12865 nad5 1 1203889.911164 0.590777 0.409223
12866 nad5 1 1203858.462614 0.591343 0.408657
12867 nad5 1 1203858.462614 0.591905 0.408095
12868 nad5 1 1203858.462614 0.592467 0.407533
12869 nad5 1 1203758.260089 0.593030 0.406970
12870 nad5 1 1203758.260089 0.593592 0.406408
12871 nad5 1 1203758.260089 0.594154 0.405846
12872 nad5 1 1203758.260089 0.594716 0.405284
12873 nad5 1 1203758.260089 0.595278 0.404722
12874 nad5 1 1203758.260089 0.595840 0.404160
12875 nad5 1 1203758.260089 0.596402 0.403598
12876 nad5 1 1203758.260089 0.596964 0.403036
12877 nad5 1 1203758.260089 0.597526 0.402474
12878 nad5 1 1203758.260089 0.598088 0.401912
12879 nad5 1 1203758.260089 0.598650 0.401350
12880 nad5 1 1203758.260089 0.599212 0.400788
12881 nad5 1 1203758.260089 0.599774 0.400226
12882 nad5 1 1203758.260089 0.600336 0.399664
12883 nad5 1 1203758.260089 0.600898 0.399102
12884 nad5 1 1203758.260089 0.601460 0.398540
12885 nad5 1 1203758.260089 0.602022 0.397978
12886 nad5 1 1203758.260089 0.602584 0.397416
12887 nad5 1 1203758.260089 0.603146 0.396854
12888 nad5 1 1203758.260089 0.603708 0.396292
12889 nad5 1 1203758.260089 0.604270 0.395730
12890 nad5 1 1203755.862149 0.604807 0.395193
12891 nad5 1 1203755.862149 0.605369 0.394631
12892 nad5 1 1203755.862149 0.605931 0.394069
12893 nad5 1 1203755.862149 0.606493 0.393507
12894 nad5 1 1203755.862149 0.607055 0.392945
12895 nad5 1 1203755.862149 0.607617 0.392383
12896 nad5 1 1203755.862149 0.608179 0.391821
12897 nad5 1 1203755.862149 0.608741 0.391259
12898 nad5 1 1203755.862149 0.609303 0.390697
12899 nad5 1 1203755.862149 0.609865 0.390135
12900 nad5 1 1203755.862149 0.610426 0.389574
12901 nad5 1 1203755.862149 0.610988 0.389012
12902 nad5 1 1203755.862149 0.611550 0.388450
12903 nad5 1 1203755.862149 0.612112 0.387888
12904 nad5 1 1203755.862149 0.612674 0.387326
12905 nad5 1 1203666.475972 0.613238 0.386762
12906 nad5 1 1203666.475972 0.613799 0.386201
12907 nad5 1 1203666.475972 0.614361 0.385639
12908 nad5 1 1203666.475972 0.614923 0.385077
12909 nad5 1 1203666.475972 0.615485 0.384515
12910 nad5 1 1203666.475972 0.616047 0.383953
12911 nad5 1 1203666.475972 0.616609 0.383391
12912 nad5 1 1203666.475972 0.617171 0.382829
12913 nad5 1 1203666.475972 0.617733 0.382267
12914 nad5 1 1203666.475972 0.618295 0.381705
12915 nad5 1 1203666.475972 0.618857 0.381143
12916 nad5 1 1203666.475972 0.619419 0.380581
12917 nad5 1 1203666.475972 0.619981 0.380019
12918 nad5 1 1203666.475972 0.620543 0.379457
12919 nad5 1 1203666.475972 0.621104 0.378896
12920 nad5 1 1203666.475972 0.621666 0.378334
12921 nad5 1 1203666.475972 0.622228 0.377772
12922 nad5 1 1203666.475972 0.622790 0.377210
12923 nad5 1 1203666.475972 0.623352 0.376648
12924 nad5 1 1203666.475972 0.623914 0.376086
12925 nad5 1 1203666.475972 0.624476 0.375524
12926 nad5 1 1203666.475972 0.625038 0.374962
12927 nad5 1 1203666.475972 0.625600 0.374400
12928 nad5 1 1203666.475972 0.626162 0.373838
12929 nad5 1 1203666.475972 0.626724 0.373276
12930 nad5 1 1203666.475972 0.627286 0.372714
12931 nad5 1 1203666.475972 0.627847 0.372153
12932 nad5 1 1203666.475972 0.628409 0.371591
12933 nad5 1 1203666.475972 0.628971 0.371029
12934 nad5 1 1203666.475972 0.629533 0.370467
12935 nad5 1 1203666.475972 0.630095 0.369905
12936 nad5 1 1203666.475972 0.630657 0.369343
12937 nad5 1 1203666.475972 0.631219 0.368781
12938 nad5 1 1203623.932338 0.631741 0.368259
12939 nad5 1 1203623.932338 0.632303 0.367697
12940 nad5 1 1203623.932338 0.632864 0.367136
12941 nad5 1 1203623.932338 0.633426 0.366574
12942 nad5 1 1203623.932338 0.633988 0.366012
12943 nad5 1 1203623.932338 0.634550 0.365450
12944 nad5 1 1203623.932338 0.635112 0.364888
12945 nad5 1 1203623.932338 0.635674 0.364326
12946 nad5 1 1203623.932338 0.636236 0.363764
12947 nad5 1 1203623.932338 0.636798 0.363202
12948 nad5 1 1203623.932338 0.637359 0.362641
12949 nad5 1 1203623.932338 0.637921 0.362079
12950 nad5 1 1203623.932338 0.638483 0.361517
12951 nad5 1 1203623.932338 0.639045 0.360955
12952 nad5 1 1203623.932338 0.639607 0.360393
12953 nad5 1 1203623.932338 0.640169 0.359831
12954 nad5 1 1203623.932338 0.640731 0.359269
12955 nad5 1 1203623.932338 0.641293 0.358707
12956 nad5 1 1203623.932338 0.641854 0.358146
12957 nad5 1 1203623.932338 0.642416 0.357584
12958 nad5 1 1203623.932338 0.642978 0.357022
12959 nad5 1 1203516.903576 0.643537 0.356463
12960 nad5 1 1203516.903576 0.644099 0.355901
12961 nad5 1 1203516.903576 0.644661 0.355339
12962 nad5 1 1203242.204605 0.645201 0.354799
12963 nad5 1 1203242.204605 0.645763 0.354237
12964 nad5 1 1203242.204605 0.646324 0.353676
12965 nad5 1 1203202.994186 0.646886 0.353114
12966 nad5 1 1203202.994186 0.647448 0.352552
12967 nad5 1 1203202.994186 0.648010 0.351990
12968 nad5 1 1203142.577757 0.648570 0.351430
12969 nad5 1 1203142.577757 0.649131 0.350869
12970 nad5 1 1203142.577757 0.649693 0.350307
12971 nad5 1 1202881.718352 0.650250 0.349750
12972 nad5 1 1202881.718352 0.650812 0.349188
12973 nad5 1 1202881.718352 0.651374 0.348626
12974 nad5 1 1200045.295976 0.651855 0.348145
12975 nad5 1 1200045.295976 0.652416 0.347584
12976 nad5 1 1200045.295976 0.652977 0.347023
12977 nad5 1 1199774.459512 0.653526 0.346474
12978 nad5 1 1199774.459512 0.654087 0.345913
12979 nad5 1 1199774.459512 0.654649 0.345351
12980 nad5 1 1199624.778430 0.655214 0.344786
12981 nad5 1 1199624.778430 0.655775 0.344225
12982 nad5 1 1199624.778430 0.656336 0.343664
12983 nad5 1 1199624.778430 0.656898 0.343102
12984 nad5 1 1199624.778430 0.657459 0.342541
12985 nad5 1 1199624.778430 0.658020 0.341980
12986 nad5 1 1199571.076662 0.658580 0.341420
12987 nad5 1 1199571.076662 0.659141 0.340859
12988 nad5 1 1199571.076662 0.659702 0.340298
12989 nad5 1 1199506.677679 0.660262 0.339738
12990 nad5 1 1199506.677679 0.660823 0.339177
12991 nad5 1 1199506.677679 0.661385 0.338615
12992 nad5 1 1199464.427986 0.661945 0.338055
12993 nad5 1 1199464.427986 0.662506 0.337494
12994 nad5 1 1199464.427986 0.663067 0.336933
12995 nad5 1 1199450.076346 0.663627 0.336373
12996 nad5 1 1199450.076346 0.664188 0.335812
12997 nad5 1 1199450.076346 0.664750 0.335250
12998 nad5 1 1199275.481645 0.665313 0.334687
12999 nad5 1 1199275.481645 0.665874 0.334126
13000 nad5 1 1199275.481645 0.666436 0.333564
13001 nad5 1 1199221.312233 0.666997 0.333003
13002 nad5 1 1199221.312233 0.667558 0.332442
13003 nad5 1 1199221.312233 0.668120 0.331880
13004 nad5 1 1199221.312233 0.668681 0.331319
13005 nad5 1 1199221.312233 0.669242 0.330758
13006 nad5 1 1199221.312233 0.669803 0.330197
13007 nad5 1 1199221.312233 0.670364 0.329636
13008 nad5 1 1199221.312233 0.670926 0.329074
13009 nad5 1 1199221.312233 0.671487 0.328513
13010 nad5 1 1199221.312233 0.672048 0.327952
13011 nad5 1 1199221.312233 0.672609 0.327391
13012 nad5 1 1199221.312233 0.673170 0.326830
13013 nad5 1 1199221.312233 0.673732 0.326268
13014 nad5 1 1199221.312233 0.674293 0.325707
13015 nad5 1 1199221.312233 0.674854 0.325146
13016 nad5 1 1199221.312233 0.675415 0.324585
13017 nad5 1 1199221.312233 0.675976 0.324024
13018 nad5 1 1199221.312233 0.676538 0.323462
13019 nad5 1 1199221.312233 0.677099 0.322901
13020 nad5 1 1199221.312233 0.677660 0.322340
13021 nad5 1 1199221.312233 0.678221 0.321779
13022 nad5 1 1199221.312233 0.678782 0.321218
13023 nad5 1 1199221.312233 0.679344 0.320656
13024 nad5 1 1199221.312233 0.679905 0.320095
13025 nad5 1 1199221.312233 0.680466 0.319534
13026 nad5 1 1199221.312233 0.681027 0.318973
13027 nad5 1 1199221.312233 0.681588 0.318412
13028 nad5 1 1199221.312233 0.682149 0.317851
13029 nad5 1 1199221.312233 0.682711 0.317289
13030 nad5 1 1199221.312233 0.683272 0.316728
13031 nad5 1 1199221.312233 0.683833 0.316167
13032 nad5 1 1199221.312233 0.684394 0.315606
13033 nad5 1 1199221.312233 0.684955 0.315045
13034 nad5 1 1199221.312233 0.685517 0.314483
13035 nad5 1 1199221.312233 0.686078 0.313922
13036 nad5 1 1199221.312233 0.686639 0.313361
13037 nad5 1 1199221.312233 0.687200 0.312800
13038 nad5 1 1199221.312233 0.687761 0.312239
13039 nad5 1 1199221.312233 0.688323 0.311677
13040 nad5 1 1199182.797955 0.688878 0.311122
13041 nad5 1 1199182.797955 0.689439 0.310561
13042 nad5 1 1199182.797955 0.690000 0.310000
13043 nad5 1 1199182.797955 0.690561 0.309439
13044 nad5 1 1199182.797955 0.691122 0.308878
13045 nad5 1 1199182.797955 0.691684 0.308316
13046 nad5 1 1199182.797955 0.692245 0.307755
13047 nad5 1 1199182.797955 0.692806 0.307194
13048 nad5 1 1199182.797955 0.693367 0.306633
13049 nad5 1 1199098.600894 0.693922 0.306078
13050 nad5 1 1199098.600894 0.694483 0.305517
13051 nad5 1 1199098.600894 0.695045 0.304955
13052 nad5 1 1198968.380012 0.695604 0.304396
13053 nad5 1 1198968.380012 0.696165 0.303835
13054 nad5 1 1198968.380012 0.696726 0.303274
13055 nad5 1 1198968.380012 0.697287 0.302713
13056 nad5 1 1198968.380012 0.697849 0.302151
13057 nad5 1 1198968.380012 0.698410 0.301590
13058 nad5 1 1197456.575583 0.698960 0.301040
13059 nad5 1 1197456.575583 0.699521 0.300479
13060 nad5 1 1197456.575583 0.700082 0.299918
13061 nad5 1 1193257.274228 0.700500 0.299500
13062 nad5 1 1193257.274228 0.701060 0.298940
13063 nad5 1 1193257.274228 0.701620 0.298380
13064 nad5 1 1189436.715181 0.702166 0.297834
13065 nad5 1 1189436.715181 0.702726 0.297274
13066 nad5 1 1189436.715181 0.703286 0.296714
13067 nad5 1 1188609.362692 0.703799 0.296201
13068 nad5 1 1188609.362692 0.704359 0.295641
13069 nad5 1 1188609.362692 0.704919 0.295081
13070 nad5 1 1187545.016860 0.705473 0.294527
13071 nad5 1 1187545.016860 0.706033 0.293967
13072 nad5 1 1187545.016860 0.706593 0.293407
13073 nad5 1 1187042.929846 0.707171 0.292829
13074 nad5 1 1187042.929846 0.707731 0.292269
13075 nad5 1 1187042.929846 0.708291 0.291709
13076 nad5 1 1185746.409397 0.708844 0.291156
13077 nad5 1 1185746.409397 0.709403 0.290597
13078 nad5 1 1185746.409397 0.709963 0.290037
13079 nad5 1 1184495.816813 0.710552 0.289448
13080 nad5 1 1184495.816813 0.711112 0.288888
13081 nad5 1 1184495.816813 0.711672 0.288328
13082 nad5 1 1184176.778352 0.712220 0.287780
13083 nad5 1 1184176.778352 0.712780 0.287220
13084 nad5 1 1184176.778352 0.713339 0.286661
13085 nad5 1 1183672.124572 0.713901 0.286099
13086 nad5 1 1183672.124572 0.714461 0.285539
13087 nad5 1 1183672.124572 0.715020 0.284980
13088 nad5 1 1183399.522268 0.715578 0.284422
13089 nad5 1 1183399.522268 0.716137 0.283863
13090 nad5 1 1183399.522268 0.716697 0.283303
13091 nad5 1 1182618.909903 0.717245 0.282755
13092 nad5 1 1182618.909903 0.717805 0.282195
13093 nad5 1 1182618.909903 0.718364 0.281636
13094 nad5 1 1182143.571861 0.718889 0.281111
13095 nad5 1 1182143.571861 0.719449 0.280551
13096 nad5 1 1182143.571861 0.720008 0.279992
13097 nad5 1 1181713.258210 0.720540 0.279460
13098 nad5 1 1181713.258210 0.721099 0.278901
13099 nad5 1 1181713.258210 0.721658 0.278342
13100 nad5 1 1181648.419578 0.722218 0.277782
13101 nad5 1 1181648.419578 0.722778 0.277222
13102 nad5 1 1181648.419578 0.723337 0.276663
13103 nad5 1 1181648.419578 0.723896 0.276104
13104 nad5 1 1181648.419578 0.724456 0.275544
13105 nad5 1 1181648.419578 0.725015 0.274985
13106 nad5 1 1181564.872645 0.725571 0.274429
13107 nad5 1 1181564.872645 0.726130 0.273870
13108 nad5 1 1181564.872645 0.726689 0.273311
13109 nad5 1 1181449.105349 0.727256 0.272744
13110 nad5 1 1181449.105349 0.727815 0.272185
13111 nad5 1 1181449.105349 0.728374 0.271626
13112 nad5 1 1181364.797278 0.728933 0.271067
13113 nad5 1 1181364.797278 0.729492 0.270508
13114 nad5 1 1181364.797278 0.730052 0.269948
13115 nad5 1 1181217.309260 0.730608 0.269392
13116 nad5 1 1181217.309260 0.731167 0.268833
13117 nad5 1 1181217.309260 0.731727 0.268273
13118 nad5 1 1181142.297997 0.732283 0.267717
13119 nad5 1 1181142.297997 0.732842 0.267158
13120 nad5 1 1181142.297997 0.733402 0.266598
13121 nad5 1 1179509.106071 0.733903 0.266097
13122 nad5 1 1179509.106071 0.734462 0.265538
13123 nad5 1 1179509.106071 0.735021 0.264979
13124 nad5 1 1178924.803319 0.735594 0.264406
13125 nad5 1 1178924.803319 0.736153 0.263847
13126 nad5 1 1178924.803319 0.736712 0.263288
13127 nad5 1 1178598.249848 0.737239 0.262761
13128 nad5 1 1178598.249848 0.737798 0.262202
13129 nad5 1 1178598.249848 0.738357 0.261643
13130 nad5 1 1178385.316070 0.738914 0.261086
13131 nad5 1 1178385.316070 0.739473 0.260527
13132 nad5 1 1178385.316070 0.740032 0.259968
13133 nad5 1 1177877.447759 0.740590 0.259410
13134 nad5 1 1177877.447759 0.741148 0.258852
13135 nad5 1 1177877.447759 0.741707 0.258293
13136 nad5 1 1177283.040499 0.742283 0.257717
13137 nad5 1 1177283.040499 0.742842 0.257158
13138 nad5 1 1177283.040499 0.743401 0.256599
13139 nad5 1 1177018.016401 0.743966 0.256034
13140 nad5 1 1177018.016401 0.744525 0.255475
13141 nad5 1 1177018.016401 0.745084 0.254916
13142 nad5 1 1177018.016401 0.745642 0.254358
13143 nad5 1 1177018.016401 0.746201 0.253799
13144 nad5 1 1177018.016401 0.746760 0.253240
13145 nad5 1 1176179.014499 0.747333 0.252667
13146 nad5 1 1176179.014499 0.747892 0.252108
13147 nad5 1 1176179.014499 0.748451 0.251549
13148 nad5 1 1176099.442634 0.749011 0.250989
13149 nad5 1 1176099.442634 0.749570 0.250430
13150 nad5 1 1176099.442634 0.750129 0.249871
13151 nad5 1 1176099.442634 0.750688 0.249312
13152 nad5 1 1176099.442634 0.751246 0.248754
13153 nad5 1 1176099.442634 0.751805 0.248195
13154 nad5 1 1175949.015199 0.752363 0.247637
13155 nad5 1 1175949.015199 0.752921 0.247079
13156 nad5 1 1175949.015199 0.753480 0.246520
13157 nad5 1 1175883.874937 0.754041 0.245959
13158 nad5 1 1175883.874937 0.754599 0.245401
13159 nad5 1 1175883.874937 0.755158 0.244842
13160 nad5 1 1175766.041042 0.755708 0.244292
13161 nad5 1 1175766.041042 0.756267 0.243733
13162 nad5 1 1175766.041042 0.756826 0.243174
13163 nad5 1 1175601.176802 0.757382 0.242618
13164 nad5 1 1175601.176802 0.757940 0.242060
13165 nad5 1 1175601.176802 0.758499 0.241501
13166 nad5 1 1175361.830423 0.759053 0.240947
13167 nad5 1 1175361.830423 0.759612 0.240388
13168 nad5 1 1175361.830423 0.760171 0.239829
13169 nad5 1 1174798.623350 0.760722 0.239278
13170 nad5 1 1174798.623350 0.761281 0.238719
13171 nad5 1 1174798.623350 0.761840 0.238160
13172 nad5 1 1174534.498000 0.762393 0.237607
13173 nad5 1 1174534.498000 0.762952 0.237048
13174 nad5 1 1174534.498000 0.763511 0.236489
13175 nad5 1 1174088.970798 0.764057 0.235943
13176 nad5 1 1174088.970798 0.764616 0.235384
13177 nad5 1 1174088.970798 0.765174 0.234826
13178 nad5 1 1165170.293011 0.765803 0.234197
13179 nad5 1 1165170.293011 0.766361 0.233639
13180 nad5 1 1165170.293011 0.766919 0.233081
13181 nad5 1 1164464.660272 0.767468 0.232532
13182 nad5 1 1164464.660272 0.768026 0.231974
13183 nad5 1 1164464.660272 0.768584 0.231416
13184 nad5 1 1162005.963480 0.769155 0.230845
13185 nad5 1 1162005.963480 0.769713 0.230287
13186 nad5 1 1162005.963480 0.770271 0.229729
13187 nad5 1 1160825.134862 0.770838 0.229162
13188 nad5 1 1160825.134862 0.771396 0.228604
13189 nad5 1 1160825.134862 0.771955 0.228045
13190 nad5 1 1156721.171089 0.772529 0.227471
13191 nad5 1 1156721.171089 0.773086 0.226914
13192 nad5 1 1156721.171089 0.773644 0.226356
13193 nad5 1 1153271.908999 0.774232 0.225768
13194 nad5 1 1153271.908999 0.774790 0.225210
13195 nad5 1 1153271.908999 0.775348 0.224652
13196 nad5 1 1152741.450192 0.775905 0.224095
13197 nad5 1 1152741.450192 0.776463 0.223537
13198 nad5 1 1152741.450192 0.777020 0.222980
13199 nad5 1 1150818.065737 0.777576 0.222424
13200 nad5 1 1150818.065737 0.778134 0.221866
13201 nad5 1 1150818.065737 0.778691 0.221309
13202 nad5 1 1149930.126235 0.779255 0.220745
13203 nad5 1 1149930.126235 0.779812 0.220188
13204 nad5 1 1149930.126235 0.780370 0.219630
13205 nad5 1 1147661.431658 0.780930 0.219070
13206 nad5 1 1147661.431658 0.781488 0.218512
13207 nad5 1 1147661.431658 0.782045 0.217955
13208 nad5 1 1146662.786630 0.782611 0.217389
13209 nad5 1 1146662.786630 0.783168 0.216832
13210 nad5 1 1146662.786630 0.783726 0.216274
13211 nad5 1 1146519.564998 0.784285 0.215715
13212 nad5 1 1146519.564998 0.784842 0.215158
13213 nad5 1 1146519.564998 0.785400 0.214600
13214 nad5 1 1146049.718910 0.785958 0.214042
13215 nad5 1 1146049.718910 0.786515 0.213485
13216 nad5 1 1146049.718910 0.787072 0.212928
13217 nad5 1 1145261.496840 0.787569 0.212431
13218 nad5 1 1145261.496840 0.788127 0.211873
13219 nad5 1 1145261.496840 0.788684 0.211316
13220 nad5 1 1145206.926592 0.789242 0.210758
13221 nad5 1 1145206.926592 0.789799 0.210201
13222 nad5 1 1145206.926592 0.790357 0.209643
13223 nad5 1 1145024.482459 0.790916 0.209084
13224 nad5 1 1145024.482459 0.791473 0.208527
13225 nad5 1 1145024.482459 0.792031 0.207969
13226 nad5 1 1144595.821317 0.792592 0.207408
13227 nad5 1 1144595.821317 0.793149 0.206851
13228 nad5 1 1144595.821317 0.793706 0.206294
13229 nad5 1 1143835.902110 0.794262 0.205738
13230 nad5 1 1143835.902110 0.794819 0.205181
13231 nad5 1 1143835.902110 0.795377 0.204623
13232 nad5 1 1143471.457853 0.795937 0.204063
13233 nad5 1 1143471.457853 0.796494 0.203506
13234 nad5 1 1143471.457853 0.797051 0.202949
13235 nad5 1 1143374.634274 0.797604 0.202396
13236 nad5 1 1143374.634274 0.798162 0.201838
13237 nad5 1 1143374.634274 0.798719 0.201281
13238 nad5 1 1143194.892318 0.799273 0.200727
13239 nad5 1 1143194.892318 0.799830 0.200170
13240 nad5 1 1143194.892318 0.800388 0.199612
13241 nad5 1 1143100.322070 0.800945 0.199055
13242 nad5 1 1143100.322070 0.801503 0.198497
13243 nad5 1 1143100.322070 0.802060 0.197940
13244 nad5 1 1142632.287737 0.802620 0.197380
13245 nad5 1 1142632.287737 0.803177 0.196823
13246 nad5 1 1142632.287737 0.803735 0.196265
13247 nad5 1 1142167.364827 0.804280 0.195720
13248 nad5 1 1142167.364827 0.804837 0.195163
13249 nad5 1 1142167.364827 0.805394 0.194606
13250 nad5 1 1141956.702763 0.805946 0.194054
13251 nad5 1 1141956.702763 0.806503 0.193497
13252 nad5 1 1141956.702763 0.807061 0.192939
13253 nad5 1 1141886.201073 0.807619 0.192381
13254 nad5 1 1141886.201073 0.808176 0.191824
13255 nad5 1 1141886.201073 0.808733 0.191267
13256 nad5 1 1141512.567911 0.809297 0.190703
13257 nad5 1 1141512.567911 0.809855 0.190145
13258 nad5 1 1141512.567911 0.810412 0.189588
13259 nad5 1 1141072.024836 0.810968 0.189032
13260 nad5 1 1141072.024836 0.811526 0.188474
13261 nad5 1 1141072.024836 0.812083 0.187917
13262 nad5 1 1140639.659548 0.812637 0.187363
13263 nad5 1 1140639.659548 0.813194 0.186806
13264 nad5 1 1140639.659548 0.813751 0.186249
13265 nad5 1 1140249.455892 0.814308 0.185692
13266 nad5 1 1140249.455892 0.814865 0.185135
13267 nad5 1 1140249.455892 0.815422 0.184578
13268 nad5 1 1139990.779423 0.815978 0.184022
13269 nad5 1 1139990.779423 0.816535 0.183465
13270 nad5 1 1139990.779423 0.817092 0.182908
13271 nad5 1 1139666.057632 0.817647 0.182353
13272 nad5 1 1139666.057632 0.818205 0.181795
13273 nad5 1 1139666.057632 0.818762 0.181238
13274 nad5 1 1131348.135296 0.819458 0.180542
13275 nad5 1 1131348.135296 0.820015 0.179985
13276 nad5 1 1131348.135296 0.820572 0.179428
13277 nad5 1 1130936.691557 0.821127 0.178873
13278 nad5 1 1130936.691557 0.821684 0.178316
13279 nad5 1 1130936.691557 0.822240 0.177760
13280 nad5 1 1130584.614189 0.822796 0.177204
13281 nad5 1 1130584.614189 0.823353 0.176647
13282 nad5 1 1130584.614189 0.823910 0.176090
13283 nad5 1 1130334.886760 0.824468 0.175532
13284 nad5 1 1130334.886760 0.825025 0.174975
13285 nad5 1 1130334.886760 0.825582 0.174418
13286 nad5 1 1124990.878874 0.826198 0.173802
13287 nad5 1 1124990.878874 0.826754 0.173246
13288 nad5 1 1124990.878874 0.827311 0.172689
13289 nad5 1 1123577.266303 0.827874 0.172126
13290 nad5 1 1123577.266303 0.828430 0.171570
13291 nad5 1 1123577.266303 0.828987 0.171013
13292 nad5 1 1123042.533061 0.829550 0.170450
13293 nad5 1 1123042.533061 0.830107 0.169893
13294 nad5 1 1123042.533061 0.830663 0.169337
13295 nad5 1 1119406.783570 0.831258 0.168742
13296 nad5 1 1119406.783570 0.831814 0.168186
13297 nad5 1 1119406.783570 0.832371 0.167629
13298 nad5 1 1112879.416554 0.832959 0.167041
13299 nad5 1 1112879.416554 0.833515 0.166485
13300 nad5 1 1112879.416554 0.834072 0.165928
13301 nad5 1 1110654.512171 0.834660 0.165340
13302 nad5 1 1110654.512171 0.835216 0.164784
13303 nad5 1 1110654.512171 0.835772 0.164228
13304 nad5 1 1106543.263378 0.836408 0.163592
13305 nad5 1 1106543.263378 0.836964 0.163036
13306 nad5 1 1106543.263378 0.837520 0.162480
13307 nad5 1 1100462.661332 0.838181 0.161819
13308 nad5 1 1100462.661332 0.838737 0.161263
13309 nad5 1 1100462.661332 0.839293 0.160707
13310 nad5 1 1095546.979586 0.839929 0.160071
13311 nad5 1 1095546.979586 0.840484 0.159516
13312 nad5 1 1095546.979586 0.841040 0.158960
13313 nad5 1 1087834.753450 0.841736 0.158264
13314 nad5 1 1087834.753450 0.842291 0.157709
13315 nad5 1 1087834.753450 0.842846 0.157154
13316 nad5 1 1085899.235531 0.843396 0.156604
13317 nad5 1 1085899.235531 0.843951 0.156049
13318 nad5 1 1085899.235531 0.844507 0.155493
13319 nad5 1 1082536.266681 0.845080 0.154920
13320 nad5 1 1082536.266681 0.845636 0.154364
13321 nad5 1 1082536.266681 0.846191 0.153809
13322 nad5 1 1081165.918579 0.846769 0.153231
13323 nad5 1 1081165.918579 0.847324 0.152676
13324 nad5 1 1081165.918579 0.847879 0.152121
13325 nad5 1 1075779.437601 0.848531 0.151469
13326 nad5 1 1075779.437601 0.849086 0.150914
13327 nad5 1 1075779.437601 0.849641 0.150359
13328 nad5 1 1075100.688349 0.850203 0.149797
13329 nad5 1 1075100.688349 0.850758 0.149242
13330 nad5 1 1075100.688349 0.851312 0.148688
13331 nad5 1 1072083.775204 0.851873 0.148127
13332 nad5 1 1072083.775204 0.852428 0.147572
13333 nad5 1 1072083.775204 0.852982 0.147018
13334 nad5 1 1068285.260582 0.853508 0.146492
13335 nad5 1 1068285.260582 0.854062 0.145938
13336 nad5 1 1068285.260582 0.854617 0.145383
13337 nad5 1 1067555.432087 0.855176 0.144824
13338 nad5 1 1067555.432087 0.855730 0.144270
13339 nad5 1 1067555.432087 0.856285 0.143715
13340 nad5 1 1066820.790659 0.856846 0.143154
13341 nad5 1 1066820.790659 0.857400 0.142600
13342 nad5 1 1066820.790659 0.857955 0.142045
13343 nad5 1 1066581.976968 0.858510 0.141490
13344 nad5 1 1066581.976968 0.859065 0.140935
13345 nad5 1 1066581.976968 0.859619 0.140381
13346 nad5 1 1066330.539955 0.860173 0.139827
13347 nad5 1 1066330.539955 0.860728 0.139272
13348 nad5 1 1066330.539955 0.861282 0.138718
13349 nad5 1 1064853.404469 0.861840 0.138160
13350 nad5 1 1064853.404469 0.862395 0.137605
13351 nad5 1 1064853.404469 0.862949 0.137051
13352 nad5 1 1064009.779635 0.863517 0.136483
13353 nad5 1 1064009.779635 0.864071 0.135929
13354 nad5 1 1064009.779635 0.864625 0.135375
13355 nad5 1 1063464.585220 0.865184 0.134816
13356 nad5 1 1063464.585220 0.865738 0.134262
13357 nad5 1 1063464.585220 0.866292 0.133708
13358 nad5 1 1061259.952522 0.866854 0.133146
13359 nad5 1 1061259.952522 0.867408 0.132592
13360 nad5 1 1061259.952522 0.867962 0.132038
13361 nad5 1 1060442.824879 0.868511 0.131489
13362 nad5 1 1060442.824879 0.869065 0.130935
13363 nad5 1 1060442.824879 0.869619 0.130381
13364 nad5 1 1058775.136331 0.870194 0.129806
13365 nad5 1 1058775.136331 0.870748 0.129252
13366 nad5 1 1058775.136331 0.871302 0.128698
13367 nad5 1 1056925.262425 0.871912 0.128088
13368 nad5 1 1056925.262425 0.872465 0.127535
13369 nad5 1 1056925.262425 0.873019 0.126981
13370 nad5 1 1056262.892270 0.873591 0.126409
13371 nad5 1 1056262.892270 0.874145 0.125855
13372 nad5 1 1056262.892270 0.874699 0.125301
13373 nad5 1 1051096.331000 0.875291 0.124709
13374 nad5 1 1051096.331000 0.875845 0.124155
13375 nad5 1 1051096.331000 0.876398 0.123602
13376 nad5 1 1047520.368722 0.877006 0.122994
13377 nad5 1 1047520.368722 0.877560 0.122440
13378 nad5 1 1047520.368722 0.878113 0.121887
13379 nad5 1 1047299.537263 0.878671 0.121329
13380 nad5 1 1047299.537263 0.879225 0.120775
13381 nad5 1 1047299.537263 0.879778 0.120222
13382 nad5 1 1046799.366816 0.880329 0.119671
13383 nad5 1 1046799.366816 0.880883 0.119117
13384 nad5 1 1046799.366816 0.881436 0.118564
13385 nad5 1 1046744.757751 0.881988 0.118012
13386 nad5 1 1046744.757751 0.882541 0.117459
13387 nad5 1 1046744.757751 0.883095 0.116905
13388 nad5 1 1046676.480385 0.883648 0.116352
13389 nad5 1 1046676.480385 0.884201 0.115799
13390 nad5 1 1046676.480385 0.884754 0.115246
13391 nad5 1 1046511.268298 0.885304 0.114696
13392 nad5 1 1046511.268298 0.885857 0.114143
13393 nad5 1 1046511.268298 0.886411 0.113589
13394 nad5 1 1045255.659909 0.886978 0.113022
13395 nad5 1 1045255.659909 0.887531 0.112469
13396 nad5 1 1045255.659909 0.888085 0.111915
13397 nad5 1 1045255.659909 0.888638 0.111362
13398 nad5 1 1045255.659909 0.889191 0.110809
13399 nad5 1 1045255.659909 0.889745 0.110255
13400 nad5 1 1045099.656360 0.890302 0.109698
13401 nad5 1 1045099.656360 0.890856 0.109144
13402 nad5 1 1045099.656360 0.891409 0.108591
13403 nad5 1 1044684.228732 0.891969 0.108031
13404 nad5 1 1044684.228732 0.892522 0.107478
13405 nad5 1 1044684.228732 0.893076 0.106924
13406 nad5 1 1044549.898104 0.893629 0.106371
13407 nad5 1 1044549.898104 0.894182 0.105818
13408 nad5 1 1044549.898104 0.894736 0.105264
13409 nad5 1 1044549.898104 0.895289 0.104711
13410 nad5 1 1044549.898104 0.895842 0.104158
13411 nad5 1 1044549.898104 0.896396 0.103604
13412 nad5 1 1044549.898104 0.896949 0.103051
13413 nad5 1 1044549.898104 0.897502 0.102498
13414 nad5 1 1044549.898104 0.898056 0.101944
13415 nad5 1 1044549.898104 0.898609 0.101391
13416 nad5 1 1044549.898104 0.899162 0.100838
13417 nad5 1 1044549.898104 0.899715 0.100285
13418 nad5 1 1044468.417932 0.900268 0.099732
13419 nad5 1 1044468.417932 0.900821 0.099179
13420 nad5 1 1044468.417932 0.901375 0.098625
13421 nad5 1 1044468.417932 0.901928 0.098072
13422 nad5 1 1044468.417932 0.902481 0.097519
13423 nad5 1 1044468.417932 0.903034 0.096966
13424 nad5 1 1044256.616861 0.903589 0.096411
13425 nad5 1 1044256.616861 0.904142 0.095858
13426 nad5 1 1044256.616861 0.904696 0.095304
13427 nad5 1 1044256.616861 0.905249 0.094751
13428 nad5 1 1044256.616861 0.905802 0.094198
13429 nad5 1 1044256.616861 0.906355 0.093645
13430 nad5 1 1044256.616861 0.906909 0.093091
13431 nad5 1 1044256.616861 0.907462 0.092538
13432 nad5 1 1044256.616861 0.908015 0.091985
13433 nad5 1 1044256.616861 0.908569 0.091431
13434 nad5 1 1044256.616861 0.909122 0.090878
13435 nad5 1 1044256.616861 0.909675 0.090325
13436 nad5 1 1044256.616861 0.910228 0.089772
13437 nad5 1 1044256.616861 0.910782 0.089218
13438 nad5 1 1044256.616861 0.911335 0.088665
13439 nad5 1 1044175.577807 0.911890 0.088110
13440 nad5 1 1044175.577807 0.912443 0.087557
13441 nad5 1 1044175.577807 0.912996 0.087004
13442 nad5 1 1044175.577807 0.913549 0.086451
13443 nad5 1 1044175.577807 0.914103 0.085897
13444 nad5 1 1044175.577807 0.914656 0.085344
13445 nad5 1 1044175.577807 0.915209 0.084791
13446 nad5 1 1044175.577807 0.915763 0.084237
13447 nad5 1 1044175.577807 0.916316 0.083684
13448 nad5 1 1044175.577807 0.916869 0.083131
13449 nad5 1 1044175.577807 0.917422 0.082578
13450 nad5 1 1044175.577807 0.917976 0.082024
13451 nad5 1 1044100.034173 0.918529 0.081471
13452 nad5 1 1044100.034173 0.919083 0.080917
13453 nad5 1 1044100.034173 0.919636 0.080364
13454 nad5 1 1044100.034173 0.920189 0.079811
13455 nad5 1 1044100.034173 0.920743 0.079257
13456 nad5 1 1044100.034173 0.921296 0.078704
13457 nad5 1 1044100.034173 0.921849 0.078151
13458 nad5 1 1044100.034173 0.922402 0.077598
13459 nad5 1 1044100.034173 0.922956 0.077044
13460 nad5 1 1026256.167451 0.923716 0.076284
13461 nad5 1 1026256.167451 0.924268 0.075732
13462 nad5 1 1026256.167451 0.924820 0.075180
13463 nad5 1 1025497.877391 0.925378 0.074622
13464 nad5 1 1025497.877391 0.925930 0.074070
13465 nad5 1 1025497.877391 0.926482 0.073518
13466 nad5 1 1025158.901251 0.927048 0.072952
13467 nad5 1 1025158.901251 0.927599 0.072401
13468 nad5 1 1025158.901251 0.928151 0.071849
13469 nad5 1 1025099.533708 0.928705 0.071295
13470 nad5 1 1025099.533708 0.929256 0.070744
13471 nad5 1 1025099.533708 0.929808 0.070192
13472 nad5 1 1024637.436798 0.930361 0.069639
13473 nad5 1 1024637.436798 0.930913 0.069087
13474 nad5 1 1024637.436798 0.931465 0.068535
13475 nad5 1 1023426.504647 0.932024 0.067976
13476 nad5 1 1023426.504647 0.932575 0.067425
13477 nad5 1 1023426.504647 0.933127 0.066873
13478 nad5 1 1022389.617351 0.933687 0.066313
13479 nad5 1 1022389.617351 0.934238 0.065762
13480 nad5 1 1022389.617351 0.934790 0.065210
13481 nad5 1 1018484.662204 0.935386 0.064614
13482 nad5 1 1018484.662204 0.935938 0.064062
13483 nad5 1 1018484.662204 0.936489 0.063511
13484 nad5 1 1018124.417520 0.937046 0.062954
13485 nad5 1 1018124.417520 0.937597 0.062403
13486 nad5 1 1018124.417520 0.938149 0.061851
13487 nad5 1 1017409.072147 0.938702 0.061298
13488 nad5 1 1017409.072147 0.939253 0.060747
13489 nad5 1 1017409.072147 0.939805 0.060195
13490 nad5 1 1015221.006418 0.940373 0.059627
13491 nad5 1 1015221.006418 0.940924 0.059076
13492 nad5 1 1015221.006418 0.941475 0.058525
13493 nad5 1 1014621.006418 0.942028 0.057972
13494 nad5 1 1014621.006418 0.942579 0.057421
13495 nad5 1 1014621.006418 0.943130 0.056870
13496 nad5 1 1013996.851087 0.943682 0.056318
13497 nad5 1 1013996.851087 0.944234 0.055766
13498 nad5 1 1013996.851087 0.944785 0.055215
13499 nad5 1 1013568.410083 0.945340 0.054660
13500 nad5 1 1013568.410083 0.945891 0.054109
13501 nad5 1 1013568.410083 0.946442 0.053558
13502 nad5 1 1013480.769919 0.946988 0.053012
13503 nad5 1 1013480.769919 0.947539 0.052461
13504 nad5 1 1013480.769919 0.948091 0.051909
13505 nad5 1 1012926.891498 0.948642 0.051358
13506 nad5 1 1012926.891498 0.949193 0.050807
13507 nad5 1 1012926.891498 0.949744 0.050256
13508 nad5 1 1011743.232113 0.950297 0.049703
13509 nad5 1 1011743.232113 0.950848 0.049152
13510 nad5 1 1011743.232113 0.951399 0.048601
13511 nad5 1 1011396.005936 0.951951 0.048049
13512 nad5 1 1011396.005936 0.952502 0.047498
13513 nad5 1 1011396.005936 0.953053 0.046947
13514 nad5 1 1011240.626696 0.953608 0.046392
13515 nad5 1 1011240.626696 0.954159 0.045841
13516 nad5 1 1011240.626696 0.954711 0.045289
13517 nad5 1 1010964.138580 0.955262 0.044738
13518 nad5 1 1010964.138580 0.955813 0.044187
13519 nad5 1 1010964.138580 0.956364 0.043636
13520 nad5 1 1009548.062910 0.956943 0.043057
13521 nad5 1 1009548.062910 0.957494 0.042506
13522 nad5 1 1009548.062910 0.958045 0.041955
13523 nad5 1 1008201.302119 0.958619 0.041381
13524 nad5 1 1008201.302119 0.959170 0.040830
13525 nad5 1 1008201.302119 0.959721 0.040279
13526 nad5 1 1008041.661537 0.960275 0.039725
13527 nad5 1 1008041.661537 0.960826 0.039174
13528 nad5 1 1008041.661537 0.961377 0.038623
13529 nad5 1 1007434.077024 0.961934 0.038066
13530 nad5 1 1007434.077024 0.962485 0.037515
13531 nad5 1 1007434.077024 0.963036 0.036964
13532 nad5 1 1007434.077024 0.963587 0.036413
13533 nad5 1 1007434.077024 0.964138 0.035862
13534 nad5 1 1007434.077024 0.964689 0.035311
13535 nad5 1 1006151.681334 0.965254 0.034746
13536 nad5 1 1006151.681334 0.965805 0.034195
13537 nad5 1 1006151.681334 0.966356 0.033644
13538 nad5 1 918240.538032 0.966843 0.033157
13539 nad5 1 918240.538032 0.967394 0.032606
13540 nad5 1 918240.538032 0.967946 0.032054
13541 nad5 1 917850.973640 0.968494 0.031506
13542 nad5 1 917850.973640 0.969045 0.030955
13543 nad5 1 917850.973640 0.969596 0.030404
13544 nad5 1 782444.112152 0.970045 0.029955
13545 nad5 1 782444.112152 0.970596 0.029404
13546 nad5 1 782444.112152 0.971148 0.028852
13547 nad5 1 776345.032338 0.971694 0.028306
13548 nad5 1 776345.032338 0.972245 0.027755
13549 nad5 1 776345.032338 0.972797 0.027203
13550 nad5 1 770060.672894 0.973361 0.026639
13551 nad5 1 770060.672894 0.973912 0.026088
13552 nad5 1 770060.672894 0.974464 0.025536
13553 nad5 1 762172.782089 0.975002 0.024998
13554 nad5 1 762172.782089 0.975554 0.024446
13555 nad5 1 762172.782089 0.976105 0.023895
13556 nad5 1 685701.272003 0.976582 0.023418
13557 nad5 1 685701.272003 0.977133 0.022867
13558 nad5 1 685701.272003 0.977685 0.022315
13559 nad5 1 671727.443830 0.978272 0.021728
13560 nad5 1 671727.443830 0.978823 0.021177
13561 nad5 1 671727.443830 0.979375 0.020625
13562 nad5 1 655129.667079 0.980024 0.019976
13563 nad5 1 655129.667079 0.980575 0.019425
13564 nad5 1 655129.667079 0.981126 0.018874
13565 nad5 1 631639.241151 0.981688 0.018312
13566 nad5 1 631639.241151 0.982239 0.017761
13567 nad5 1 631639.241151 0.982791 0.017209
13568 nad5 1 616229.470527 0.983337 0.016663
13569 nad5 1 616229.470527 0.983888 0.016112
13570 nad5 1 616229.470527 0.984439 0.015561
13571 nad5 1 600463.458202 0.984958 0.015042
13572 nad5 1 600463.458202 0.985509 0.014491
13573 nad5 1 600463.458202 0.986060 0.013940
13574 nad5 1 491578.060646 0.986363 0.013637
13575 nad5 1 491578.060646 0.986914 0.013086
13576 nad5 1 491578.060646 0.987465 0.012535
13577 nad5 1 482344.153958 0.988016 0.011984
13578 nad5 1 482344.153958 0.988567 0.011433
13579 nad5 1 482344.153958 0.989118 0.010882
13580 nad5 1 473271.263715 0.989690 0.010310
13581 nad5 1 473271.263715 0.990242 0.009758
13582 nad5 1 473271.263715 0.990793 0.009207
13583 nad5 1 422062.466966 0.991188 0.008812
13584 nad5 1 422062.466966 0.991739 0.008261
13585 nad5 1 422062.466966 0.992291 0.007709
13586 nad5 1 272250.455814 0.992661 0.007339
13587 nad5 1 272250.455814 0.993213 0.006787
13588 nad5 1 272250.455814 0.993765 0.006235
13589 nad5 1 156762.816710 0.994270 0.005730
13590 nad5 1 156762.816710 0.994822 0.005178
13591 nad5 1 156762.816710 0.995375 0.004625
13592 nad5 1 16768.857082 0.990267 0.009733
13593 nad5 1 16768.857082 0.990820 0.009180
13594 nad5 1 16768.857082 0.991373 0.008627
13595 nad5 1 16768.857082 0.991927 0.008073
13596 nad5 1 16768.857082 0.992480 0.007520
13597 nad5 1 16768.857082 0.993033 0.006967
13598 nad5 1 13155.039234 0.991947 0.008053
13599 nad5 1 13155.039234 0.992494 0.007506
13600 nad5 1 13155.039234 0.993042 0.006958
13601 nad5 1 12520.669546 0.993605 0.006395
13602 nad5 1 12520.669546 0.994151 0.005849
13603 nad5 1 12520.669546 0.994698 0.005302
13604 nad5 1 6400.000000 0.993942 0.006058
13605 nad5 1 6400.000000 0.994488 0.005512
13606 nad5 1 6400.000000 0.995034 0.004966
13607 nad5 1 6400.000000 0.995580 0.004420
13608 nad5 1 6400.000000 0.996126 0.003874
13609 nad5 1 6400.000000 0.996671 0.003329
13610 nad5 1 6400.000000 0.997217 0.002783
13611 nad5 1 6400.000000 0.997763 0.002237
13612 nad5 1 6400.000000 0.998309 0.001691
13613 nad5 1 0.000000 0.000000 0.000000
8605 cox3 3 0.000000 0.000000 0.000000
8606 cox3 3 156.654940 0.030067 0.969933
8607 cox3 3 156.654940 0.031222 0.968778
8608 cox3 3 156.654940 0.032377 0.967623
8609 cox3 3 156.654940 0.033532 0.966468
8610 cox3 3 156.654940 0.034687 0.965313
8611 cox3 3 156.654940 0.035842 0.964158
8612 cox3 3 156.654940 0.036997 0.963003
8613 cox3 3 156.654940 0.038152 0.961848
8614 cox3 3 156.654940 0.039307 0.960693
8615 cox3 3 156.654940 0.040462 0.959538
8616 cox3 3 156.654940 0.041617 0.958383
8617 cox3 3 156.654940 0.042772 0.957228
8618 cox3 3 156.654940 0.043927 0.956073
8619 cox3 3 156.654940 0.045082 0.954918
8620 cox3 3 156.654940 0.046237 0.953763
8621 cox3 3 156.654940 0.047392 0.952608
8622 cox3 3 156.654940 0.048547 0.951453
8623 cox3 3 156.654940 0.049702 0.950298
8624 cox3 3 193.330658 0.043261 0.956739
8625 cox3 3 193.330658 0.044428 0.955572
8626 cox3 3 193.330658 0.045594 0.954406
8627 cox3 3 280.415258 0.037838 0.962162
8628 cox3 3 280.415258 0.039019 0.960981
8629 cox3 3 280.415258 0.040199 0.959801
8630 cox3 3 377.242072 0.036877 0.963123
8631 cox3 3 377.242072 0.038065 0.961935
8632 cox3 3 377.242072 0.039253 0.960747
8633 cox3 3 480.762065 0.034325 0.965675
8634 cox3 3 480.762065 0.035522 0.964478
8635 cox3 3 480.762065 0.036720 0.963280
8636 cox3 3 802.816593 0.027189 0.972811
8637 cox3 3 802.816593 0.028400 0.971600
8638 cox3 3 802.816593 0.029612 0.970388
8639 cox3 3 1068.475887 0.024871 0.975129
8640 cox3 3 1068.475887 0.026092 0.973908
8641 cox3 3 1068.475887 0.027313 0.972687
8642 cox3 3 1557.515378 0.022697 0.977303
8643 cox3 3 1557.515378 0.023927 0.976073
8644 cox3 3 1557.515378 0.025156 0.974844
8645 cox3 3 129858.021504 0.000703 0.999297
8646 cox3 3 129858.021504 0.001970 0.998030
8647 cox3 3 129858.021504 0.003238 0.996762
8648 cox3 3 822979.914413 0.000913 0.999087
8649 cox3 3 822979.914413 0.002185 0.997815
8650 cox3 3 822979.914413 0.003458 0.996542
8651 cox3 3 834446.872869 0.004854 0.995146
8652 cox3 3 834446.872869 0.006127 0.993873
8653 cox3 3 834446.872869 0.007399 0.992601
8654 cox3 3 854755.722466 0.008596 0.991404
8655 cox3 3 854755.722466 0.009868 0.990132
8656 cox3 3 854755.722466 0.011141 0.988859
8657 cox3 3 866075.119798 0.012304 0.987696
8658 cox3 3 866075.119798 0.013577 0.986423
8659 cox3 3 866075.119798 0.014850 0.985150
8660 cox3 3 867519.588822 0.016099 0.983901
8661 cox3 3 867519.588822 0.017372 0.982628
8662 cox3 3 867519.588822 0.018644 0.981356
8663 cox3 3 915611.675756 0.019611 0.980389
8664 cox3 3 915611.675756 0.020884 0.979116
8665 cox3 3 915611.675756 0.022156 0.977844
8666 cox3 3 917923.782657 0.023518 0.976482
8667 cox3 3 917923.782657 0.024791 0.975209
8668 cox3 3 917923.782657 0.026063 0.973937
8669 cox3 3 941711.393975 0.027371 0.972629
8670 cox3 3 941711.393975 0.028644 0.971356
8671 cox3 3 941711.393975 0.029916 0.970084
8672 cox3 3 942069.453739 0.031173 0.968827
8673 cox3 3 942069.453739 0.032445 0.967555
8674 cox3 3 942069.453739 0.033718 0.966282
8675 cox3 3 942671.530064 0.034958 0.965042
8676 cox3 3 942671.530064 0.036231 0.963769
8677 cox3 3 942671.530064 0.037503 0.962497
8678 cox3 3 942719.623729 0.038771 0.961229
8679 cox3 3 942719.623729 0.040044 0.959956
8680 cox3 3 942719.623729 0.041316 0.958684
8681 cox3 3 943011.645945 0.042583 0.957417
8682 cox3 3 943011.645945 0.043856 0.956144
8683 cox3 3 943011.645945 0.045129 0.954871
8684 cox3 3 943052.706925 0.046399 0.953601
8685 cox3 3 943052.706925 0.047672 0.952328
8686 cox3 3 943052.706925 0.048944 0.951056
8687 cox3 3 943892.648135 0.050161 0.949839
8688 cox3 3 943892.648135 0.051433 0.948567
8689 cox3 3 943892.648135 0.052706 0.947294
8690 cox3 3 943991.250195 0.053979 0.946021
8691 cox3 3 943991.250195 0.055252 0.944748
8692 cox3 3 943991.250195 0.056525 0.943475
8693 cox3 3 943991.250195 0.057797 0.942203
8694 cox3 3 943991.250195 0.059070 0.940930
8695 cox3 3 943991.250195 0.060343 0.939657
8696 cox3 3 944004.890359 0.061610 0.938390
8697 cox3 3 944004.890359 0.062883 0.937117
8698 cox3 3 944004.890359 0.064155 0.935845
8699 cox3 3 944004.890359 0.065428 0.934572
8700 cox3 3 944004.890359 0.066701 0.933299
8701 cox3 3 944004.890359 0.067973 0.932027
8702 cox3 3 944004.890359 0.069246 0.930754
8703 cox3 3 944004.890359 0.070519 0.929481
8704 cox3 3 944004.890359 0.071791 0.928209
8705 cox3 3 944004.890359 0.073064 0.926936
8706 cox3 3 944004.890359 0.074337 0.925663
8707 cox3 3 944004.890359 0.075609 0.924391
8708 cox3 3 944142.327416 0.076866 0.923134
8709 cox3 3 944142.327416 0.078139 0.921861
8710 cox3 3 944142.327416 0.079411 0.920589
8711 cox3 3 944246.922583 0.080674 0.919326
8712 cox3 3 944246.922583 0.081947 0.918053
8713 cox3 3 944246.922583 0.083219 0.916781
8714 cox3 3 944246.922583 0.084492 0.915508
8715 cox3 3 944246.922583 0.085765 0.914235
8716 cox3 3 944246.922583 0.087038 0.912962
8717 cox3 3 944338.740739 0.088305 0.911695
8718 cox3 3 944338.740739 0.089577 0.910423
8719 cox3 3 944338.740739 0.090850 0.909150
8720 cox3 3 944338.740739 0.092123 0.907877
8721 cox3 3 944338.740739 0.093396 0.906604
8722 cox3 3 944338.740739 0.094668 0.905332
8723 cox3 3 944343.732139 0.095937 0.904063
8724 cox3 3 944343.732139 0.097209 0.902791
8725 cox3 3 944343.732139 0.098482 0.901518
8726 cox3 3 944423.278820 0.099742 0.900258
8727 cox3 3 944423.278820 0.101015 0.898985
8728 cox3 3 944423.278820 0.102288 0.897712
8729 cox3 3 944513.610435 0.103552 0.896448
8730 cox3 3 944513.610435 0.104825 0.895175
8731 cox3 3 944513.610435 0.106098 0.893902
8732 cox3 3 944513.610435 0.107371 0.892629
8733 cox3 3 944513.610435 0.108644 0.891356
8734 cox3 3 944513.610435 0.109916 0.890084
8735 cox3 3 944513.610435 0.111189 0.888811
8736 cox3 3 944513.610435 0.112462 0.887538
8737 cox3 3 944513.610435 0.113735 0.886265
8738 cox3 3 944513.610435 0.115007 0.884993
8739 cox3 3 944513.610435 0.116280 0.883720
8740 cox3 3 944513.610435 0.117553 0.882447
8741 cox3 3 944513.610435 0.118826 0.881174
8742 cox3 3 944513.610435 0.120098 0.879902
8743 cox3 3 944513.610435 0.121371 0.878629
8744 cox3 3 944552.934656 0.122628 0.877372
8745 cox3 3 944552.934656 0.123901 0.876099
8746 cox3 3 944552.934656 0.125174 0.874826
8747 cox3 3 944646.717172 0.126432 0.873568
8748 cox3 3 944646.717172 0.127705 0.872295
8749 cox3 3 944646.717172 0.128978 0.871022
8750 cox3 3 944646.717172 0.130251 0.869749
8751 cox3 3 944646.717172 0.131524 0.868476
8752 cox3 3 944646.717172 0.132796 0.867204
8753 cox3 3 944646.717172 0.134069 0.865931
8754 cox3 3 944646.717172 0.135342 0.864658
8755 cox3 3 944646.717172 0.136615 0.863385
8756 cox3 3 944646.717172 0.137888 0.862112
8757 cox3 3 944646.717172 0.139160 0.860840
8758 cox3 3 944646.717172 0.140433 0.859567
8759 cox3 3 944703.933429 0.141700 0.858300
8760 cox3 3 944703.933429 0.142973 0.857027
8761 cox3 3 944703.933429 0.144245 0.855755
8762 cox3 3 944768.023339 0.145512 0.854488
8763 cox3 3 944768.023339 0.146784 0.853216
8764 cox3 3 944768.023339 0.148057 0.851943
8765 cox3 3 944768.023339 0.149330 0.850670
8766 cox3 3 944768.023339 0.150603 0.849397
8767 cox3 3 944768.023339 0.151876 0.848124
8768 cox3 3 944768.023339 0.153149 0.846851
8769 cox3 3 944768.023339 0.154421 0.845579
8770 cox3 3 944768.023339 0.155694 0.844306
8771 cox3 3 944862.075905 0.156968 0.843032
8772 cox3 3 944862.075905 0.158240 0.841760
8773 cox3 3 944862.075905 0.159513 0.840487
8774 cox3 3 944930.372459 0.160786 0.839214
8775 cox3 3 944930.372459 0.162059 0.837941
8776 cox3 3 944930.372459 0.163332 0.836668
8777 cox3 3 944930.372459 0.164605 0.835395
8778 cox3 3 944930.372459 0.165878 0.834122
8779 cox3 3 944930.372459 0.167151 0.832849
8780 cox3 3 944968.245354 0.168414 0.831586
8781 cox3 3 944968.245354 0.169687 0.830313
8782 cox3 3 944968.245354 0.170960 0.829040
8783 cox3 3 944968.245354 0.172233 0.827767
8784 cox3 3 944968.245354 0.173505 0.826495
8785 cox3 3 944968.245354 0.174778 0.825222
8786 cox3 3 944968.245354 0.176051 0.823949
8787 cox3 3 944968.245354 0.177324 0.822676
8788 cox3 3 944968.245354 0.178597 0.821403
8789 cox3 3 944968.245354 0.179870 0.820130
8790 cox3 3 944968.245354 0.181142 0.818858
8791 cox3 3 944968.245354 0.182415 0.817585
8792 cox3 3 944968.245354 0.183688 0.816312
8793 cox3 3 944968.245354 0.184961 0.815039
8794 cox3 3 944968.245354 0.186234 0.813766
8795 cox3 3 944968.245354 0.187506 0.812494
8796 cox3 3 944968.245354 0.188779 0.811221
8797 cox3 3 944968.245354 0.190052 0.809948
8798 cox3 3 944968.245354 0.191325 0.808675
8799 cox3 3 944968.245354 0.192598 0.807402
8800 cox3 3 944968.245354 0.193871 0.806129
8801 cox3 3 944992.445325 0.195142 0.804858
8802 cox3 3 944992.445325 0.196415 0.803585
8803 cox3 3 944992.445325 0.197687 0.802313
8804 cox3 3 945047.973599 0.198961 0.801039
8805 cox3 3 945047.973599 0.200233 0.799767
8806 cox3 3 945047.973599 0.201506 0.798494
8807 cox3 3 945098.113860 0.202778 0.797222
8808 cox3 3 945098.113860 0.204051 0.795949
8809 cox3 3 945098.113860 0.205324 0.794676
8810 cox3 3 945160.030358 0.206597 0.793403
8811 cox3 3 945160.030358 0.207869 0.792131
8812 cox3 3 945160.030358 0.209142 0.790858
8813 cox3 3 945246.153563 0.210394 0.789606
8814 cox3 3 945246.153563 0.211667 0.788333
8815 cox3 3 945246.153563 0.212939 0.787061
8816 cox3 3 945615.313639 0.214182 0.785818
8817 cox3 3 945615.313639 0.215455 0.784545
8818 cox3 3 945615.313639 0.216728 0.783272
8819 cox3 3 945615.313639 0.218001 0.781999
8820 cox3 3 945615.313639 0.219274 0.780726
8821 cox3 3 945615.313639 0.220547 0.779453
8822 cox3 3 945615.313639 0.221820 0.778180
8823 cox3 3 945615.313639 0.223093 0.776907
8824 cox3 3 945615.313639 0.224366 0.775634
8825 cox3 3 945615.313639 0.225639 0.774361
8826 cox3 3 945615.313639 0.226912 0.773088
8827 cox3 3 945615.313639 0.228185 0.771815
8828 cox3 3 945630.134662 0.229449 0.770551
8829 cox3 3 945630.134662 0.230722 0.769278
8830 cox3 3 945630.134662 0.231995 0.768005
8831 cox3 3 945630.134662 0.233268 0.766732
8832 cox3 3 945630.134662 0.234541 0.765459
8833 cox3 3 945630.134662 0.235814 0.764186
8834 cox3 3 945821.124933 0.237078 0.762922
8835 cox3 3 945821.124933 0.238351 0.761649
8836 cox3 3 945821.124933 0.239624 0.760376
8837 cox3 3 945852.590907 0.240867 0.759133
8838 cox3 3 945852.590907 0.242140 0.757860
8839 cox3 3 945852.590907 0.243413 0.756587
8840 cox3 3 945852.590907 0.244686 0.755314
8841 cox3 3 945852.590907 0.245959 0.754041
8842 cox3 3 945852.590907 0.247232 0.752768
8843 cox3 3 945852.590907 0.248505 0.751495
8844 cox3 3 945852.590907 0.249778 0.750222
8845 cox3 3 945852.590907 0.251051 0.748949
8846 cox3 3 945887.804915 0.252316 0.747684
8847 cox3 3 945887.804915 0.253589 0.746411
8848 cox3 3 945887.804915 0.254862 0.745138
8849 cox3 3 945887.804915 0.256135 0.743865
8850 cox3 3 945887.804915 0.257408 0.742592
8851 cox3 3 945887.804915 0.258681 0.741319
8852 cox3 3 945887.804915 0.259954 0.740046
8853 cox3 3 945887.804915 0.261227 0.738773
8854 cox3 3 945887.804915 0.262500 0.737500
8855 cox3 3 945887.804915 0.263773 0.736227
8856 cox3 3 945887.804915 0.265047 0.734953
8857 cox3 3 945887.804915 0.266320 0.733680
8858 cox3 3 945887.804915 0.267593 0.732407
8859 cox3 3 945887.804915 0.268866 0.731134
8860 cox3 3 945887.804915 0.270139 0.729861
8861 cox3 3 945887.804915 0.271412 0.728588
8862 cox3 3 945887.804915 0.272685 0.727315
8863 cox3 3 945887.804915 0.273958 0.726042
8864 cox3 3 945887.804915 0.275231 0.724769
8865 cox3 3 945887.804915 0.276504 0.723496
8866 cox3 3 945887.804915 0.277777 0.722223
8867 cox3 3 945887.804915 0.279050 0.720950
8868 cox3 3 945887.804915 0.280323 0.719677
8869 cox3 3 945887.804915 0.281596 0.718404
8870 cox3 3 945896.286401 0.282858 0.717142
8871 cox3 3 945896.286401 0.284131 0.715869
8872 cox3 3 945896.286401 0.285404 0.714596
8873 cox3 3 945922.134113 0.286676 0.713324
8874 cox3 3 945922.134113 0.287950 0.712050
8875 cox3 3 945922.134113 0.289223 0.710777
8876 cox3 3 945922.134113 0.290496 0.709504
8877 cox3 3 945922.134113 0.291769 0.708231
8878 cox3 3 945922.134113 0.293042 0.706958
8879 cox3 3 945922.134113 0.294315 0.705685
8880 cox3 3 945922.134113 0.295588 0.704412
8881 cox3 3 945922.134113 0.296861 0.703139
8882 cox3 3 945922.134113 0.298134 0.701866
8883 cox3 3 945922.134113 0.299407 0.700593
8884 cox3 3 945922.134113 0.300680 0.699320
8885 cox3 3 945960.449559 0.301923 0.698077
8886 cox3 3 945960.449559 0.303196 0.696804
8887 cox3 3 945960.449559 0.304469 0.695531
8888 cox3 3 945995.353934 0.305713 0.694287
8889 cox3 3 945995.353934 0.306986 0.693014
8890 cox3 3 945995.353934 0.308259 0.691741
8891 cox3 3 946054.700604 0.309488 0.690512
8892 cox3 3 946054.700604 0.310762 0.689238
8893 cox3 3 946054.700604 0.312035 0.687965
8894 cox3 3 946054.700604 0.313308 0.686692
8895 cox3 3 946054.700604 0.314582 0.685418
8896 cox3 3 946054.700604 0.315855 0.684145
8897 cox3 3 946065.501947 0.317121 0.682879
8898 cox3 3 946065.501947 0.318394 0.681606
8899 cox3 3 946065.501947 0.319668 0.680332
8900 cox3 3 946280.733141 0.320815 0.679185
8901 cox3 3 946280.733141 0.322089 0.677911
8902 cox3 3 946280.733141 0.323362 0.676638
8903 cox3 3 946289.878835 0.324620 0.675380
8904 cox3 3 946289.878835 0.325894 0.674106
8905 cox3 3 946289.878835 0.327167 0.672833
8906 cox3 3 946289.878835 0.328441 0.671559
8907 cox3 3 946289.878835 0.329714 0.670286
8908 cox3 3 946289.878835 0.330988 0.669012
8909 cox3 3 946300.360321 0.332246 0.667754
8910 cox3 3 946300.360321 0.333520 0.666480
8911 cox3 3 946300.360321 0.334794 0.665206
8912 cox3 3 946311.211102 0.336053 0.663947
8913 cox3 3 946311.211102 0.337326 0.662674
8914 cox3 3 946311.211102 0.338600 0.661400
8915 cox3 3 946311.211102 0.339874 0.660126
8916 cox3 3 946311.211102 0.341148 0.658852
8917 cox3 3 946311.211102 0.342421 0.657579
8918 cox3 3 946311.211102 0.343695 0.656305
8919 cox3 3 946311.211102 0.344969 0.655031
8920 cox3 3 946311.211102 0.346242 0.653758
8921 cox3 3 946311.211102 0.347516 0.652484
8922 cox3 3 946311.211102 0.348790 0.651210
8923 cox3 3 946311.211102 0.350063 0.649937
8924 cox3 3 946311.211102 0.351337 0.648663
8925 cox3 3 946311.211102 0.352611 0.647389
8926 cox3 3 946311.211102 0.353884 0.646116
8927 cox3 3 946311.211102 0.355158 0.644842
8928 cox3 3 946311.211102 0.356432 0.643568
8929 cox3 3 946311.211102 0.357705 0.642295
8930 cox3 3 946311.211102 0.358979 0.641021
8931 cox3 3 946311.211102 0.360253 0.639747
8932 cox3 3 946311.211102 0.361526 0.638474
8933 cox3 3 946311.211102 0.362800 0.637200
8934 cox3 3 946311.211102 0.364074 0.635926
8935 cox3 3 946311.211102 0.365347 0.634653
8936 cox3 3 946311.211102 0.366621 0.633379
8937 cox3 3 946311.211102 0.367895 0.632105
8938 cox3 3 946311.211102 0.369168 0.630832
8939 cox3 3 946337.767131 0.370401 0.629599
8940 cox3 3 946337.767131 0.371675 0.628325
8941 cox3 3 946337.767131 0.372949 0.627051
8942 cox3 3 946337.767131 0.374222 0.625778
8943 cox3 3 946337.767131 0.375496 0.624504
8944 cox3 3 946337.767131 0.376770 0.623230
8945 cox3 3 946337.767131 0.378044 0.621956
8946 cox3 3 946337.767131 0.379317 0.620683
8947 cox3 3 946337.767131 0.380591 0.619409
8948 cox3 3 946337.767131 0.381865 0.618135
8949 cox3 3 946337.767131 0.383139 0.616861
8950 cox3 3 946337.767131 0.384412 0.615588
8951 cox3 3 946337.767131 0.385686 0.614314
8952 cox3 3 946337.767131 0.386960 0.613040
8953 cox3 3 946337.767131 0.388234 0.611766
8954 cox3 3 946337.767131 0.389507 0.610493
8955 cox3 3 946337.767131 0.390781 0.609219
8956 cox3 3 946337.767131 0.392055 0.607945
8957 cox3 3 946337.767131 0.393329 0.606671
8958 cox3 3 946337.767131 0.394602 0.605398
8959 cox3 3 946337.767131 0.395876 0.604124
8960 cox3 3 946337.767131 0.397150 0.602850
8961 cox3 3 946337.767131 0.398424 0.601576
8962 cox3 3 946337.767131 0.399697 0.600303
8963 cox3 3 946337.767131 0.400971 0.599029
8964 cox3 3 946337.767131 0.402245 0.597755
8965 cox3 3 946337.767131 0.403519 0.596481
8966 cox3 3 946337.767131 0.404793 0.595207
8967 cox3 3 946337.767131 0.406066 0.593934
8968 cox3 3 946337.767131 0.407340 0.592660
8969 cox3 3 946337.767131 0.408614 0.591386
8970 cox3 3 946337.767131 0.409888 0.590112
8971 cox3 3 946337.767131 0.411161 0.588839
8972 cox3 3 946337.767131 0.412435 0.587565
8973 cox3 3 946337.767131 0.413709 0.586291
8974 cox3 3 946337.767131 0.414983 0.585017
8975 cox3 3 946337.767131 0.416256 0.583744
8976 cox3 3 946337.767131 0.417530 0.582470
8977 cox3 3 946337.767131 0.418804 0.581196
8978 cox3 3 946337.767131 0.420078 0.579922
8979 cox3 3 946337.767131 0.421351 0.578649
8980 cox3 3 946337.767131 0.422625 0.577375
8981 cox3 3 946337.767131 0.423899 0.576101
8982 cox3 3 946337.767131 0.425173 0.574827
8983 cox3 3 946337.767131 0.426446 0.573554
8984 cox3 3 946337.767131 0.427720 0.572280
8985 cox3 3 946337.767131 0.428994 0.571006
8986 cox3 3 946337.767131 0.430268 0.569732
8987 cox3 3 946337.767131 0.431541 0.568459
8988 cox3 3 946337.767131 0.432815 0.567185
8989 cox3 3 946337.767131 0.434089 0.565911
8990 cox3 3 946358.788622 0.435342 0.564658
8991 cox3 3 946358.788622 0.436616 0.563384
8992 cox3 3 946358.788622 0.437890 0.562110
8993 cox3 3 946417.330740 0.439165 0.560835
8994 cox3 3 946417.330740 0.440439 0.559561
8995 cox3 3 946417.330740 0.441713 0.558287
8996 cox3 3 946417.330740 0.442986 0.557014
8997 cox3 3 946417.330740 0.444260 0.555740
8998 cox3 3 946417.330740 0.445534 0.554466
8999 cox3 3 946417.330740 0.446808 0.553192
9000 cox3 3 946417.330740 0.448082 0.551918
9001 cox3 3 946417.330740 0.449355 0.550645
9002 cox3 3 946417.330740 0.450629 0.549371
9003 cox3 3 946417.330740 0.451903 0.548097
9004 cox3 3 946417.330740 0.453177 0.546823
9005 cox3 3 946424.038484 0.454448 0.545552
9006 cox3 3 946424.038484 0.455722 0.544278
9007 cox3 3 946424.038484 0.456996 0.543004
9008 cox3 3 946424.038484 0.458270 0.541730
9009 cox3 3 946424.038484 0.459544 0.540456
9010 cox3 3 946424.038484 0.460817 0.539183
9011 cox3 3 946424.038484 0.462091 0.537909
9012 cox3 3 946424.038484 0.463365 0.536635
9013 cox3 3 946424.038484 0.464639 0.535361
9014 cox3 3 946424.038484 0.465913 0.534087
9015 cox3 3 946424.038484 0.467186 0.532814
9016 cox3 3 946424.038484 0.468460 0.531540
9017 cox3 3 946424.038484 0.469734 0.530266
9018 cox3 3 946424.038484 0.471008 0.528992
9019 cox3 3 946424.038484 0.472282 0.527718
9020 cox3 3 946744.788267 0.473295 0.526705
9021 cox3 3 946744.788267 0.474570 0.525430
9022 cox3 3 946744.788267 0.475844 0.524156
9023 cox3 3 946744.788267 0.477119 0.522881
9024 cox3 3 946744.788267 0.478393 0.521607
9025 cox3 3 946744.788267 0.479668 0.520332
9026 cox3 3 946811.119018 0.480881 0.519119
9027 cox3 3 946811.119018 0.482156 0.517844
9028 cox3 3 946811.119018 0.483431 0.516569
9029 cox3 3 946885.627385 0.484646 0.515354
9030 cox3 3 946885.627385 0.485921 0.514079
9031 cox3 3 946885.627385 0.487196 0.512804
9032 cox3 3 946928.615124 0.488420 0.511580
9033 cox3 3 946928.615124 0.489695 0.510305
9034 cox3 3 946928.615124 0.490970 0.509030
9035 cox3 3 946928.615124 0.492245 0.507755
9036 cox3 3 946928.615124 0.493520 0.506480
9037 cox3 3 946928.615124 0.494795 0.505205
9038 cox3 3 946928.615124 0.496070 0.503930
9039 cox3 3 946928.615124 0.497345 0.502655
9040 cox3 3 946928.615124 0.498619 0.501381
9041 cox3 3 946928.615124 0.499894 0.500106
9042 cox3 3 946928.615124 0.501169 0.498831
9043 cox3 3 946928.615124 0.502444 0.497556
9044 cox3 3 946928.615124 0.503719 0.496281
9045 cox3 3 946928.615124 0.504994 0.495006
9046 cox3 3 946928.615124 0.506269 0.493731
9047 cox3 3 946928.615124 0.507544 0.492456
9048 cox3 3 946928.615124 0.508819 0.491181
9049 cox3 3 946928.615124 0.510094 0.489906
9050 cox3 3 946928.615124 0.511369 0.488631
9051 cox3 3 946928.615124 0.512644 0.487356
9052 cox3 3 946928.615124 0.513919 0.486081
9053 cox3 3 946952.330110 0.515171 0.484829
9054 cox3 3 946952.330110 0.516446 0.483554
9055 cox3 3 946952.330110 0.517721 0.482279
9056 cox3 3 946952.330110 0.518996 0.481004
9057 cox3 3 946952.330110 0.520272 0.479728
9058 cox3 3 946952.330110 0.521547 0.478453
9059 cox3 3 946952.330110 0.522822 0.477178
9060 cox3 3 946952.330110 0.524097 0.475903
9061 cox3 3 946952.330110 0.525372 0.474628
9062 cox3 3 946952.330110 0.526647 0.473353
9063 cox3 3 946952.330110 0.527922 0.472078
9064 cox3 3 946952.330110 0.529197 0.470803
9065 cox3 3 946952.330110 0.530472 0.469528
9066 cox3 3 946952.330110 0.531747 0.468253
9067 cox3 3 946952.330110 0.533022 0.466978
9068 cox3 3 946952.330110 0.534297 0.465703
9069 cox3 3 946952.330110 0.535572 0.464428
9070 cox3 3 946952.330110 0.536847 0.463153
9071 cox3 3 946959.517197 0.538115 0.461885
9072 cox3 3 946959.517197 0.539390 0.460610
9073 cox3 3 946959.517197 0.540665 0.459335
9074 cox3 3 946959.517197 0.541940 0.458060
9075 cox3 3 946959.517197 0.543215 0.456785
9076 cox3 3 946959.517197 0.544490 0.455510
9077 cox3 3 946964.048850 0.545719 0.454281
9078 cox3 3 946964.048850 0.546994 0.453006
9079 cox3 3 946964.048850 0.548269 0.451731
9080 cox3 3 946964.048850 0.549544 0.450456
9081 cox3 3 946964.048850 0.550819 0.449181
9082 cox3 3 946964.048850 0.552094 0.447906
9083 cox3 3 946964.048850 0.553369 0.446631
9084 cox3 3 946964.048850 0.554644 0.445356
9085 cox3 3 946964.048850 0.555919 0.444081
9086 cox3 3 946971.698602 0.557188 0.442812
9087 cox3 3 946971.698602 0.558463 0.441537
9088 cox3 3 946971.698602 0.559738 0.440262
9089 cox3 3 946971.698602 0.561013 0.438987
9090 cox3 3 946971.698602 0.562288 0.437712
9091 cox3 3 946971.698602 0.563563 0.436437
9092 cox3 3 946971.698602 0.564838 0.435162
9093 cox3 3 946971.698602 0.566113 0.433887
9094 cox3 3 946971.698602 0.567388 0.432612
9095 cox3 3 946971.698602 0.568664 0.431336
9096 cox3 3 946971.698602 0.569939 0.430061
9097 cox3 3 946971.698602 0.571214 0.428786
9098 cox3 3 946971.698602 0.572489 0.427511
9099 cox3 3 946971.698602 0.573764 0.426236
9100 cox3 3 946971.698602 0.575039 0.424961
9101 cox3 3 946971.698602 0.576314 0.423686
9102 cox3 3 946971.698602 0.577589 0.422411
9103 cox3 3 946971.698602 0.578864 0.421136
9104 cox3 3 946971.698602 0.580139 0.419861
9105 cox3 3 946971.698602 0.581414 0.418586
9106 cox3 3 946971.698602 0.582689 0.417311
9107 cox3 3 946971.698602 0.583964 0.416036
9108 cox3 3 946971.698602 0.585239 0.414761
9109 cox3 3 946971.698602 0.586514 0.413486
9110 cox3 3 946971.698602 0.587789 0.412211
9111 cox3 3 946971.698602 0.589064 0.410936
9112 cox3 3 946971.698602 0.590340 0.409660
9113 cox3 3 946971.698602 0.591615 0.408385
9114 cox3 3 946971.698602 0.592890 0.407110
9115 cox3 3 946971.698602 0.594165 0.405835
9116 cox3 3 946971.698602 0.595440 0.404560
9117 cox3 3 946971.698602 0.596715 0.403285
9118 cox3 3 946971.698602 0.597990 0.402010
9119 cox3 3 946971.698602 0.599265 0.400735
9120 cox3 3 946971.698602 0.600540 0.399460
9121 cox3 3 946971.698602 0.601815 0.398185
9122 cox3 3 946971.698602 0.603090 0.396910
9123 cox3 3 946971.698602 0.604365 0.395635
9124 cox3 3 946971.698602 0.605640 0.394360
9125 cox3 3 946971.698602 0.606915 0.393085
9126 cox3 3 946971.698602 0.608190 0.391810
9127 cox3 3 946971.698602 0.609465 0.390535
9128 cox3 3 946971.698602 0.610740 0.389260
9129 cox3 3 946971.698602 0.612016 0.387984
9130 cox3 3 946971.698602 0.613291 0.386709
9131 cox3 3 946971.698602 0.614566 0.385434
9132 cox3 3 946971.698602 0.615841 0.384159
9133 cox3 3 946971.698602 0.617116 0.382884
9134 cox3 3 946985.910066 0.618377 0.381623
9135 cox3 3 946985.910066 0.619652 0.380348
9136 cox3 3 946985.910066 0.620927 0.379073
9137 cox3 3 946985.910066 0.622202 0.377798
9138 cox3 3 946985.910066 0.623477 0.376523
9139 cox3 3 946985.910066 0.624752 0.375248
9140 cox3 3 946985.910066 0.626027 0.373973
9141 cox3 3 946985.910066 0.627302 0.372698
9142 cox3 3 946985.910066 0.628577 0.371423
9143 cox3 3 946985.910066 0.629853 0.370147
9144 cox3 3 946985.910066 0.631128 0.368872
9145 cox3 3 946985.910066 0.632403 0.367597
9146 cox3 3 946985.910066 0.633678 0.366322
9147 cox3 3 946985.910066 0.634953 0.365047
9148 cox3 3 946985.910066 0.636228 0.363772
9149 cox3 3 946985.910066 0.637503 0.362497
9150 cox3 3 946985.910066 0.638778 0.361222
9151 cox3 3 946985.910066 0.640053 0.359947
9152 cox3 3 946985.910066 0.641329 0.358671
9153 cox3 3 946985.910066 0.642604 0.357396
9154 cox3 3 946985.910066 0.643879 0.356121
9155 cox3 3 946985.910066 0.645154 0.354846
9156 cox3 3 946985.910066 0.646429 0.353571
9157 cox3 3 946985.910066 0.647704 0.352296
9158 cox3 3 946985.910066 0.648979 0.351021
9159 cox3 3 946985.910066 0.650254 0.349746
9160 cox3 3 946985.910066 0.651530 0.348470
9161 cox3 3 946985.910066 0.652805 0.347195
9162 cox3 3 946985.910066 0.654080 0.345920
9163 cox3 3 946985.910066 0.655355 0.344645
9164 cox3 3 946985.910066 0.656630 0.343370
9165 cox3 3 946985.910066 0.657905 0.342095
9166 cox3 3 946985.910066 0.659180 0.340820
9167 cox3 3 946985.910066 0.660455 0.339545
9168 cox3 3 946985.910066 0.661730 0.338270
9169 cox3 3 946985.910066 0.663006 0.336994
9170 cox3 3 946985.910066 0.664281 0.335719
9171 cox3 3 946985.910066 0.665556 0.334444
9172 cox3 3 946985.910066 0.666831 0.333169
9173 cox3 3 946985.910066 0.668106 0.331894
9174 cox3 3 946985.910066 0.669381 0.330619
9175 cox3 3 946985.910066 0.670656 0.329344
9176 cox3 3 946985.910066 0.671931 0.328069
9177 cox3 3 946985.910066 0.673206 0.326794
9178 cox3 3 946985.910066 0.674482 0.325518
9179 cox3 3 946985.910066 0.675757 0.324243
9180 cox3 3 946985.910066 0.677032 0.322968
9181 cox3 3 946985.910066 0.678307 0.321693
9182 cox3 3 946985.910066 0.679582 0.320418
9183 cox3 3 946985.910066 0.680857 0.319143
9184 cox3 3 946985.910066 0.682132 0.317868
9185 cox3 3 946985.910066 0.683407 0.316593
9186 cox3 3 946985.910066 0.684682 0.315318
9187 cox3 3 946985.910066 0.685958 0.314042
9188 cox3 3 946985.910066 0.687233 0.312767
9189 cox3 3 946985.910066 0.688508 0.311492
9190 cox3 3 946985.910066 0.689783 0.310217
9191 cox3 3 946985.910066 0.691058 0.308942
9192 cox3 3 946985.910066 0.692333 0.307667
9193 cox3 3 946985.910066 0.693608 0.306392
9194 cox3 3 946985.910066 0.694883 0.305117
9195 cox3 3 946985.910066 0.696159 0.303841
9196 cox3 3 946985.910066 0.697434 0.302566
9197 cox3 3 946985.910066 0.698709 0.301291
9198 cox3 3 946985.910066 0.699984 0.300016
9199 cox3 3 946985.910066 0.701259 0.298741
9200 cox3 3 946985.910066 0.702534 0.297466
9201 cox3 3 946985.910066 0.703809 0.296191
9202 cox3 3 946985.910066 0.705084 0.294916
9203 cox3 3 946985.910066 0.706359 0.293641
9204 cox3 3 946985.910066 0.707635 0.292365
9205 cox3 3 946985.910066 0.708910 0.291090
9206 cox3 3 946985.910066 0.710185 0.289815
9207 cox3 3 946985.910066 0.711460 0.288540
9208 cox3 3 946985.910066 0.712735 0.287265
9209 cox3 3 946985.910066 0.714010 0.285990
9210 cox3 3 946985.910066 0.715285 0.284715
9211 cox3 3 946985.910066 0.716560 0.283440
9212 cox3 3 946985.910066 0.717835 0.282165
9213 cox3 3 946985.910066 0.719111 0.280889
9214 cox3 3 946985.910066 0.720386 0.279614
9215 cox3 3 946985.910066 0.721661 0.278339
9216 cox3 3 946985.910066 0.722936 0.277064
9217 cox3 3 946985.910066 0.724211 0.275789
9218 cox3 3 946985.910066 0.725486 0.274514
9219 cox3 3 946985.910066 0.726761 0.273239
9220 cox3 3 946985.910066 0.728036 0.271964
9221 cox3 3 946985.910066 0.729311 0.270689
9222 cox3 3 946985.910066 0.730587 0.269413
9223 cox3 3 946985.910066 0.731862 0.268138
9224 cox3 3 946985.910066 0.733137 0.266863
9225 cox3 3 946985.910066 0.734412 0.265588
9226 cox3 3 946985.910066 0.735687 0.264313
9227 cox3 3 946896.804382 0.736934 0.263066
9228 cox3 3 946896.804382 0.738209 0.261791
9229 cox3 3 946896.804382 0.739484 0.260516
9230 cox3 3 946896.804382 0.740759 0.259241
9231 cox3 3 946896.804382 0.742034 0.257966
9232 cox3 3 946896.804382 0.743309 0.256691
9233 cox3 3 946896.804382 0.744585 0.255415
9234 cox3 3 946896.804382 0.745860 0.254140
9235 cox3 3 946896.804382 0.747135 0.252865
9236 cox3 3 946896.804382 0.748410 0.251590
9237 cox3 3 946896.804382 0.749685 0.250315
9238 cox3 3 946896.804382 0.750960 0.249040
9239 cox3 3 946896.804382 0.752235 0.247765
9240 cox3 3 946896.804382 0.753510 0.246490
9241 cox3 3 946896.804382 0.754785 0.245215
9242 cox3 3 946887.668893 0.756055 0.243945
9243 cox3 3 946887.668893 0.757330 0.242670
9244 cox3 3 946887.668893 0.758606 0.241394
9245 cox3 3 946887.668893 0.759881 0.240119
9246 cox3 3 946887.668893 0.761156 0.238844
9247 cox3 3 946887.668893 0.762431 0.237569
9248 cox3 3 946887.668893 0.763706 0.236294
9249 cox3 3 946887.668893 0.764981 0.235019
9250 cox3 3 946887.668893 0.766256 0.233744
9251 cox3 3 946887.668893 0.767531 0.232469
9252 cox3 3 946887.668893 0.768806 0.231194
9253 cox3 3 946887.668893 0.770081 0.229919
9254 cox3 3 946887.668893 0.771356 0.228644
9255 cox3 3 946887.668893 0.772631 0.227369
9256 cox3 3 946887.668893 0.773906 0.226094
9257 cox3 3 946847.423241 0.775168 0.224832
9258 cox3 3 946847.423241 0.776443 0.223557
9259 cox3 3 946847.423241 0.777718 0.222282
9260 cox3 3 946847.423241 0.778993 0.221007
9261 cox3 3 946847.423241 0.780268 0.219732
9262 cox3 3 946847.423241 0.781543 0.218457
9263 cox3 3 946847.423241 0.782818 0.217182
9264 cox3 3 946847.423241 0.784093 0.215907
9265 cox3 3 946847.423241 0.785368 0.214632
9266 cox3 3 946847.423241 0.786643 0.213357
9267 cox3 3 946847.423241 0.787918 0.212082
9268 cox3 3 946847.423241 0.789193 0.210807
9269 cox3 3 946847.423241 0.790468 0.209532
9270 cox3 3 946847.423241 0.791743 0.208257
9271 cox3 3 946847.423241 0.793018 0.206982
9272 cox3 3 946847.423241 0.794293 0.205707
9273 cox3 3 946847.423241 0.795568 0.204432
9274 cox3 3 946847.423241 0.796843 0.203157
9275 cox3 3 946847.423241 0.798118 0.201882
9276 cox3 3 946847.423241 0.799392 0.200608
9277 cox3 3 946847.423241 0.800667 0.199333
9278 cox3 3 946847.423241 0.801942 0.198058
9279 cox3 3 946847.423241 0.803217 0.196783
9280 cox3 3 946847.423241 0.804492 0.195508
9281 cox3 3 946847.423241 0.805767 0.194233
9282 cox3 3 946847.423241 0.807042 0.192958
9283 cox3 3 946847.423241 0.808317 0.191683
9284 cox3 3 946847.423241 0.809592 0.190408
9285 cox3 3 946847.423241 0.810867 0.189133
9286 cox3 3 946847.423241 0.812142 0.187858
9287 cox3 3 946847.423241 0.813417 0.186583
9288 cox3 3 946847.423241 0.814692 0.185308
9289 cox3 3 946847.423241 0.815967 0.184033
9290 cox3 3 946847.423241 0.817242 0.182758
9291 cox3 3 946847.423241 0.818517 0.181483
9292 cox3 3 946847.423241 0.819792 0.180208
9293 cox3 3 946842.891588 0.821118 0.178882
9294 cox3 3 946842.891588 0.822393 0.177607
9295 cox3 3 946842.891588 0.823668 0.176332
9296 cox3 3 946842.891588 0.824943 0.175057
9297 cox3 3 946842.891588 0.826218 0.173782
9298 cox3 3 946842.891588 0.827493 0.172507
9299 cox3 3 946842.891588 0.828768 0.171232
9300 cox3 3 946842.891588 0.830043 0.169957
9301 cox3 3 946842.891588 0.831318 0.168682
9302 cox3 3 946842.891588 0.832593 0.167407
9303 cox3 3 946842.891588 0.833868 0.166132
9304 cox3 3 946842.891588 0.835143 0.164857
9305 cox3 3 946842.891588 0.836418 0.163582
9306 cox3 3 946842.891588 0.837693 0.162307
9307 cox3 3 946842.891588 0.838968 0.161032
9308 cox3 3 946842.891588 0.840243 0.159757
9309 cox3 3 946842.891588 0.841518 0.158482
9310 cox3 3 946842.891588 0.842793 0.157207
9311 cox3 3 946737.387133 0.844068 0.155932
9312 cox3 3 946737.387133 0.845343 0.154657
9313 cox3 3 946737.387133 0.846618 0.153382
9314 cox3 3 946737.387133 0.847893 0.152107
9315 cox3 3 946737.387133 0.849168 0.150832
9316 cox3 3 946737.387133 0.850443 0.149557
9317 cox3 3 946737.387133 0.851718 0.148282
9318 cox3 3 946737.387133 0.852993 0.147007
9319 cox3 3 946737.387133 0.854269 0.145731
9320 cox3 3 946737.387133 0.855544 0.144456
9321 cox3 3 946737.387133 0.856819 0.143181
9322 cox3 3 946737.387133 0.858094 0.141906
9323 cox3 3 946737.387133 0.859369 0.140631
9324 cox3 3 946737.387133 0.860644 0.139356
9325 cox3 3 946737.387133 0.861919 0.138081
9326 cox3 3 946737.387133 0.863194 0.136806
9327 cox3 3 946737.387133 0.864469 0.135531
9328 cox3 3 946737.387133 0.865744 0.134256
9329 cox3 3 946737.387133 0.867019 0.132981
9330 cox3 3 946737.387133 0.868294 0.131706
9331 cox3 3 946737.387133 0.869569 0.130431
9332 cox3 3 946737.387133 0.870844 0.129156
9333 cox3 3 946737.387133 0.872119 0.127881
9334 cox3 3 946737.387133 0.873394 0.126606
9335 cox3 3 946737.387133 0.874669 0.125331
9336 cox3 3 946737.387133 0.875944 0.124056
9337 cox3 3 946737.387133 0.877219 0.122781
9338 cox3 3 946737.387133 0.878494 0.121506
9339 cox3 3 946737.387133 0.879769 0.120231
9340 cox3 3 946737.387133 0.881044 0.118956
9341 cox3 3 946737.387133 0.882319 0.117681
9342 cox3 3 946737.387133 0.883594 0.116406
9343 cox3 3 946737.387133 0.884869 0.115131
9344 cox3 3 946737.387133 0.886144 0.113856
9345 cox3 3 946737.387133 0.887419 0.112581
9346 cox3 3 946737.387133 0.888694 0.111306
9347 cox3 3 946649.874271 0.889968 0.110032
9348 cox3 3 946649.874271 0.891243 0.108757
9349 cox3 3 946649.874271 0.892518 0.107482
9350 cox3 3 946649.874271 0.893793 0.106207
9351 cox3 3 946649.874271 0.895068 0.104932
9352 cox3 3 946649.874271 0.896343 0.103657
9353 cox3 3 946649.874271 0.897618 0.102382
9354 cox3 3 946649.874271 0.898893 0.101107
9355 cox3 3 946649.874271 0.900168 0.099832
9356 cox3 3 946571.056115 0.901443 0.098557
9357 cox3 3 946571.056115 0.902718 0.097282
9358 cox3 3 946571.056115 0.903993 0.096007
9359 cox3 3 946571.056115 0.905268 0.094732
9360 cox3 3 946571.056115 0.906543 0.093457
9361 cox3 3 946571.056115 0.907818 0.092182
9362 cox3 3 946571.056115 0.909093 0.090907
9363 cox3 3 946571.056115 0.910368 0.089632
9364 cox3 3 946571.056115 0.911643 0.088357
9365 cox3 3 946487.105333 0.912919 0.087081
9366 cox3 3 946487.105333 0.914194 0.085806
9367 cox3 3 946487.105333 0.915469 0.084531
9368 cox3 3 946487.105333 0.916744 0.083256
9369 cox3 3 946487.105333 0.918019 0.081981
9370 cox3 3 946487.105333 0.919294 0.080706
9371 cox3 3 946487.105333 0.920569 0.079431
9372 cox3 3 946487.105333 0.921844 0.078156
9373 cox3 3 946487.105333 0.923119 0.076881
9374 cox3 3 946487.105333 0.924394 0.075606
9375 cox3 3 946487.105333 0.925669 0.074331
9376 cox3 3 946487.105333 0.926944 0.073056
9377 cox3 3 946487.105333 0.928219 0.071781
9378 cox3 3 946487.105333 0.929494 0.070506
9379 cox3 3 946487.105333 0.930769 0.069231
9380 cox3 3 946475.020732 0.932044 0.067956
9381 cox3 3 946475.020732 0.933319 0.066681
9382 cox3 3 946475.020732 0.934594 0.065406
9383 cox3 3 946431.840276 0.935878 0.064122
9384 cox3 3 946431.840276 0.937153 0.062847
9385 cox3 3 946431.840276 0.938428 0.061572
9386 cox3 3 946395.164559 0.939704 0.060296
9387 cox3 3 946395.164559 0.940979 0.059021
9388 cox3 3 946395.164559 0.942254 0.057746
9389 cox3 3 946395.164559 0.943529 0.056471
9390 cox3 3 946395.164559 0.944804 0.055196
9391 cox3 3 946395.164559 0.946079 0.053921
9392 cox3 3 946144.150573 0.947354 0.052646
9393 cox3 3 946144.150573 0.948629 0.051371
9394 cox3 3 946144.150573 0.949904 0.050096
9395 cox3 3 946015.347480 0.951181 0.048819
9396 cox3 3 946015.347480 0.952456 0.047544
9397 cox3 3 946015.347480 0.953731 0.046269
9398 cox3 3 945785.433867 0.954984 0.045016
9399 cox3 3 945785.433867 0.956259 0.043741
9400 cox3 3 945785.433867 0.957534 0.042466
9401 cox3 3 945692.262527 0.958809 0.041191
9402 cox3 3 945692.262527 0.960083 0.039917
9403 cox3 3 945692.262527 0.961358 0.038642
9404 cox3 3 945459.326716 0.962628 0.037372
9405 cox3 3 945459.326716 0.963903 0.036097
9406 cox3 3 945459.326716 0.965178 0.034822
9407 cox3 3 945427.659154 0.966451 0.033549
9408 cox3 3 945427.659154 0.967726 0.032274
9409 cox3 3 945427.659154 0.969001 0.030999
9410 cox3 3 945225.707623 0.970274 0.029726
9411 cox3 3 945225.707623 0.971549 0.028451
9412 cox3 3 945225.707623 0.972824 0.027176
9413 cox3 3 944991.213207 0.974099 0.025901
9414 cox3 3 944991.213207 0.975374 0.024626
9415 cox3 3 944991.213207 0.976649 0.023351
9416 cox3 3 944785.201405 0.977924 0.022076
9417 cox3 3 944785.201405 0.979199 0.020801
9418 cox3 3 944785.201405 0.980474 0.019526
9419 cox3 3 941776.897522 0.981686 0.018314
9420 cox3 3 941776.897522 0.982959 0.017041
9421 cox3 3 941776.897522 0.984232 0.015768
9422 cox3 3 940425.856874 0.985501 0.014499
9423 cox3 3 940425.856874 0.986774 0.013226
9424 cox3 3 940425.856874 0.988046 0.011954
9425 cox3 3 928363.783742 0.989452 0.010548
9426 cox3 3 928363.783742 0.990725 0.009275
9427 cox3 3 928363.783742 0.991997 0.008003
9428 cox3 3 876578.756189 0.993289 0.006711
9429 cox3 3 876578.756189 0.994562 0.005438
9430 cox3 3 876578.756189 0.995835 0.004165
9431 cox3 3 3558.016817 0.976033 0.023967
9432 cox3 3 3558.016817 0.977281 0.022719
9433 cox3 3 3558.016817 0.978530 0.021470
9434 cox3 3 1489.698929 0.960806 0.039194
9435 cox3 3 1489.698929 0.962027 0.037973
9436 cox3 3 1489.698929 0.963248 0.036752
9437 cox3 3 1489.698929 0.964469 0.035531
9438 cox3 3 1489.698929 0.965690 0.034310
9439 cox3 3 1489.698929 0.966912 0.033088
9440 cox3 3 1255.173199 0.963411 0.036589
9441 cox3 3 1255.173199 0.964629 0.035371
9442 cox3 3 1255.173199 0.965847 0.034153
9443 cox3 3 612.277756 0.954249 0.045751
9444 cox3 3 612.277756 0.955451 0.044549
9445 cox3 3 612.277756 0.956652 0.043348
9446 cox3 3 612.277756 0.957854 0.042146
9447 cox3 3 612.277756 0.959056 0.040944
9448 cox3 3 612.277756 0.960257 0.039743
9449 cox3 3 295.638820 0.945458 0.054542
9450 cox3 3 295.638820 0.946641 0.053359
9451 cox3 3 295.638820 0.947824 0.052176
9452 cox3 3 295.638820 0.949007 0.050993
9453 cox3 3 295.638820 0.950190 0.049810
9454 cox3 3 295.638820 0.951373 0.048627
9455 cox3 3 211.528122 0.931909 0.068091
9456 cox3 3 211.528122 0.933071 0.066929
9457 cox3 3 211.528122 0.934232 0.065768
9458 cox3 3 211.528122 0.935393 0.064607
9459 cox3 3 211.528122 0.936554 0.063446
9460 cox3 3 211.528122 0.937715 0.062285
9461 cox3 3 117.806875 0.961940 0.038060
9462 cox3 3 117.806875 0.963127 0.036873
9463 cox3 3 117.806875 0.964315 0.035685
9464 cox3 3 117.806875 0.965502 0.034498
9465 cox3 3 117.806875 0.966690 0.033310
9466 cox3 3 117.806875 0.967877 0.032123
9467 cox3 3 117.806875 0.969065 0.030935
9468 cox3 3 117.806875 0.970253 0.029747
9469 cox3 3 117.806875 0.971440 0.028560
9470 cox3 3 117.806875 0.972628 0.027372
9471 cox3 3 117.806875 0.973815 0.026185
9472 cox3 3 117.806875 0.975003 0.024997
9473 cox3 3 0.000000 0.000000 0.000000
2715 nad1 2 0.000000 0.000000 0.000000
2716 nad1 2 98.549751 0.003165 0.996835
2717 nad1 2 98.549751 0.004175 0.995825
2718 nad1 2 98.549751 0.005185 0.994815
2719 nad1 2 98.549751 0.006195 0.993805
2720 nad1 2 98.549751 0.007205 0.992795
2721 nad1 2 98.549751 0.008215 0.991785
2722 nad1 2 98.549751 0.009225 0.990775
2723 nad1 2 98.549751 0.010235 0.989765
2724 nad1 2 98.549751 0.011245 0.988755
2725 nad1 2 98.549751 0.012255 0.987745
2726 nad1 2 98.549751 0.013265 0.986735
2727 nad1 2 98.549751 0.014275 0.985725
2728 nad1 2 234.684647 0.009181 0.990819
2729 nad1 2 234.684647 0.010195 0.989805
2730 nad1 2 234.684647 0.011209 0.988791
2731 nad1 2 5680.593596 0.005475 0.994525
2732 nad1 2 5680.593596 0.006495 0.993505
2733 nad1 2 5680.593596 0.007516 0.992484
2734 nad1 2 10576.544229 0.007421 0.992579
2735 nad1 2 10576.544229 0.008443 0.991557
2736 nad1 2 10576.544229 0.009465 0.990535
2737 nad1 2 39892.348798 0.012303 0.987697
2738 nad1 2 39892.348798 0.013321 0.986679
2739 nad1 2 39892.348798 0.014339 0.985661
2740 nad1 2 50383.344636 0.012748 0.987252
2741 nad1 2 50383.344636 0.013771 0.986229
2742 nad1 2 50383.344636 0.014793 0.985207
2743 nad1 2 59373.764143 0.013859 0.986141
2744 nad1 2 59373.764143 0.014884 0.985116
2745 nad1 2 59373.764143 0.015909 0.984091
2746 nad1 2 71226.009074 0.015344 0.984656
2747 nad1 2 71226.009074 0.016371 0.983629
2748 nad1 2 71226.009074 0.017399 0.982601
2749 nad1 2 82613.290984 0.017227 0.982773
2750 nad1 2 82613.290984 0.018256 0.981744
2751 nad1 2 82613.290984 0.019285 0.980715
2752 nad1 2 299769.027188 0.010018 0.989982
2753 nad1 2 299769.027188 0.011057 0.988943
2754 nad1 2 299769.027188 0.012097 0.987903
2755 nad1 2 351828.110151 0.014252 0.985748
2756 nad1 2 351828.110151 0.015290 0.984710
2757 nad1 2 351828.110151 0.016328 0.983672
2758 nad1 2 730696.831176 0.020090 0.979910
2759 nad1 2 730696.831176 0.021125 0.978875
2760 nad1 2 730696.831176 0.022159 0.977841
2761 nad1 2 758868.801544 0.023145 0.976855
2762 nad1 2 758868.801544 0.024180 0.975820
2763 nad1 2 758868.801544 0.025215 0.974785
2764 nad1 2 770501.817515 0.026258 0.973742
2765 nad1 2 770501.817515 0.027293 0.972707
2766 nad1 2 770501.817515 0.028328 0.971672
2767 nad1 2 780066.944824 0.029126 0.970874
2768 nad1 2 780066.944824 0.030162 0.969838
2769 nad1 2 780066.944824 0.031197 0.968803
2770 nad1 2 818754.531487 0.032000 0.968000
2771 nad1 2 818754.531487 0.033036 0.966964
2772 nad1 2 818754.531487 0.034072 0.965928
2773 nad1 2 820228.652201 0.035073 0.964927
2774 nad1 2 820228.652201 0.036110 0.963890
2775 nad1 2 820228.652201 0.037146 0.962854
2776 nad1 2 823735.351963 0.038051 0.961949
2777 nad1 2 823735.351963 0.039087 0.960913
2778 nad1 2 823735.351963 0.040123 0.959877
2779 nad1 2 845711.779409 0.041174 0.958826
2780 nad1 2 845711.779409 0.042210 0.957790
2781 nad1 2 845711.779409 0.043247 0.956753
2782 nad1 2 870160.477012 0.044323 0.955677
2783 nad1 2 870160.477012 0.045360 0.954640
2784 nad1 2 870160.477012 0.046396 0.953604
2785 nad1 2 872076.563791 0.047439 0.952561
2786 nad1 2 872076.563791 0.048476 0.951524
2787 nad1 2 872076.563791 0.049512 0.950488
2788 nad1 2 888483.827169 0.050582 0.949418
2789 nad1 2 888483.827169 0.051619 0.948381
2790 nad1 2 888483.827169 0.052656 0.947344
2791 nad1 2 894238.128219 0.053610 0.946390
2792 nad1 2 894238.128219 0.054647 0.945353
2793 nad1 2 894238.128219 0.055684 0.944316
2794 nad1 2 897059.996401 0.056756 0.943244
2795 nad1 2 897059.996401 0.057793 0.942207
2796 nad1 2 897059.996401 0.058831 0.941169
2797 nad1 2 926790.446246 0.059633 0.940367
2798 nad1 2 926790.446246 0.060670 0.939330
2799 nad1 2 926790.446246 0.061708 0.938292
2800 nad1 2 929668.500436 0.062740 0.937260
2801 nad1 2 929668.500436 0.063777 0.936223
2802 nad1 2 929668.500436 0.064815 0.935185
2803 nad1 2 945282.988022 0.065963 0.934037
2804 nad1 2 945282.988022 0.067001 0.932999
2805 nad1 2 945282.988022 0.068039 0.931961
2806 nad1 2 946283.659064 0.069076 0.930924
2807 nad1 2 946283.659064 0.070114 0.929886
2808 nad1 2 946283.659064 0.071152 0.928848
2809 nad1 2 946440.304341 0.072193 0.927807
2810 nad1 2 946440.304341 0.073231 0.926769
2811 nad1 2 946440.304341 0.074268 0.925732
2812 nad1 2 947374.957653 0.075302 0.924698
2813 nad1 2 947374.957653 0.076340 0.923660
2814 nad1 2 947374.957653 0.077377 0.922623
2815 nad1 2 947374.957653 0.078415 0.921585
2816 nad1 2 947374.957653 0.079452 0.920548
2817 nad1 2 947374.957653 0.080490 0.919510
2818 nad1 2 947431.063892 0.081527 0.918473
2819 nad1 2 947431.063892 0.082564 0.917436
2820 nad1 2 947431.063892 0.083602 0.916398
2821 nad1 2 951548.396697 0.084631 0.915369
2822 nad1 2 951548.396697 0.085669 0.914331
2823 nad1 2 951548.396697 0.086707 0.913293
2824 nad1 2 951548.396697 0.087744 0.912256
2825 nad1 2 951548.396697 0.088782 0.911218
2826 nad1 2 951548.396697 0.089820 0.910180
2827 nad1 2 951669.717269 0.090858 0.909142
2828 nad1 2 951669.717269 0.091896 0.908104
2829 nad1 2 951669.717269 0.092933 0.907067
2830 nad1 2 951669.717269 0.093971 0.906029
2831 nad1 2 951669.717269 0.095009 0.904991
2832 nad1 2 951669.717269 0.096046 0.903954
2833 nad1 2 951669.717269 0.097084 0.902916
2834 nad1 2 951669.717269 0.098122 0.901878
2835 nad1 2 951669.717269 0.099160 0.900840
2836 nad1 2 951669.717269 0.100197 0.899803
2837 nad1 2 951669.717269 0.101235 0.898765
2838 nad1 2 951669.717269 0.102273 0.897727
2839 nad1 2 951669.717269 0.103310 0.896690
2840 nad1 2 951669.717269 0.104348 0.895652
2841 nad1 2 951669.717269 0.105386 0.894614
2842 nad1 2 951669.717269 0.106423 0.893577
2843 nad1 2 951669.717269 0.107461 0.892539
2844 nad1 2 951669.717269 0.108499 0.891501
2845 nad1 2 951669.717269 0.109536 0.890464
2846 nad1 2 951669.717269 0.110574 0.889426
2847 nad1 2 951669.717269 0.111612 0.888388
2848 nad1 2 951669.717269 0.112649 0.887351
2849 nad1 2 951669.717269 0.113687 0.886313
2850 nad1 2 951669.717269 0.114725 0.885275
2851 nad1 2 951669.717269 0.115763 0.884237
2852 nad1 2 951669.717269 0.116800 0.883200
2853 nad1 2 951669.717269 0.117838 0.882162
2854 nad1 2 951669.717269 0.118876 0.881124
2855 nad1 2 951669.717269 0.119913 0.880087
2856 nad1 2 951669.717269 0.120951 0.879049
2857 nad1 2 951669.717269 0.121989 0.878011
2858 nad1 2 951669.717269 0.123026 0.876974
2859 nad1 2 951669.717269 0.124064 0.875936
2860 nad1 2 951669.717269 0.125102 0.874898
2861 nad1 2 951669.717269 0.126139 0.873861
2862 nad1 2 951669.717269 0.127177 0.872823
2863 nad1 2 951669.717269 0.128215 0.871785
2864 nad1 2 951669.717269 0.129252 0.870748
2865 nad1 2 951669.717269 0.130290 0.869710
2866 nad1 2 951669.717269 0.131328 0.868672
2867 nad1 2 951669.717269 0.132366 0.867634
2868 nad1 2 951669.717269 0.133403 0.866597
2869 nad1 2 951669.717269 0.134441 0.865559
2870 nad1 2 951669.717269 0.135479 0.864521
2871 nad1 2 951669.717269 0.136516 0.863484
2872 nad1 2 951669.717269 0.137554 0.862446
2873 nad1 2 951669.717269 0.138592 0.861408
2874 nad1 2 951669.717269 0.139629 0.860371
2875 nad1 2 951669.717269 0.140667 0.859333
2876 nad1 2 951669.717269 0.141705 0.858295
2877 nad1 2 951669.717269 0.142742 0.857258
2878 nad1 2 951669.717269 0.143780 0.856220
2879 nad1 2 951669.717269 0.144818 0.855182
2880 nad1 2 951669.717269 0.145855 0.854145
2881 nad1 2 951764.593342 0.146857 0.853143
2882 nad1 2 951764.593342 0.147895 0.852105
2883 nad1 2 951764.593342 0.148933 0.851067
2884 nad1 2 951764.593342 0.149971 0.850029
2885 nad1 2 951764.593342 0.151008 0.848992
2886 nad1 2 951764.593342 0.152046 0.847954
2887 nad1 2 951764.593342 0.153084 0.846916
2888 nad1 2 951764.593342 0.154122 0.845878
2889 nad1 2 951764.593342 0.155159 0.844841
2890 nad1 2 951764.593342 0.156197 0.843803
2891 nad1 2 951764.593342 0.157235 0.842765
2892 nad1 2 951764.593342 0.158273 0.841727
2893 nad1 2 951764.593342 0.159310 0.840690
2894 nad1 2 951764.593342 0.160348 0.839652
2895 nad1 2 951764.593342 0.161386 0.838614
2896 nad1 2 951764.593342 0.162424 0.837576
2897 nad1 2 951764.593342 0.163461 0.836539
2898 nad1 2 951764.593342 0.164499 0.835501
2899 nad1 2 951764.593342 0.165537 0.834463
2900 nad1 2 951764.593342 0.166574 0.833426
2901 nad1 2 951764.593342 0.167612 0.832388
2902 nad1 2 951764.593342 0.168650 0.831350
2903 nad1 2 951764.593342 0.169688 0.830312
2904 nad1 2 951764.593342 0.170725 0.829275
2905 nad1 2 951764.593342 0.171763 0.828237
2906 nad1 2 951764.593342 0.172801 0.827199
2907 nad1 2 951764.593342 0.173839 0.826161
2908 nad1 2 951764.593342 0.174876 0.825124
2909 nad1 2 951764.593342 0.175914 0.824086
2910 nad1 2 951764.593342 0.176952 0.823048
2911 nad1 2 951764.593342 0.177990 0.822010
2912 nad1 2 951764.593342 0.179027 0.820973
2913 nad1 2 951764.593342 0.180065 0.819935
2914 nad1 2 951764.593342 0.181103 0.818897
2915 nad1 2 951764.593342 0.182140 0.817860
2916 nad1 2 951764.593342 0.183178 0.816822
2917 nad1 2 951764.593342 0.184216 0.815784
2918 nad1 2 951764.593342 0.185254 0.814746
2919 nad1 2 951764.593342 0.186291 0.813709
2920 nad1 2 951813.536438 0.187306 0.812694
2921 nad1 2 951813.536438 0.188344 0.811656
2922 nad1 2 951813.536438 0.189381 0.810619
2923 nad1 2 951813.536438 0.190419 0.809581
2924 nad1 2 951813.536438 0.191457 0.808543
2925 nad1 2 951813.536438 0.192495 0.807505
2926 nad1 2 951813.536438 0.193532 0.806468
2927 nad1 2 951813.536438 0.194570 0.805430
2928 nad1 2 951813.536438 0.195608 0.804392
2929 nad1 2 951813.536438 0.196646 0.803354
2930 nad1 2 951813.536438 0.197683 0.802317
2931 nad1 2 951813.536438 0.198721 0.801279
2932 nad1 2 951813.536438 0.199759 0.800241
2933 nad1 2 951813.536438 0.200797 0.799203
2934 nad1 2 951813.536438 0.201835 0.798165
2935 nad1 2 951813.536438 0.202872 0.797128
2936 nad1 2 951813.536438 0.203910 0.796090
2937 nad1 2 951813.536438 0.204948 0.795052
2938 nad1 2 951813.536438 0.205986 0.794014
2939 nad1 2 951813.536438 0.207023 0.792977
2940 nad1 2 951813.536438 0.208061 0.791939
2941 nad1 2 951813.536438 0.209099 0.790901
2942 nad1 2 951813.536438 0.210137 0.789863
2943 nad1 2 951813.536438 0.211174 0.788826
2944 nad1 2 951813.536438 0.212212 0.787788
2945 nad1 2 951813.536438 0.213250 0.786750
2946 nad1 2 951813.536438 0.214288 0.785712
2947 nad1 2 951813.536438 0.215326 0.784674
2948 nad1 2 951813.536438 0.216363 0.783637
2949 nad1 2 951813.536438 0.217401 0.782599
2950 nad1 2 951813.536438 0.218439 0.781561
2951 nad1 2 951813.536438 0.219477 0.780523
2952 nad1 2 951813.536438 0.220514 0.779486
2953 nad1 2 951813.536438 0.221552 0.778448
2954 nad1 2 951813.536438 0.222590 0.777410
2955 nad1 2 951813.536438 0.223628 0.776372
2956 nad1 2 951813.536438 0.224665 0.775335
2957 nad1 2 951813.536438 0.225703 0.774297
2958 nad1 2 951813.536438 0.226741 0.773259
2959 nad1 2 951813.536438 0.227779 0.772221
2960 nad1 2 951813.536438 0.228817 0.771183
2961 nad1 2 951813.536438 0.229854 0.770146
2962 nad1 2 951813.536438 0.230892 0.769108
2963 nad1 2 951813.536438 0.231930 0.768070
2964 nad1 2 951813.536438 0.232968 0.767032
2965 nad1 2 951813.536438 0.234005 0.765995
2966 nad1 2 951813.536438 0.235043 0.764957
2967 nad1 2 951813.536438 0.236081 0.763919
2968 nad1 2 951813.536438 0.237119 0.762881
2969 nad1 2 951813.536438 0.238156 0.761844
2970 nad1 2 951813.536438 0.239194 0.760806
2971 nad1 2 951813.536438 0.240232 0.759768
2972 nad1 2 951813.536438 0.241270 0.758730
2973 nad1 2 951813.536438 0.242308 0.757692
2974 nad1 2 951813.536438 0.243345 0.756655
2975 nad1 2 951813.536438 0.244383 0.755617
2976 nad1 2 951813.536438 0.245421 0.754579
2977 nad1 2 951813.536438 0.246459 0.753541
2978 nad1 2 951813.536438 0.247496 0.752504
2979 nad1 2 951813.536438 0.248534 0.751466
2980 nad1 2 951813.536438 0.249572 0.750428
2981 nad1 2 951813.536438 0.250610 0.749390
2982 nad1 2 951813.536438 0.251647 0.748353
2983 nad1 2 951798.706699 0.252689 0.747311
2984 nad1 2 951798.706699 0.253727 0.746273
2985 nad1 2 951798.706699 0.254764 0.745236
2986 nad1 2 951798.706699 0.255802 0.744198
2987 nad1 2 951798.706699 0.256840 0.743160
2988 nad1 2 951798.706699 0.257878 0.742122
2989 nad1 2 951798.706699 0.258915 0.741085
2990 nad1 2 951798.706699 0.259953 0.740047
2991 nad1 2 951798.706699 0.260991 0.739009
2992 nad1 2 951904.343087 0.262028 0.737972
2993 nad1 2 951904.343087 0.263066 0.736934
2994 nad1 2 951904.343087 0.264104 0.735896
2995 nad1 2 951904.343087 0.265141 0.734859
2996 nad1 2 951904.343087 0.266179 0.733821
2997 nad1 2 951904.343087 0.267217 0.732783
2998 nad1 2 951904.343087 0.268255 0.731745
2999 nad1 2 951904.343087 0.269293 0.730707
3000 nad1 2 951904.343087 0.270330 0.729670
3001 nad1 2 951904.343087 0.271368 0.728632
3002 nad1 2 951904.343087 0.272406 0.727594
3003 nad1 2 951904.343087 0.273444 0.726556
3004 nad1 2 951904.343087 0.274482 0.725518
3005 nad1 2 951904.343087 0.275519 0.724481
3006 nad1 2 951904.343087 0.276557 0.723443
3007 nad1 2 951904.343087 0.277595 0.722405
3008 nad1 2 951904.343087 0.278633 0.721367
3009 nad1 2 951904.343087 0.279670 0.720330
3010 nad1 2 951904.343087 0.280708 0.719292
3011 nad1 2 951904.343087 0.281746 0.718254
3012 nad1 2 951904.343087 0.282784 0.717216
3013 nad1 2 951904.343087 0.283822 0.716178
3014 nad1 2 951904.343087 0.284859 0.715141
3015 nad1 2 951904.343087 0.285897 0.714103
3016 nad1 2 951904.343087 0.286935 0.713065
3017 nad1 2 951904.343087 0.287973 0.712027
3018 nad1 2 951904.343087 0.289011 0.710989
3019 nad1 2 951904.343087 0.290048 0.709952
3020 nad1 2 951904.343087 0.291086 0.708914
3021 nad1 2 951904.343087 0.292124 0.707876
3022 nad1 2 951904.343087 0.293162 0.706838
3023 nad1 2 951904.343087 0.294199 0.705801
3024 nad1 2 951904.343087 0.295237 0.704763
3025 nad1 2 951904.343087 0.296275 0.703725
3026 nad1 2 951904.343087 0.297313 0.702687
3027 nad1 2 951904.343087 0.298351 0.701649
3028 nad1 2 951904.343087 0.299388 0.700612
3029 nad1 2 951904.343087 0.300426 0.699574
3030 nad1 2 951904.343087 0.301464 0.698536
3031 nad1 2 951904.343087 0.302502 0.697498
3032 nad1 2 951904.343087 0.303540 0.696460
3033 nad1 2 951904.343087 0.304577 0.695423
3034 nad1 2 951904.343087 0.305615 0.694385
3035 nad1 2 951904.343087 0.306653 0.693347
3036 nad1 2 951904.343087 0.307691 0.692309
3037 nad1 2 951904.343087 0.308729 0.691271
3038 nad1 2 951904.343087 0.309766 0.690234
3039 nad1 2 951904.343087 0.310804 0.689196
3040 nad1 2 951904.343087 0.311842 0.688158
3041 nad1 2 951904.343087 0.312880 0.687120
3042 nad1 2 951904.343087 0.313917 0.686083
3043 nad1 2 951904.343087 0.314955 0.685045
3044 nad1 2 951904.343087 0.315993 0.684007
3045 nad1 2 951904.343087 0.317031 0.682969
3046 nad1 2 951904.343087 0.318069 0.681931
3047 nad1 2 951904.343087 0.319106 0.680894
3048 nad1 2 951904.343087 0.320144 0.679856
3049 nad1 2 951904.343087 0.321182 0.678818
3050 nad1 2 951904.343087 0.322220 0.677780
3051 nad1 2 951904.343087 0.323258 0.676742
3052 nad1 2 951904.343087 0.324295 0.675705
3053 nad1 2 951904.343087 0.325333 0.674667
3054 nad1 2 951904.343087 0.326371 0.673629
3055 nad1 2 951904.343087 0.327409 0.672591
3056 nad1 2 951904.343087 0.328446 0.671554
3057 nad1 2 951904.343087 0.329484 0.670516
3058 nad1 2 951904.343087 0.330522 0.669478
3059 nad1 2 951904.343087 0.331560 0.668440
3060 nad1 2 951904.343087 0.332598 0.667402
3061 nad1 2 951904.343087 0.333635 0.666365
3062 nad1 2 951904.343087 0.334673 0.665327
3063 nad1 2 951904.343087 0.335711 0.664289
3064 nad1 2 951904.343087 0.336749 0.663251
3065 nad1 2 951904.343087 0.337787 0.662213
3066 nad1 2 951904.343087 0.338824 0.661176
3067 nad1 2 951904.343087 0.339862 0.660138
3068 nad1 2 951904.343087 0.340900 0.659100
3069 nad1 2 951904.343087 0.341938 0.658062
3070 nad1 2 951904.343087 0.342975 0.657025
3071 nad1 2 951904.343087 0.344013 0.655987
3072 nad1 2 951904.343087 0.345051 0.654949
3073 nad1 2 951904.343087 0.346089 0.653911
3074 nad1 2 951904.343087 0.347127 0.652873
3075 nad1 2 951904.343087 0.348164 0.651836
3076 nad1 2 951904.343087 0.349202 0.650798
3077 nad1 2 951904.343087 0.350240 0.649760
3078 nad1 2 951904.343087 0.351278 0.648722
3079 nad1 2 951904.343087 0.352316 0.647684
3080 nad1 2 951904.343087 0.353353 0.646647
3081 nad1 2 951904.343087 0.354391 0.645609
3082 nad1 2 951904.343087 0.355429 0.644571
3083 nad1 2 951904.343087 0.356467 0.643533
3084 nad1 2 951904.343087 0.357504 0.642496
3085 nad1 2 951904.343087 0.358542 0.641458
3086 nad1 2 951904.343087 0.359580 0.640420
3087 nad1 2 951904.343087 0.360618 0.639382
3088 nad1 2 951904.343087 0.361656 0.638344
3089 nad1 2 951904.343087 0.362693 0.637307
3090 nad1 2 951904.343087 0.363731 0.636269
3091 nad1 2 951904.343087 0.364769 0.635231
3092 nad1 2 951904.343087 0.365807 0.634193
3093 nad1 2 951904.343087 0.366845 0.633155
3094 nad1 2 951904.343087 0.367882 0.632118
3095 nad1 2 951904.343087 0.368920 0.631080
3096 nad1 2 951904.343087 0.369958 0.630042
3097 nad1 2 951904.343087 0.370996 0.629004
3098 nad1 2 951904.343087 0.372033 0.627967
3099 nad1 2 951904.343087 0.373071 0.626929
3100 nad1 2 951904.343087 0.374109 0.625891
3101 nad1 2 951904.343087 0.375147 0.624853
3102 nad1 2 951904.343087 0.376185 0.623815
3103 nad1 2 951904.343087 0.377222 0.622778
3104 nad1 2 951904.343087 0.378260 0.621740
3105 nad1 2 951904.343087 0.379298 0.620702
3106 nad1 2 951904.343087 0.380336 0.619664
3107 nad1 2 951904.343087 0.381374 0.618626
3108 nad1 2 951904.343087 0.382411 0.617589
3109 nad1 2 951904.343087 0.383449 0.616551
3110 nad1 2 951904.343087 0.384487 0.615513
3111 nad1 2 951904.343087 0.385525 0.614475
3112 nad1 2 951904.343087 0.386563 0.613437
3113 nad1 2 951904.343087 0.387600 0.612400
3114 nad1 2 951904.343087 0.388638 0.611362
3115 nad1 2 951904.343087 0.389676 0.610324
3116 nad1 2 951904.343087 0.390714 0.609286
3117 nad1 2 951904.343087 0.391751 0.608249
3118 nad1 2 951904.343087 0.392789 0.607211
3119 nad1 2 951904.343087 0.393827 0.606173
3120 nad1 2 951904.343087 0.394865 0.605135
3121 nad1 2 951904.343087 0.395903 0.604097
3122 nad1 2 951904.343087 0.396940 0.603060
3123 nad1 2 951904.343087 0.397978 0.602022
3124 nad1 2 951904.343087 0.399016 0.600984
3125 nad1 2 951904.343087 0.400054 0.599946
3126 nad1 2 951904.343087 0.401092 0.598908
3127 nad1 2 951904.343087 0.402129 0.597871
3128 nad1 2 951904.343087 0.403167 0.596833
3129 nad1 2 951904.343087 0.404205 0.595795
3130 nad1 2 951904.343087 0.405243 0.594757
3131 nad1 2 951904.343087 0.406280 0.593720
3132 nad1 2 951904.343087 0.407318 0.592682
3133 nad1 2 951904.343087 0.408356 0.591644
3134 nad1 2 951904.343087 0.409394 0.590606
3135 nad1 2 951904.343087 0.410432 0.589568
3136 nad1 2 951904.343087 0.411469 0.588531
3137 nad1 2 951904.343087 0.412507 0.587493
3138 nad1 2 951904.343087 0.413545 0.586455
3139 nad1 2 951904.343087 0.414583 0.585417
3140 nad1 2 951904.343087 0.415621 0.584379
3141 nad1 2 951904.343087 0.416658 0.583342
3142 nad1 2 951904.343087 0.417696 0.582304
3143 nad1 2 951904.343087 0.418734 0.581266
3144 nad1 2 951904.343087 0.419772 0.580228
3145 nad1 2 951904.343087 0.420809 0.579191
3146 nad1 2 951904.343087 0.421847 0.578153
3147 nad1 2 951904.343087 0.422885 0.577115
3148 nad1 2 951904.343087 0.423923 0.576077
3149 nad1 2 951904.343087 0.424961 0.575039
3150 nad1 2 951904.343087 0.425998 0.574002
3151 nad1 2 951904.343087 0.427036 0.572964
3152 nad1 2 951904.343087 0.428074 0.571926
3153 nad1 2 951904.343087 0.429112 0.570888
3154 nad1 2 951904.343087 0.430150 0.569850
3155 nad1 2 951904.343087 0.431187 0.568813
3156 nad1 2 951904.343087 0.432225 0.567775
3157 nad1 2 951904.343087 0.433263 0.566737
3158 nad1 2 951904.343087 0.434301 0.565699
3159 nad1 2 951904.343087 0.435338 0.564662
3160 nad1 2 951904.343087 0.436376 0.563624
3161 nad1 2 951904.343087 0.437414 0.562586
3162 nad1 2 951904.343087 0.438452 0.561548
3163 nad1 2 951904.343087 0.439490 0.560510
3164 nad1 2 951904.343087 0.440527 0.559473
3165 nad1 2 951904.343087 0.441565 0.558435
3166 nad1 2 951904.343087 0.442603 0.557397
3167 nad1 2 951904.343087 0.443641 0.556359
3168 nad1 2 951904.343087 0.444679 0.555321
3169 nad1 2 951904.343087 0.445716 0.554284
3170 nad1 2 951904.343087 0.446754 0.553246
3171 nad1 2 951904.343087 0.447792 0.552208
3172 nad1 2 951904.343087 0.448830 0.551170
3173 nad1 2 951904.343087 0.449868 0.550132
3174 nad1 2 951904.343087 0.450905 0.549095
3175 nad1 2 951904.343087 0.451943 0.548057
3176 nad1 2 951904.343087 0.452981 0.547019
3177 nad1 2 951904.343087 0.454019 0.545981
3178 nad1 2 951904.343087 0.455056 0.544944
3179 nad1 2 951904.343087 0.456094 0.543906
3180 nad1 2 951904.343087 0.457132 0.542868
3181 nad1 2 951904.343087 0.458170 0.541830
3182 nad1 2 951904.343087 0.459208 0.540792
3183 nad1 2 951904.343087 0.460245 0.539755
3184 nad1 2 951904.343087 0.461283 0.538717
3185 nad1 2 951904.343087 0.462321 0.537679
3186 nad1 2 951904.343087 0.463359 0.536641
3187 nad1 2 951904.343087 0.464397 0.535603
3188 nad1 2 951904.343087 0.465434 0.534566
3189 nad1 2 951904.343087 0.466472 0.533528
3190 nad1 2 951869.492306 0.467455 0.532545
3191 nad1 2 951869.492306 0.468493 0.531507
3192 nad1 2 951869.492306 0.469530 0.530470
3193 nad1 2 951869.492306 0.470568 0.529432
3194 nad1 2 951869.492306 0.471606 0.528394
3195 nad1 2 951869.492306 0.472643 0.527357
3196 nad1 2 951869.492306 0.473681 0.526319
3197 nad1 2 951869.492306 0.474719 0.525281
3198 nad1 2 951869.492306 0.475756 0.524244
3199 nad1 2 951869.492306 0.476794 0.523206
3200 nad1 2 951869.492306 0.477832 0.522168
3201 nad1 2 951869.492306 0.478869 0.521131
3202 nad1 2 951869.492306 0.479907 0.520093
3203 nad1 2 951869.492306 0.480944 0.519056
3204 nad1 2 951869.492306 0.481982 0.518018
3205 nad1 2 951869.492306 0.483020 0.516980
3206 nad1 2 951869.492306 0.484057 0.515943
3207 nad1 2 951869.492306 0.485095 0.514905
3208 nad1 2 951869.492306 0.486133 0.513867
3209 nad1 2 951869.492306 0.487170 0.512830
3210 nad1 2 951869.492306 0.488208 0.511792
3211 nad1 2 951869.492306 0.489246 0.510754
3212 nad1 2 951869.492306 0.490283 0.509717
3213 nad1 2 951869.492306 0.491321 0.508679
3214 nad1 2 951869.492306 0.492359 0.507641
3215 nad1 2 951869.492306 0.493396 0.506604
3216 nad1 2 951869.492306 0.494434 0.505566
3217 nad1 2 951869.492306 0.495472 0.504528
3218 nad1 2 951869.492306 0.496509 0.503491
3219 nad1 2 951869.492306 0.497547 0.502453
3220 nad1 2 951869.492306 0.498585 0.501415
3221 nad1 2 951869.492306 0.499622 0.500378
3222 nad1 2 951869.492306 0.500660 0.499340
3223 nad1 2 951869.492306 0.501698 0.498302
3224 nad1 2 951869.492306 0.502735 0.497265
3225 nad1 2 951869.492306 0.503773 0.496227
3226 nad1 2 951869.492306 0.504810 0.495190
3227 nad1 2 951869.492306 0.505848 0.494152
3228 nad1 2 951869.492306 0.506886 0.493114
3229 nad1 2 951869.492306 0.507923 0.492077
3230 nad1 2 951869.492306 0.508961 0.491039
3231 nad1 2 951869.492306 0.509999 0.490001
3232 nad1 2 951869.492306 0.511036 0.488964
3233 nad1 2 951869.492306 0.512074 0.487926
3234 nad1 2 951869.492306 0.513112 0.486888
3235 nad1 2 951869.492306 0.514149 0.485851
3236 nad1 2 951869.492306 0.515187 0.484813
3237 nad1 2 951869.492306 0.516225 0.483775
3238 nad1 2 951869.492306 0.517262 0.482738
3239 nad1 2 951869.492306 0.518300 0.481700
3240 nad1 2 951869.492306 0.519338 0.480662
3241 nad1 2 951859.455149 0.520373 0.479627
3242 nad1 2 951859.455149 0.521411 0.478589
3243 nad1 2 951859.455149 0.522449 0.477551
3244 nad1 2 951859.455149 0.523486 0.476514
3245 nad1 2 951859.455149 0.524524 0.475476
3246 nad1 2 951859.455149 0.525561 0.474439
3247 nad1 2 951859.455149 0.526599 0.473401
3248 nad1 2 951859.455149 0.527637 0.472363
3249 nad1 2 951859.455149 0.528674 0.471326
3250 nad1 2 951859.455149 0.529712 0.470288
3251 nad1 2 951859.455149 0.530750 0.469250
3252 nad1 2 951859.455149 0.531787 0.468213
3253 nad1 2 951859.455149 0.532825 0.467175
3254 nad1 2 951859.455149 0.533863 0.466137
3255 nad1 2 951859.455149 0.534900 0.465100
3256 nad1 2 951859.455149 0.535938 0.464062
3257 nad1 2 951859.455149 0.536976 0.463024
3258 nad1 2 951859.455149 0.538013 0.461987
3259 nad1 2 951859.455149 0.539051 0.460949
3260 nad1 2 951859.455149 0.540088 0.459912
3261 nad1 2 951859.455149 0.541126 0.458874
3262 nad1 2 951859.455149 0.542164 0.457836
3263 nad1 2 951859.455149 0.543201 0.456799
3264 nad1 2 951859.455149 0.544239 0.455761
3265 nad1 2 951859.455149 0.545277 0.454723
3266 nad1 2 951859.455149 0.546314 0.453686
3267 nad1 2 951859.455149 0.547352 0.452648
3268 nad1 2 951859.455149 0.548390 0.451610
3269 nad1 2 951859.455149 0.549427 0.450573
3270 nad1 2 951859.455149 0.550465 0.449535
3271 nad1 2 951859.455149 0.551503 0.448497
3272 nad1 2 951859.455149 0.552540 0.447460
3273 nad1 2 951859.455149 0.553578 0.446422
3274 nad1 2 951859.455149 0.554615 0.445385
3275 nad1 2 951859.455149 0.555653 0.444347
3276 nad1 2 951859.455149 0.556691 0.443309
3277 nad1 2 951859.455149 0.557728 0.442272
3278 nad1 2 951859.455149 0.558766 0.441234
3279 nad1 2 951859.455149 0.559804 0.440196
3280 nad1 2 951859.455149 0.560841 0.439159
3281 nad1 2 951859.455149 0.561879 0.438121
3282 nad1 2 951859.455149 0.562917 0.437083
3283 nad1 2 951859.455149 0.563954 0.436046
3284 nad1 2 951859.455149 0.564992 0.435008
3285 nad1 2 951859.455149 0.566029 0.433971
3286 nad1 2 951859.455149 0.567067 0.432933
3287 nad1 2 951859.455149 0.568105 0.431895
3288 nad1 2 951859.455149 0.569142 0.430858
3289 nad1 2 951859.455149 0.570180 0.429820
3290 nad1 2 951859.455149 0.571218 0.428782
3291 nad1 2 951859.455149 0.572255 0.427745
3292 nad1 2 951859.455149 0.573293 0.426707
3293 nad1 2 951859.455149 0.574331 0.425669
3294 nad1 2 951859.455149 0.575368 0.424632
3295 nad1 2 951859.455149 0.576406 0.423594
3296 nad1 2 951859.455149 0.577444 0.422556
3297 nad1 2 951859.455149 0.578481 0.421519
3298 nad1 2 951859.455149 0.579519 0.420481
3299 nad1 2 951859.455149 0.580556 0.419444
3300 nad1 2 951859.455149 0.581594 0.418406
3301 nad1 2 951859.455149 0.582632 0.417368
3302 nad1 2 951859.455149 0.583669 0.416331
3303 nad1 2 951859.455149 0.584707 0.415293
3304 nad1 2 951859.455149 0.585745 0.414255
3305 nad1 2 951859.455149 0.586782 0.413218
3306 nad1 2 951859.455149 0.587820 0.412180
3307 nad1 2 951859.455149 0.588858 0.411142
3308 nad1 2 951859.455149 0.589895 0.410105
3309 nad1 2 951859.455149 0.590933 0.409067
3310 nad1 2 951859.455149 0.591971 0.408029
3311 nad1 2 951859.455149 0.593008 0.406992
3312 nad1 2 951859.455149 0.594046 0.405954
3313 nad1 2 951859.455149 0.595083 0.404917
3314 nad1 2 951859.455149 0.596121 0.403879
3315 nad1 2 951859.455149 0.597159 0.402841
3316 nad1 2 951859.455149 0.598196 0.401804
3317 nad1 2 951859.455149 0.599234 0.400766
3318 nad1 2 951859.455149 0.600272 0.399728
3319 nad1 2 951859.455149 0.601309 0.398691
3320 nad1 2 951859.455149 0.602347 0.397653
3321 nad1 2 951859.455149 0.603385 0.396615
3322 nad1 2 951859.455149 0.604422 0.395578
3323 nad1 2 951859.455149 0.605460 0.394540
3324 nad1 2 951859.455149 0.606498 0.393502
3325 nad1 2 951859.455149 0.607535 0.392465
3326 nad1 2 951859.455149 0.608573 0.391427
3327 nad1 2 951859.455149 0.609610 0.390390
3328 nad1 2 951859.455149 0.610648 0.389352
3329 nad1 2 951859.455149 0.611686 0.388314
3330 nad1 2 951859.455149 0.612723 0.387277
3331 nad1 2 951859.455149 0.613761 0.386239
3332 nad1 2 951859.455149 0.614799 0.385201
3333 nad1 2 951859.455149 0.615836 0.384164
3334 nad1 2 951859.455149 0.616874 0.383126
3335 nad1 2 951859.455149 0.617912 0.382088
3336 nad1 2 951859.455149 0.618949 0.381051
3337 nad1 2 951859.455149 0.619987 0.380013
3338 nad1 2 951859.455149 0.621024 0.378976
3339 nad1 2 951859.455149 0.622062 0.377938
3340 nad1 2 951859.455149 0.623100 0.376900
3341 nad1 2 951859.455149 0.624137 0.375863
3342 nad1 2 951859.455149 0.625175 0.374825
3343 nad1 2 951859.455149 0.626213 0.373787
3344 nad1 2 951859.455149 0.627250 0.372750
3345 nad1 2 951859.455149 0.628288 0.371712
3346 nad1 2 951859.455149 0.629326 0.370674
3347 nad1 2 951859.455149 0.630363 0.369637
3348 nad1 2 951859.455149 0.631401 0.368599
3349 nad1 2 951859.455149 0.632439 0.367561
3350 nad1 2 951859.455149 0.633476 0.366524
3351 nad1 2 951859.455149 0.634514 0.365486
3352 nad1 2 951859.455149 0.635551 0.364449
3353 nad1 2 951859.455149 0.636589 0.363411
3354 nad1 2 951859.455149 0.637627 0.362373
3355 nad1 2 951859.455149 0.638664 0.361336
3356 nad1 2 951859.455149 0.639702 0.360298
3357 nad1 2 951859.455149 0.640740 0.359260
3358 nad1 2 951825.264035 0.641776 0.358224
3359 nad1 2 951825.264035 0.642813 0.357187
3360 nad1 2 951825.264035 0.643851 0.356149
3361 nad1 2 951825.264035 0.644889 0.355111
3362 nad1 2 951825.264035 0.645926 0.354074
3363 nad1 2 951825.264035 0.646964 0.353036
3364 nad1 2 951825.264035 0.648002 0.351998
3365 nad1 2 951825.264035 0.649039 0.350961
3366 nad1 2 951825.264035 0.650077 0.349923
3367 nad1 2 951825.264035 0.651114 0.348886
3368 nad1 2 951825.264035 0.652152 0.347848
3369 nad1 2 951825.264035 0.653190 0.346810
3370 nad1 2 951825.264035 0.654227 0.345773
3371 nad1 2 951825.264035 0.655265 0.344735
3372 nad1 2 951825.264035 0.656303 0.343697
3373 nad1 2 951825.264035 0.657340 0.342660
3374 nad1 2 951825.264035 0.658378 0.341622
3375 nad1 2 951825.264035 0.659416 0.340584
3376 nad1 2 951825.264035 0.660453 0.339547
3377 nad1 2 951825.264035 0.661491 0.338509
3378 nad1 2 951825.264035 0.662528 0.337472
3379 nad1 2 951825.264035 0.663566 0.336434
3380 nad1 2 951825.264035 0.664604 0.335396
3381 nad1 2 951825.264035 0.665641 0.334359
3382 nad1 2 951825.264035 0.666679 0.333321
3383 nad1 2 951825.264035 0.667717 0.332283
3384 nad1 2 951825.264035 0.668754 0.331246
3385 nad1 2 951825.264035 0.669792 0.330208
3386 nad1 2 951825.264035 0.670830 0.329170
3387 nad1 2 951825.264035 0.671867 0.328133
3388 nad1 2 951825.264035 0.672905 0.327095
3389 nad1 2 951825.264035 0.673942 0.326058
3390 nad1 2 951825.264035 0.674980 0.325020
3391 nad1 2 951825.264035 0.676018 0.323982
3392 nad1 2 951825.264035 0.677055 0.322945
3393 nad1 2 951825.264035 0.678093 0.321907
3394 nad1 2 951811.937977 0.679125 0.320875
3395 nad1 2 951811.937977 0.680163 0.319837
3396 nad1 2 951811.937977 0.681201 0.318799
3397 nad1 2 951811.937977 0.682238 0.317762
3398 nad1 2 951811.937977 0.683276 0.316724
3399 nad1 2 951811.937977 0.684314 0.315686
3400 nad1 2 951776.541121 0.685347 0.314653
3401 nad1 2 951776.541121 0.686385 0.313615
3402 nad1 2 951776.541121 0.687422 0.312578
3403 nad1 2 951776.541121 0.688460 0.311540
3404 nad1 2 951776.541121 0.689497 0.310503
3405 nad1 2 951776.541121 0.690535 0.309465
3406 nad1 2 951776.541121 0.691573 0.308427
3407 nad1 2 951776.541121 0.692610 0.307390
3408 nad1 2 951776.541121 0.693648 0.306352
3409 nad1 2 951776.541121 0.694685 0.305315
3410 nad1 2 951776.541121 0.695723 0.304277
3411 nad1 2 951776.541121 0.696761 0.303239
3412 nad1 2 951776.541121 0.697798 0.302202
3413 nad1 2 951776.541121 0.698836 0.301164
3414 nad1 2 951776.541121 0.699874 0.300126
3415 nad1 2 951776.541121 0.700911 0.299089
3416 nad1 2 951776.541121 0.701949 0.298051
3417 nad1 2 951776.541121 0.702986 0.297014
3418 nad1 2 951776.541121 0.704024 0.295976
3419 nad1 2 951776.541121 0.705062 0.294938
3420 nad1 2 951776.541121 0.706099 0.293901
3421 nad1 2 951776.541121 0.707137 0.292863
3422 nad1 2 951776.541121 0.708174 0.291826
3423 nad1 2 951776.541121 0.709212 0.290788
3424 nad1 2 951776.541121 0.710250 0.289750
3425 nad1 2 951776.541121 0.711287 0.288713
3426 nad1 2 951776.541121 0.712325 0.287675
3427 nad1 2 951717.871535 0.713359 0.286641
3428 nad1 2 951717.871535 0.714397 0.285603
3429 nad1 2 951717.871535 0.715435 0.284565
3430 nad1 2 951717.871535 0.716472 0.283528
3431 nad1 2 951717.871535 0.717510 0.282490
3432 nad1 2 951717.871535 0.718548 0.281452
3433 nad1 2 951717.871535 0.719585 0.280415
3434 nad1 2 951717.871535 0.720623 0.279377
3435 nad1 2 951717.871535 0.721660 0.278340
3436 nad1 2 951717.871535 0.722698 0.277302
3437 nad1 2 951717.871535 0.723736 0.276264
3438 nad1 2 951717.871535 0.724773 0.275227
3439 nad1 2 951717.871535 0.725811 0.274189
3440 nad1 2 951717.871535 0.726848 0.273152
3441 nad1 2 951717.871535 0.727886 0.272114
3442 nad1 2 951717.871535 0.728924 0.271076
3443 nad1 2 951717.871535 0.729961 0.270039
3444 nad1 2 951717.871535 0.730999 0.269001
3445 nad1 2 951717.871535 0.732036 0.267964
3446 nad1 2 951717.871535 0.733074 0.266926
3447 nad1 2 951717.871535 0.734112 0.265888
3448 nad1 2 951632.541173 0.735120 0.264880
3449 nad1 2 951632.541173 0.736157 0.263843
3450 nad1 2 951632.541173 0.737195 0.262805
3451 nad1 2 951632.541173 0.738232 0.261768
3452 nad1 2 951632.541173 0.739270 0.260730
3453 nad1 2 951632.541173 0.740308 0.259692
3454 nad1 2 951632.541173 0.741345 0.258655
3455 nad1 2 951632.541173 0.742383 0.257617
3456 nad1 2 951632.541173 0.743420 0.256580
3457 nad1 2 951632.541173 0.744458 0.255542
3458 nad1 2 951632.541173 0.745495 0.254505
3459 nad1 2 951632.541173 0.746533 0.253467
3460 nad1 2 951632.541173 0.747571 0.252429
3461 nad1 2 951632.541173 0.748608 0.251392
3462 nad1 2 951632.541173 0.749646 0.250354
3463 nad1 2 951632.541173 0.750683 0.249317
3464 nad1 2 951632.541173 0.751721 0.248279
3465 nad1 2 951632.541173 0.752758 0.247242
3466 nad1 2 951632.541173 0.753796 0.246204
3467 nad1 2 951632.541173 0.754833 0.245167
3468 nad1 2 951632.541173 0.755871 0.244129
3469 nad1 2 951632.541173 0.756909 0.243091
3470 nad1 2 951632.541173 0.757946 0.242054
3471 nad1 2 951632.541173 0.758984 0.241016
3472 nad1 2 951585.887526 0.760015 0.239985
3473 nad1 2 951585.887526 0.761052 0.238948
3474 nad1 2 951585.887526 0.762090 0.237910
3475 nad1 2 951546.908715 0.763122 0.236878
3476 nad1 2 951546.908715 0.764159 0.235841
3477 nad1 2 951546.908715 0.765197 0.234803
3478 nad1 2 951546.908715 0.766234 0.233766
3479 nad1 2 951546.908715 0.767272 0.232728
3480 nad1 2 951546.908715 0.768309 0.231691
3481 nad1 2 951546.908715 0.769347 0.230653
3482 nad1 2 951546.908715 0.770385 0.229615
3483 nad1 2 951546.908715 0.771422 0.228578
3484 nad1 2 951415.407191 0.772439 0.227561
3485 nad1 2 951415.407191 0.773476 0.226524
3486 nad1 2 951415.407191 0.774514 0.225486
3487 nad1 2 951250.647261 0.775552 0.224448
3488 nad1 2 951250.647261 0.776589 0.223411
3489 nad1 2 951250.647261 0.777627 0.222373
3490 nad1 2 951250.647261 0.778665 0.221335
3491 nad1 2 951250.647261 0.779702 0.220298
3492 nad1 2 951250.647261 0.780740 0.219260
3493 nad1 2 951250.647261 0.781777 0.218223
3494 nad1 2 951250.647261 0.782815 0.217185
3495 nad1 2 951250.647261 0.783852 0.216148
3496 nad1 2 951250.647261 0.784890 0.215110
3497 nad1 2 951250.647261 0.785927 0.214073
3498 nad1 2 951250.647261 0.786965 0.213035
3499 nad1 2 951250.647261 0.788002 0.211998
3500 nad1 2 951250.647261 0.789040 0.210960
3501 nad1 2 951250.647261 0.790077 0.209923
3502 nad1 2 951250.647261 0.791115 0.208885
3503 nad1 2 951250.647261 0.792152 0.207848
3504 nad1 2 951250.647261 0.793190 0.206810
3505 nad1 2 951250.647261 0.794227 0.205773
3506 nad1 2 951250.647261 0.795265 0.204735
3507 nad1 2 951250.647261 0.796302 0.203698
3508 nad1 2 951250.647261 0.797340 0.202660
3509 nad1 2 951250.647261 0.798377 0.201623
3510 nad1 2 951250.647261 0.799415 0.200585
3511 nad1 2 951181.808629 0.800451 0.199549
3512 nad1 2 951181.808629 0.801489 0.198511
3513 nad1 2 951181.808629 0.802526 0.197474
3514 nad1 2 951181.808629 0.803564 0.196436
3515 nad1 2 951181.808629 0.804601 0.195399
3516 nad1 2 951181.808629 0.805639 0.194361
3517 nad1 2 951181.808629 0.806676 0.193324
3518 nad1 2 951181.808629 0.807714 0.192286
3519 nad1 2 951181.808629 0.808751 0.191249
3520 nad1 2 951181.808629 0.809789 0.190211
3521 nad1 2 951181.808629 0.810826 0.189174
3522 nad1 2 951181.808629 0.811864 0.188136
3523 nad1 2 951181.808629 0.812901 0.187099
3524 nad1 2 951181.808629 0.813939 0.186061
3525 nad1 2 951181.808629 0.814977 0.185023
3526 nad1 2 951181.808629 0.816014 0.183986
3527 nad1 2 951181.808629 0.817052 0.182948
3528 nad1 2 951181.808629 0.818089 0.181911
3529 nad1 2 951122.239992 0.819125 0.180875
3530 nad1 2 951122.239992 0.820163 0.179837
3531 nad1 2 951122.239992 0.821200 0.178800
3532 nad1 2 951122.239992 0.822238 0.177762
3533 nad1 2 951122.239992 0.823275 0.176725
3534 nad1 2 951122.239992 0.824313 0.175687
3535 nad1 2 951122.239992 0.825350 0.174650
3536 nad1 2 951122.239992 0.826388 0.173612
3537 nad1 2 951122.239992 0.827426 0.172574
3538 nad1 2 951122.239992 0.828463 0.171537
3539 nad1 2 951122.239992 0.829501 0.170499
3540 nad1 2 951122.239992 0.830538 0.169462
3541 nad1 2 951122.239992 0.831576 0.168424
3542 nad1 2 951122.239992 0.832613 0.167387
3543 nad1 2 951122.239992 0.833651 0.166349
3544 nad1 2 951122.239992 0.834688 0.165312
3545 nad1 2 951122.239992 0.835726 0.164274
3546 nad1 2 951122.239992 0.836763 0.163237
3547 nad1 2 951122.239992 0.837801 0.162199
3548 nad1 2 951122.239992 0.838838 0.161162
3549 nad1 2 951122.239992 0.839876 0.160124
3550 nad1 2 951122.239992 0.840913 0.159087
3551 nad1 2 951122.239992 0.841951 0.158049
3552 nad1 2 951122.239992 0.842988 0.157012
3553 nad1 2 951122.239992 0.844026 0.155974
3554 nad1 2 951122.239992 0.845063 0.154937
3555 nad1 2 951122.239992 0.846101 0.153899
3556 nad1 2 951122.239992 0.847138 0.152862
3557 nad1 2 951122.239992 0.848176 0.151824
3558 nad1 2 951122.239992 0.849213 0.150787
3559 nad1 2 951122.239992 0.850251 0.149749
3560 nad1 2 951122.239992 0.851288 0.148712
3561 nad1 2 951122.239992 0.852326 0.147674
3562 nad1 2 951122.239992 0.853364 0.146636
3563 nad1 2 951122.239992 0.854401 0.145599
3564 nad1 2 951122.239992 0.855439 0.144561
3565 nad1 2 951122.239992 0.856476 0.143524
3566 nad1 2 951122.239992 0.857514 0.142486
3567 nad1 2 951122.239992 0.858551 0.141449
3568 nad1 2 951083.007148 0.859575 0.140425
3569 nad1 2 951083.007148 0.860613 0.139387
3570 nad1 2 951083.007148 0.861650 0.138350
3571 nad1 2 951083.007148 0.862688 0.137312
3572 nad1 2 951083.007148 0.863725 0.136275
3573 nad1 2 951083.007148 0.864763 0.135237
3574 nad1 2 951083.007148 0.865800 0.134200
3575 nad1 2 951083.007148 0.866838 0.133162
3576 nad1 2 951083.007148 0.867875 0.132125
3577 nad1 2 951083.007148 0.868913 0.131087
3578 nad1 2 951083.007148 0.869950 0.130050
3579 nad1 2 951083.007148 0.870988 0.129012
3580 nad1 2 951083.007148 0.872025 0.127975
3581 nad1 2 951083.007148 0.873063 0.126937
3582 nad1 2 951083.007148 0.874100 0.125900
3583 nad1 2 951083.007148 0.875138 0.124862
3584 nad1 2 951083.007148 0.876175 0.123825
3585 nad1 2 951083.007148 0.877213 0.122787
3586 nad1 2 951083.007148 0.878250 0.121750
3587 nad1 2 951083.007148 0.879288 0.120712
3588 nad1 2 951083.007148 0.880325 0.119675
3589 nad1 2 951083.007148 0.881363 0.118637
3590 nad1 2 951083.007148 0.882400 0.117600
3591 nad1 2 951083.007148 0.883438 0.116562
3592 nad1 2 951046.134253 0.884472 0.115528
3593 nad1 2 951046.134253 0.885510 0.114490
3594 nad1 2 951046.134253 0.886547 0.113453
3595 nad1 2 950971.568822 0.887571 0.112429
3596 nad1 2 950971.568822 0.888608 0.111392
3597 nad1 2 950971.568822 0.889646 0.110354
3598 nad1 2 950971.568822 0.890683 0.109317
3599 nad1 2 950971.568822 0.891721 0.108279
3600 nad1 2 950971.568822 0.892758 0.107242
3601 nad1 2 950745.077313 0.893800 0.106200
3602 nad1 2 950745.077313 0.894837 0.105163
3603 nad1 2 950745.077313 0.895875 0.104125
3604 nad1 2 950745.077313 0.896912 0.103088
3605 nad1 2 950745.077313 0.897950 0.102050
3606 nad1 2 950745.077313 0.898987 0.101013
3607 nad1 2 950664.201164 0.900026 0.099974
3608 nad1 2 950664.201164 0.901063 0.098937
3609 nad1 2 950664.201164 0.902101 0.097899
3610 nad1 2 950572.303392 0.903134 0.096866
3611 nad1 2 950572.303392 0.904172 0.095828
3612 nad1 2 950572.303392 0.905209 0.094791
3613 nad1 2 950417.821432 0.906241 0.093759
3614 nad1 2 950417.821432 0.907279 0.092721
3615 nad1 2 950417.821432 0.908316 0.091684
3616 nad1 2 950354.534923 0.909348 0.090652
3617 nad1 2 950354.534923 0.910386 0.089614
3618 nad1 2 950354.534923 0.911423 0.088577
3619 nad1 2 950270.820480 0.912461 0.087539
3620 nad1 2 950270.820480 0.913499 0.086501
3621 nad1 2 950270.820480 0.914536 0.085464
3622 nad1 2 948955.738873 0.915518 0.084482
3623 nad1 2 948955.738873 0.916556 0.083444
3624 nad1 2 948955.738873 0.917593 0.082407
3625 nad1 2 944125.369042 0.918366 0.081634
3626 nad1 2 944125.369042 0.919403 0.080597
3627 nad1 2 944125.369042 0.920440 0.079560
3628 nad1 2 942824.724449 0.921416 0.078584
3629 nad1 2 942824.724449 0.922453 0.077547
3630 nad1 2 942824.724449 0.923490 0.076510
3631 nad1 2 939994.921037 0.924503 0.075497
3632 nad1 2 939994.921037 0.925540 0.074460
3633 nad1 2 939994.921037 0.926576 0.073424
3634 nad1 2 939471.207456 0.927605 0.072395
3635 nad1 2 939471.207456 0.928642 0.071358
3636 nad1 2 939471.207456 0.929679 0.070321
3637 nad1 2 936021.976824 0.930668 0.069332
3638 nad1 2 936021.976824 0.931704 0.068296
3639 nad1 2 936021.976824 0.932741 0.067259
3640 nad1 2 933268.046835 0.933629 0.066371
3641 nad1 2 933268.046835 0.934666 0.065334
3642 nad1 2 933268.046835 0.935702 0.064298
3643 nad1 2 925480.661158 0.936603 0.063397
3644 nad1 2 925480.661158 0.937639 0.062361
3645 nad1 2 925480.661158 0.938676 0.061324
3646 nad1 2 882933.843096 0.939366 0.060634
3647 nad1 2 882933.843096 0.940402 0.059598
3648 nad1 2 882933.843096 0.941438 0.058562
3649 nad1 2 873556.420929 0.942250 0.057750
3650 nad1 2 873556.420929 0.943285 0.056715
3651 nad1 2 873556.420929 0.944321 0.055679
3652 nad1 2 859129.312268 0.945006 0.054994
3653 nad1 2 859129.312268 0.946041 0.053959
3654 nad1 2 859129.312268 0.947076 0.052924
3655 nad1 2 856012.241913 0.948086 0.051914
3656 nad1 2 856012.241913 0.949121 0.050879
3657 nad1 2 856012.241913 0.950156 0.049844
3658 nad1 2 848333.477556 0.950949 0.049051
3659 nad1 2 848333.477556 0.951983 0.048017
3660 nad1 2 848333.477556 0.953018 0.046982
3661 nad1 2 845175.992844 0.953938 0.046062
3662 nad1 2 845175.992844 0.954973 0.045027
3663 nad1 2 845175.992844 0.956007 0.043993
3664 nad1 2 840801.557174 0.956966 0.043034
3665 nad1 2 840801.557174 0.958000 0.042000
3666 nad1 2 840801.557174 0.959034 0.040966
3667 nad1 2 837471.829116 0.959914 0.040086
3668 nad1 2 837471.829116 0.960948 0.039052
3669 nad1 2 837471.829116 0.961982 0.038018
3670 nad1 2 835226.659754 0.962937 0.037063
3671 nad1 2 835226.659754 0.963971 0.036029
3672 nad1 2 835226.659754 0.965005 0.034995
3673 nad1 2 828478.297207 0.965873 0.034127
3674 nad1 2 828478.297207 0.966906 0.033094
3675 nad1 2 828478.297207 0.967940 0.032060
3676 nad1 2 824796.016110 0.968925 0.031075
3677 nad1 2 824796.016110 0.969959 0.030041
3678 nad1 2 824796.016110 0.970992 0.029008
3679 nad1 2 813950.334640 0.971781 0.028219
3680 nad1 2 813950.334640 0.972814 0.027186
3681 nad1 2 813950.334640 0.973847 0.026153
3682 nad1 2 796571.966390 0.974633 0.025367
3683 nad1 2 796571.966390 0.975666 0.024334
3684 nad1 2 796571.966390 0.976700 0.023300
3685 nad1 2 718312.898543 0.976519 0.023481
3686 nad1 2 718312.898543 0.977550 0.022450
3687 nad1 2 718312.898543 0.978581 0.021419
3688 nad1 2 715972.872325 0.979583 0.020417
3689 nad1 2 715972.872325 0.980614 0.019386
3690 nad1 2 715972.872325 0.981646 0.018354
3691 nad1 2 714189.161841 0.982668 0.017332
3692 nad1 2 714189.161841 0.983700 0.016300
3693 nad1 2 714189.161841 0.984731 0.015269
3694 nad1 2 708099.150089 0.985689 0.014311
3695 nad1 2 708099.150089 0.986721 0.013279
3696 nad1 2 708099.150089 0.987752 0.012248
3697 nad1 2 701602.915217 0.988752 0.011248
3698 nad1 2 701602.915217 0.989783 0.010217
3699 nad1 2 701602.915217 0.990814 0.009186
3700 nad1 2 605161.573169 0.991798 0.008202
3701 nad1 2 605161.573169 0.992829 0.007171
3702 nad1 2 605161.573169 0.993861 0.006139
3703 nad1 2 408974.985116 0.994816 0.005184
3704 nad1 2 408974.985116 0.995844 0.004156
3705 nad1 2 408974.985116 0.996872 0.003128
3706 nad1 2 0.000000 0.000000 0.000000
3707 nad1 2 0.000000 0.000000 0.000000
3708 nad1 2 0.000000 0.936044 0.063956
3709 nad1 2 0.000000 0.000000 0.000000
5357 lagli 1 0.000000 0.000000 0.000000
5358 lagli 1 138.571865 0.005164 0.994836
5359 lagli 1 138.571865 0.005736 0.994264
5360 lagli 1 138.571865 0.006308 0.993692
5361 lagli 1 277.223560 0.006040 0.993960
5362 lagli 1 277.223560 0.006638 0.993362
5363 lagli 1 277.223560 0.007236 0.992764
5364 lagli 1 277.223560 0.007834 0.992166
5365 lagli 1 277.223560 0.008432 0.991568
5366 lagli 1 277.223560 0.009030 0.990970
5367 lagli 1 277.223560 0.009628 0.990372
5368 lagli 1 277.223560 0.010226 0.989774
5369 lagli 1 277.223560 0.010824 0.989176
5370 lagli 1 277.223560 0.011422 0.988578
5371 lagli 1 277.223560 0.012020 0.987980
5372 lagli 1 277.223560 0.012618 0.987382
5373 lagli 1 277.223560 0.013216 0.986784
5374 lagli 1 277.223560 0.013814 0.986186
5375 lagli 1 277.223560 0.014412 0.985588
5376 lagli 1 277.223560 0.015010 0.984990
5377 lagli 1 277.223560 0.015608 0.984392
5378 lagli 1 277.223560 0.016206 0.983794
5379 lagli 1 277.223560 0.016804 0.983196
5380 lagli 1 277.223560 0.017402 0.982598
5381 lagli 1 277.223560 0.018000 0.982000
5382 lagli 1 277.223560 0.018598 0.981402
5383 lagli 1 277.223560 0.019196 0.980804
5384 lagli 1 277.223560 0.019794 0.980206
5385 lagli 1 277.223560 0.020392 0.979608
5386 lagli 1 277.223560 0.020990 0.979010
5387 lagli 1 277.223560 0.021588 0.978412
5388 lagli 1 277.223560 0.022186 0.977814
5389 lagli 1 277.223560 0.022784 0.977216
5390 lagli 1 277.223560 0.023382 0.976618
5391 lagli 1 277.223560 0.023981 0.976019
5392 lagli 1 277.223560 0.024579 0.975421
5393 lagli 1 277.223560 0.025177 0.974823
5394 lagli 1 277.223560 0.025775 0.974225
5395 lagli 1 277.223560 0.026373 0.973627
5396 lagli 1 277.223560 0.026971 0.973029
5397 lagli 1 277.223560 0.027569 0.972431
5398 lagli 1 277.223560 0.028167 0.971833
5399 lagli 1 277.223560 0.028765 0.971235
5400 lagli 1 277.223560 0.029363 0.970637
5401 lagli 1 277.223560 0.029961 0.970039
5402 lagli 1 277.223560 0.030559 0.969441
5403 lagli 1 277.223560 0.031157 0.968843
5404 lagli 1 277.223560 0.031755 0.968245
5405 lagli 1 277.223560 0.032353 0.967647
5406 lagli 1 277.223560 0.032951 0.967049
5407 lagli 1 277.223560 0.033549 0.966451
5408 lagli 1 277.223560 0.034147 0.965853
5409 lagli 1 277.223560 0.034745 0.965255
5410 lagli 1 277.223560 0.035343 0.964657
5411 lagli 1 277.223560 0.035941 0.964059
5412 lagli 1 277.223560 0.036539 0.963461
5413 lagli 1 277.223560 0.037137 0.962863
5414 lagli 1 277.223560 0.037735 0.962265
5415 lagli 1 277.223560 0.038333 0.961667
5416 lagli 1 277.223560 0.038931 0.961069
5417 lagli 1 277.223560 0.039529 0.960471
5418 lagli 1 277.223560 0.040127 0.959873
5419 lagli 1 277.223560 0.040725 0.959275
5420 lagli 1 277.223560 0.041323 0.958677
5421 lagli 1 277.223560 0.041921 0.958079
5422 lagli 1 277.223560 0.042519 0.957481
5423 lagli 1 277.223560 0.043117 0.956883
5424 lagli 1 277.223560 0.043715 0.956285
5425 lagli 1 277.223560 0.044313 0.955687
5426 lagli 1 277.223560 0.044911 0.955089
5427 lagli 1 277.223560 0.045509 0.954491
5428 lagli 1 277.223560 0.046107 0.953893
5429 lagli 1 277.223560 0.046705 0.953295
5430 lagli 1 277.223560 0.047303 0.952697
5431 lagli 1 277.223560 0.047901 0.952099
5432 lagli 1 277.223560 0.048499 0.951501
5433 lagli 1 277.223560 0.049097 0.950903
5434 lagli 1 277.223560 0.049695 0.950305
5435 lagli 1 277.223560 0.050293 0.949707
5436 lagli 1 277.223560 0.050891 0.949109
5437 lagli 1 277.223560 0.051489 0.948511
5438 lagli 1 277.223560 0.052087 0.947913
5439 lagli 1 277.223560 0.052685 0.947315
5440 lagli 1 277.223560 0.053283 0.946717
5441 lagli 1 277.223560 0.053881 0.946119
5442 lagli 1 277.223560 0.054479 0.945521
5443 lagli 1 277.223560 0.055077 0.944923
5444 lagli 1 277.223560 0.055675 0.944325
5445 lagli 1 277.223560 0.056273 0.943727
5446 lagli 1 277.223560 0.056871 0.943129
5447 lagli 1 277.223560 0.057469 0.942531
5448 lagli 1 277.223560 0.058067 0.941933
5449 lagli 1 277.223560 0.058665 0.941335
5450 lagli 1 277.223560 0.059263 0.940737
5451 lagli 1 277.223560 0.059861 0.940139
5452 lagli 1 277.223560 0.060459 0.939541
5453 lagli 1 277.223560 0.061057 0.938943
5454 lagli 1 277.223560 0.061655 0.938345
5455 lagli 1 277.223560 0.062253 0.937747
5456 lagli 1 277.223560 0.062851 0.937149
5457 lagli 1 277.223560 0.063450 0.936550
5458 lagli 1 277.223560 0.064048 0.935952
5459 lagli 1 277.223560 0.064646 0.935354
5460 lagli 1 277.223560 0.065244 0.934756
5461 lagli 1 277.223560 0.065842 0.934158
5462 lagli 1 277.223560 0.066440 0.933560
5463 lagli 1 277.223560 0.067038 0.932962
5464 lagli 1 277.223560 0.067636 0.932364
5465 lagli 1 277.223560 0.068234 0.931766
5466 lagli 1 277.223560 0.068832 0.931168
5467 lagli 1 277.223560 0.069430 0.930570
5468 lagli 1 277.223560 0.070028 0.929972
5469 lagli 1 277.223560 0.070626 0.929374
5470 lagli 1 277.223560 0.071224 0.928776
5471 lagli 1 277.223560 0.071822 0.928178
5472 lagli 1 277.223560 0.072420 0.927580
5473 lagli 1 277.223560 0.073018 0.926982
5474 lagli 1 277.223560 0.073616 0.926384
5475 lagli 1 277.223560 0.074214 0.925786
5476 lagli 1 277.223560 0.074812 0.925188
5477 lagli 1 277.223560 0.075410 0.924590
5478 lagli 1 277.223560 0.076008 0.923992
5479 lagli 1 277.223560 0.076606 0.923394
5480 lagli 1 277.223560 0.077204 0.922796
5481 lagli 1 277.223560 0.077802 0.922198
5482 lagli 1 277.223560 0.078400 0.921600
5483 lagli 1 277.223560 0.078998 0.921002
5484 lagli 1 277.223560 0.079596 0.920404
5485 lagli 1 277.223560 0.080194 0.919806
5486 lagli 1 277.223560 0.080792 0.919208
5487 lagli 1 277.223560 0.081390 0.918610
5488 lagli 1 277.223560 0.081988 0.918012
5489 lagli 1 277.223560 0.082586 0.917414
5490 lagli 1 277.223560 0.083184 0.916816
5491 lagli 1 277.223560 0.083782 0.916218
5492 lagli 1 277.223560 0.084380 0.915620
5493 lagli 1 277.223560 0.084978 0.915022
5494 lagli 1 277.223560 0.085576 0.914424
5495 lagli 1 277.223560 0.086174 0.913826
5496 lagli 1 277.223560 0.086772 0.913228
5497 lagli 1 277.223560 0.087370 0.912630
5498 lagli 1 277.223560 0.087968 0.912032
5499 lagli 1 277.223560 0.088566 0.911434
5500 lagli 1 277.223560 0.089164 0.910836
5501 lagli 1 277.223560 0.089762 0.910238
5502 lagli 1 277.223560 0.090360 0.909640
5503 lagli 1 277.223560 0.090958 0.909042
5504 lagli 1 277.223560 0.091556 0.908444
5505 lagli 1 277.223560 0.092154 0.907846
5506 lagli 1 277.223560 0.092752 0.907248
5507 lagli 1 277.223560 0.093350 0.906650
5508 lagli 1 277.223560 0.093948 0.906052
5509 lagli 1 277.223560 0.094546 0.905454
5510 lagli 1 277.223560 0.095144 0.904856
5511 lagli 1 277.223560 0.095742 0.904258
5512 lagli 1 277.223560 0.096340 0.903660
5513 lagli 1 277.223560 0.096938 0.903062
5514 lagli 1 277.223560 0.097536 0.902464
5515 lagli 1 277.223560 0.098134 0.901866
5516 lagli 1 277.223560 0.098732 0.901268
5517 lagli 1 277.223560 0.099330 0.900670
5518 lagli 1 277.223560 0.099928 0.900072
5519 lagli 1 277.223560 0.100526 0.899474
5520 lagli 1 277.223560 0.101124 0.898876
5521 lagli 1 277.223560 0.101722 0.898278
5522 lagli 1 277.223560 0.102320 0.897680
5523 lagli 1 277.223560 0.102918 0.897082
5524 lagli 1 277.223560 0.103517 0.896483
5525 lagli 1 277.223560 0.104115 0.895885
5526 lagli 1 277.223560 0.104713 0.895287
5527 lagli 1 277.223560 0.105311 0.894689
5528 lagli 1 277.223560 0.105909 0.894091
5529 lagli 1 277.223560 0.106507 0.893493
5530 lagli 1 277.223560 0.107105 0.892895
5531 lagli 1 277.223560 0.107703 0.892297
5532 lagli 1 277.223560 0.108301 0.891699
5533 lagli 1 277.223560 0.108899 0.891101
5534 lagli 1 277.223560 0.109497 0.890503
5535 lagli 1 277.223560 0.110095 0.889905
5536 lagli 1 277.223560 0.110693 0.889307
5537 lagli 1 277.223560 0.111291 0.888709
5538 lagli 1 277.223560 0.111889 0.888111
5539 lagli 1 277.223560 0.112487 0.887513
5540 lagli 1 277.223560 0.113085 0.886915
5541 lagli 1 277.223560 0.113683 0.886317
5542 lagli 1 277.223560 0.114281 0.885719
5543 lagli 1 277.223560 0.114879 0.885121
5544 lagli 1 277.223560 0.115477 0.884523
5545 lagli 1 277.223560 0.116075 0.883925
5546 lagli 1 277.223560 0.116673 0.883327
5547 lagli 1 277.223560 0.117271 0.882729
5548 lagli 1 277.223560 0.117869 0.882131
5549 lagli 1 277.223560 0.118467 0.881533
5550 lagli 1 277.223560 0.119065 0.880935
5551 lagli 1 277.223560 0.119663 0.880337
5552 lagli 1 277.223560 0.120261 0.879739
5553 lagli 1 277.223560 0.120859 0.879141
5554 lagli 1 277.223560 0.121457 0.878543
5555 lagli 1 277.223560 0.122055 0.877945
5556 lagli 1 277.223560 0.122653 0.877347
5557 lagli 1 277.223560 0.123251 0.876749
5558 lagli 1 277.223560 0.123849 0.876151
5559 lagli 1 277.223560 0.124447 0.875553
5560 lagli 1 277.223560 0.125045 0.874955
5561 lagli 1 277.223560 0.125643 0.874357
5562 lagli 1 277.223560 0.126241 0.873759
5563 lagli 1 277.223560 0.126839 0.873161
5564 lagli 1 277.223560 0.127437 0.872563
5565 lagli 1 277.223560 0.128035 0.871965
5566 lagli 1 277.223560 0.128633 0.871367
5567 lagli 1 277.223560 0.129231 0.870769
5568 lagli 1 277.223560 0.129829 0.870171
5569 lagli 1 277.223560 0.130427 0.869573
5570 lagli 1 277.223560 0.131025 0.868975
5571 lagli 1 277.223560 0.131623 0.868377
5572 lagli 1 277.223560 0.132221 0.867779
5573 lagli 1 277.223560 0.132819 0.867181
5574 lagli 1 277.223560 0.133417 0.866583
5575 lagli 1 277.223560 0.134015 0.865985
5576 lagli 1 277.223560 0.134613 0.865387
5577 lagli 1 277.223560 0.135211 0.864789
5578 lagli 1 277.223560 0.135809 0.864191
5579 lagli 1 277.223560 0.136407 0.863593
5580 lagli 1 277.223560 0.137005 0.862995
5581 lagli 1 277.223560 0.137603 0.862397
5582 lagli 1 277.223560 0.138201 0.861799
5583 lagli 1 277.223560 0.138799 0.861201
5584 lagli 1 277.223560 0.139397 0.860603
5585 lagli 1 277.223560 0.139995 0.860005
5586 lagli 1 277.223560 0.140593 0.859407
5587 lagli 1 277.223560 0.141191 0.858809
5588 lagli 1 277.223560 0.141789 0.858211
5589 lagli 1 277.223560 0.142387 0.857613
5590 lagli 1 277.223560 0.142986 0.857014
5591 lagli 1 277.223560 0.143584 0.856416
5592 lagli 1 277.223560 0.144182 0.855818
5593 lagli 1 277.223560 0.144780 0.855220
5594 lagli 1 277.223560 0.145378 0.854622
5595 lagli 1 277.223560 0.145976 0.854024
5596 lagli 1 277.223560 0.146574 0.853426
5597 lagli 1 277.223560 0.147172 0.852828
5598 lagli 1 277.223560 0.147770 0.852230
5599 lagli 1 277.223560 0.148368 0.851632
5600 lagli 1 277.223560 0.148966 0.851034
5601 lagli 1 277.223560 0.149564 0.850436
5602 lagli 1 277.223560 0.150162 0.849838
5603 lagli 1 277.223560 0.150760 0.849240
5604 lagli 1 277.223560 0.151358 0.848642
5605 lagli 1 277.223560 0.151956 0.848044
5606 lagli 1 277.223560 0.152554 0.847446
5607 lagli 1 277.223560 0.153152 0.846848
5608 lagli 1 277.223560 0.153750 0.846250
5609 lagli 1 277.223560 0.154348 0.845652
5610 lagli 1 277.223560 0.154946 0.845054
5611 lagli 1 277.223560 0.155544 0.844456
5612 lagli 1 277.223560 0.156142 0.843858
5613 lagli 1 277.223560 0.156740 0.843260
5614 lagli 1 277.223560 0.157338 0.842662
5615 lagli 1 277.223560 0.157936 0.842064
5616 lagli 1 277.223560 0.158534 0.841466
5617 lagli 1 277.223560 0.159132 0.840868
5618 lagli 1 277.223560 0.159730 0.840270
5619 lagli 1 277.223560 0.160328 0.839672
5620 lagli 1 277.223560 0.160926 0.839074
5621 lagli 1 277.223560 0.161524 0.838476
5622 lagli 1 277.223560 0.162122 0.837878
5623 lagli 1 277.223560 0.162720 0.837280
5624 lagli 1 277.223560 0.163318 0.836682
5625 lagli 1 277.223560 0.163916 0.836084
5626 lagli 1 277.223560 0.164514 0.835486
5627 lagli 1 277.223560 0.165112 0.834888
5628 lagli 1 277.223560 0.165710 0.834290
5629 lagli 1 277.223560 0.166308 0.833692
5630 lagli 1 277.223560 0.166906 0.833094
5631 lagli 1 277.223560 0.167504 0.832496
5632 lagli 1 277.223560 0.168102 0.831898
5633 lagli 1 277.223560 0.168700 0.831300
5634 lagli 1 277.223560 0.169298 0.830702
5635 lagli 1 277.223560 0.169896 0.830104
5636 lagli 1 277.223560 0.170494 0.829506
5637 lagli 1 277.223560 0.171092 0.828908
5638 lagli 1 277.223560 0.171690 0.828310
5639 lagli 1 277.223560 0.172288 0.827712
5640 lagli 1 277.223560 0.172886 0.827114
5641 lagli 1 277.223560 0.173484 0.826516
5642 lagli 1 277.223560 0.174082 0.825918
5643 lagli 1 277.223560 0.174680 0.825320
5644 lagli 1 277.223560 0.175278 0.824722
5645 lagli 1 277.223560 0.175876 0.824124
5646 lagli 1 277.223560 0.176474 0.823526
5647 lagli 1 277.223560 0.177072 0.822928
5648 lagli 1 277.223560 0.177670 0.822330
5649 lagli 1 277.223560 0.178268 0.821732
5650 lagli 1 277.223560 0.178866 0.821134
5651 lagli 1 277.223560 0.179464 0.820536
5652 lagli 1 277.223560 0.180062 0.819938
5653 lagli 1 277.223560 0.180660 0.819340
5654 lagli 1 277.223560 0.181258 0.818742
5655 lagli 1 277.223560 0.181856 0.818144
5656 lagli 1 277.223560 0.182455 0.817545
5657 lagli 1 277.223560 0.183053 0.816947
5658 lagli 1 277.223560 0.183651 0.816349
5659 lagli 1 277.223560 0.184249 0.815751
5660 lagli 1 277.223560 0.184847 0.815153
5661 lagli 1 277.223560 0.185445 0.814555
5662 lagli 1 277.223560 0.186043 0.813957
5663 lagli 1 277.223560 0.186641 0.813359
5664 lagli 1 277.223560 0.187239 0.812761
5665 lagli 1 277.223560 0.187837 0.812163
5666 lagli 1 277.223560 0.188435 0.811565
5667 lagli 1 277.223560 0.189033 0.810967
5668 lagli 1 277.223560 0.189631 0.810369
5669 lagli 1 277.223560 0.190229 0.809771
5670 lagli 1 277.223560 0.190827 0.809173
5671 lagli 1 277.223560 0.191425 0.808575
5672 lagli 1 277.223560 0.192023 0.807977
5673 lagli 1 277.223560 0.192621 0.807379
5674 lagli 1 277.223560 0.193219 0.806781
5675 lagli 1 277.223560 0.193817 0.806183
5676 lagli 1 277.223560 0.194415 0.805585
5677 lagli 1 277.223560 0.195013 0.804987
5678 lagli 1 277.223560 0.195611 0.804389
5679 lagli 1 277.223560 0.196209 0.803791
5680 lagli 1 277.223560 0.196807 0.803193
5681 lagli 1 277.223560 0.197405 0.802595
5682 lagli 1 277.223560 0.198003 0.801997
5683 lagli 1 277.223560 0.198601 0.801399
5684 lagli 1 277.223560 0.199199 0.800801
5685 lagli 1 277.223560 0.199797 0.800203
5686 lagli 1 277.223560 0.200395 0.799605
5687 lagli 1 277.223560 0.200993 0.799007
5688 lagli 1 277.223560 0.201591 0.798409
5689 lagli 1 277.223560 0.202189 0.797811
5690 lagli 1 277.223560 0.202787 0.797213
5691 lagli 1 277.223560 0.203385 0.796615
5692 lagli 1 277.223560 0.203983 0.796017
5693 lagli 1 277.223560 0.204581 0.795419
5694 lagli 1 277.223560 0.205179 0.794821
5695 lagli 1 277.223560 0.205777 0.794223
5696 lagli 1 277.223560 0.206375 0.793625
5697 lagli 1 277.223560 0.206973 0.793027
5698 lagli 1 277.223560 0.207571 0.792429
5699 lagli 1 277.223560 0.208169 0.791831
5700 lagli 1 277.223560 0.208767 0.791233
5701 lagli 1 277.223560 0.209365 0.790635
5702 lagli 1 277.223560 0.209963 0.790037
5703 lagli 1 277.223560 0.210561 0.789439
5704 lagli 1 277.223560 0.211159 0.788841
5705 lagli 1 277.223560 0.211757 0.788243
5706 lagli 1 277.223560 0.212355 0.787645
5707 lagli 1 277.223560 0.212953 0.787047
5708 lagli 1 277.223560 0.213551 0.786449
5709 lagli 1 277.223560 0.214149 0.785851
5710 lagli 1 277.223560 0.214747 0.785253
5711 lagli 1 277.223560 0.215345 0.784655
5712 lagli 1 277.223560 0.215943 0.784057
5713 lagli 1 277.223560 0.216541 0.783459
5714 lagli 1 277.223560 0.217139 0.782861
5715 lagli 1 277.223560 0.217737 0.782263
5716 lagli 1 277.223560 0.218335 0.781665
5717 lagli 1 277.223560 0.218933 0.781067
5718 lagli 1 277.223560 0.219531 0.780469
5719 lagli 1 277.223560 0.220129 0.779871
5720 lagli 1 277.223560 0.220727 0.779273
5721 lagli 1 277.223560 0.221325 0.778675
5722 lagli 1 277.223560 0.221924 0.778076
5723 lagli 1 277.223560 0.222522 0.777478
5724 lagli 1 277.223560 0.223120 0.776880
5725 lagli 1 277.223560 0.223718 0.776282
5726 lagli 1 277.223560 0.224316 0.775684
5727 lagli 1 277.223560 0.224914 0.775086
5728 lagli 1 277.223560 0.225512 0.774488
5729 lagli 1 277.223560 0.226110 0.773890
5730 lagli 1 277.223560 0.226708 0.773292
5731 lagli 1 277.223560 0.227306 0.772694
5732 lagli 1 277.223560 0.227904 0.772096
5733 lagli 1 277.223560 0.228502 0.771498
5734 lagli 1 277.223560 0.229100 0.770900
5735 lagli 1 277.223560 0.229698 0.770302
5736 lagli 1 277.223560 0.230296 0.769704
5737 lagli 1 277.223560 0.230894 0.769106
5738 lagli 1 277.223560 0.231492 0.768508
5739 lagli 1 277.223560 0.232090 0.767910
5740 lagli 1 277.223560 0.232688 0.767312
5741 lagli 1 277.223560 0.233286 0.766714
5742 lagli 1 277.223560 0.233884 0.766116
5743 lagli 1 277.223560 0.234482 0.765518
5744 lagli 1 277.223560 0.235080 0.764920
5745 lagli 1 277.223560 0.235678 0.764322
5746 lagli 1 277.223560 0.236276 0.763724
5747 lagli 1 277.223560 0.236874 0.763126
5748 lagli 1 277.223560 0.237472 0.762528
5749 lagli 1 277.223560 0.238070 0.761930
5750 lagli 1 277.223560 0.238668 0.761332
5751 lagli 1 277.223560 0.239266 0.760734
5752 lagli 1 277.223560 0.239864 0.760136
5753 lagli 1 277.223560 0.240462 0.759538
5754 lagli 1 277.223560 0.241060 0.758940
5755 lagli 1 277.223560 0.241658 0.758342
5756 lagli 1 277.223560 0.242256 0.757744
5757 lagli 1 277.223560 0.242854 0.757146
5758 lagli 1 277.223560 0.243452 0.756548
5759 lagli 1 277.223560 0.244050 0.755950
5760 lagli 1 277.223560 0.244648 0.755352
5761 lagli 1 277.223560 0.245246 0.754754
5762 lagli 1 277.223560 0.245844 0.754156
5763 lagli 1 277.223560 0.246442 0.753558
5764 lagli 1 277.223560 0.247040 0.752960
5765 lagli 1 277.223560 0.247638 0.752362
5766 lagli 1 277.223560 0.248236 0.751764
5767 lagli 1 277.223560 0.248834 0.751166
5768 lagli 1 277.223560 0.249432 0.750568
5769 lagli 1 277.223560 0.250030 0.749970
5770 lagli 1 277.223560 0.250628 0.749372
5771 lagli 1 277.223560 0.251226 0.748774
5772 lagli 1 277.223560 0.251824 0.748176
5773 lagli 1 277.223560 0.252422 0.747578
5774 lagli 1 277.223560 0.253020 0.746980
5775 lagli 1 277.223560 0.253618 0.746382
5776 lagli 1 277.223560 0.254216 0.745784
5777 lagli 1 277.223560 0.254814 0.745186
5778 lagli 1 277.223560 0.255412 0.744588
5779 lagli 1 277.223560 0.256010 0.743990
5780 lagli 1 277.223560 0.256608 0.743392
5781 lagli 1 277.223560 0.257206 0.742794
5782 lagli 1 277.223560 0.257804 0.742196
5783 lagli 1 277.223560 0.258402 0.741598
5784 lagli 1 277.223560 0.259000 0.741000
5785 lagli 1 277.223560 0.259598 0.740402
5786 lagli 1 277.223560 0.260196 0.739804
5787 lagli 1 277.223560 0.260794 0.739206
5788 lagli 1 277.223560 0.261393 0.738607
5789 lagli 1 277.223560 0.261991 0.738009
5790 lagli 1 277.223560 0.262589 0.737411
5791 lagli 1 277.223560 0.263187 0.736813
5792 lagli 1 277.223560 0.263785 0.736215
5793 lagli 1 277.223560 0.264383 0.735617
5794 lagli 1 277.223560 0.264981 0.735019
5795 lagli 1 277.223560 0.265579 0.734421
5796 lagli 1 277.223560 0.266177 0.733823
5797 lagli 1 277.223560 0.266775 0.733225
5798 lagli 1 277.223560 0.267373 0.732627
5799 lagli 1 277.223560 0.267971 0.732029
5800 lagli 1 277.223560 0.268569 0.731431
5801 lagli 1 277.223560 0.269167 0.730833
5802 lagli 1 277.223560 0.269765 0.730235
5803 lagli 1 277.223560 0.270363 0.729637
5804 lagli 1 277.223560 0.270961 0.729039
5805 lagli 1 277.223560 0.271559 0.728441
5806 lagli 1 277.223560 0.272157 0.727843
5807 lagli 1 277.223560 0.272755 0.727245
5808 lagli 1 277.223560 0.273353 0.726647
5809 lagli 1 277.223560 0.273951 0.726049
5810 lagli 1 277.223560 0.274549 0.725451
5811 lagli 1 277.223560 0.275147 0.724853
5812 lagli 1 277.223560 0.275745 0.724255
5813 lagli 1 277.223560 0.276343 0.723657
5814 lagli 1 277.223560 0.276941 0.723059
5815 lagli 1 277.223560 0.277539 0.722461
5816 lagli 1 277.223560 0.278137 0.721863
5817 lagli 1 277.223560 0.278735 0.721265
5818 lagli 1 277.223560 0.279333 0.720667
5819 lagli 1 277.223560 0.279931 0.720069
5820 lagli 1 277.223560 0.280529 0.719471
5821 lagli 1 277.223560 0.281127 0.718873
5822 lagli 1 277.223560 0.281725 0.718275
5823 lagli 1 277.223560 0.282323 0.717677
5824 lagli 1 277.223560 0.282921 0.717079
5825 lagli 1 277.223560 0.283519 0.716481
5826 lagli 1 277.223560 0.284117 0.715883
5827 lagli 1 277.223560 0.284715 0.715285
5828 lagli 1 277.223560 0.285313 0.714687
5829 lagli 1 277.223560 0.285911 0.714089
5830 lagli 1 277.223560 0.286509 0.713491
5831 lagli 1 277.223560 0.287107 0.712893
5832 lagli 1 277.223560 0.287705 0.712295
5833 lagli 1 277.223560 0.288303 0.711697
5834 lagli 1 277.223560 0.288901 0.711099
5835 lagli 1 277.223560 0.289499 0.710501
5836 lagli 1 277.223560 0.290097 0.709903
5837 lagli 1 277.223560 0.290695 0.709305
5838 lagli 1 277.223560 0.291293 0.708707
5839 lagli 1 277.223560 0.291891 0.708109
5840 lagli 1 277.223560 0.292489 0.707511
5841 lagli 1 277.223560 0.293087 0.706913
5842 lagli 1 277.223560 0.293685 0.706315
5843 lagli 1 277.223560 0.294283 0.705717
5844 lagli 1 277.223560 0.294881 0.705119
5845 lagli 1 277.223560 0.295479 0.704521
5846 lagli 1 277.223560 0.296077 0.703923
5847 lagli 1 277.223560 0.296675 0.703325
5848 lagli 1 277.223560 0.297273 0.702727
5849 lagli 1 277.223560 0.297871 0.702129
5850 lagli 1 277.223560 0.298469 0.701531
5851 lagli 1 277.223560 0.299067 0.700933
5852 lagli 1 277.223560 0.299665 0.700335
5853 lagli 1 277.223560 0.300263 0.699737
5854 lagli 1 277.223560 0.300862 0.699138
5855 lagli 1 277.223560 0.301460 0.698540
5856 lagli 1 277.223560 0.302058 0.697942
5857 lagli 1 277.223560 0.302656 0.697344
5858 lagli 1 277.223560 0.303254 0.696746
5859 lagli 1 277.223560 0.303852 0.696148
5860 lagli 1 277.223560 0.304450 0.695550
5861 lagli 1 277.223560 0.305048 0.694952
5862 lagli 1 277.223560 0.305646 0.694354
5863 lagli 1 277.223560 0.306244 0.693756
5864 lagli 1 277.223560 0.306842 0.693158
5865 lagli 1 277.223560 0.307440 0.692560
5866 lagli 1 277.223560 0.308038 0.691962
5867 lagli 1 277.223560 0.308636 0.691364
5868 lagli 1 277.223560 0.309234 0.690766
5869 lagli 1 277.223560 0.309832 0.690168
5870 lagli 1 277.223560 0.310430 0.689570
5871 lagli 1 277.223560 0.311028 0.688972
5872 lagli 1 277.223560 0.311626 0.688374
5873 lagli 1 277.223560 0.312224 0.687776
5874 lagli 1 277.223560 0.312822 0.687178
5875 lagli 1 277.223560 0.313420 0.686580
5876 lagli 1 277.223560 0.314018 0.685982
5877 lagli 1 277.223560 0.314616 0.685384
5878 lagli 1 277.223560 0.315214 0.684786
5879 lagli 1 277.223560 0.315812 0.684188
5880 lagli 1 277.223560 0.316410 0.683590
5881 lagli 1 277.223560 0.317008 0.682992
5882 lagli 1 277.223560 0.317606 0.682394
5883 lagli 1 277.223560 0.318204 0.681796
5884 lagli 1 277.223560 0.318802 0.681198
5885 lagli 1 277.223560 0.319400 0.680600
5886 lagli 1 277.223560 0.319998 0.680002
5887 lagli 1 277.223560 0.320596 0.679404
5888 lagli 1 277.223560 0.321194 0.678806
5889 lagli 1 277.223560 0.321792 0.678208
5890 lagli 1 277.223560 0.322390 0.677610
5891 lagli 1 277.223560 0.322988 0.677012
5892 lagli 1 277.223560 0.323586 0.676414
5893 lagli 1 277.223560 0.324184 0.675816
5894 lagli 1 277.223560 0.324782 0.675218
5895 lagli 1 277.223560 0.325380 0.674620
5896 lagli 1 277.223560 0.325978 0.674022
5897 lagli 1 277.223560 0.326576 0.673424
5898 lagli 1 277.223560 0.327174 0.672826
5899 lagli 1 277.223560 0.327772 0.672228
5900 lagli 1 277.223560 0.328370 0.671630
5901 lagli 1 277.223560 0.328968 0.671032
5902 lagli 1 277.223560 0.329566 0.670434
5903 lagli 1 277.223560 0.330164 0.669836
5904 lagli 1 277.223560 0.330762 0.669238
5905 lagli 1 277.223560 0.331360 0.668640
5906 lagli 1 277.223560 0.331958 0.668042
5907 lagli 1 277.223560 0.332556 0.667444
5908 lagli 1 277.223560 0.333154 0.666846
5909 lagli 1 277.223560 0.333752 0.666248
5910 lagli 1 277.223560 0.334350 0.665650
5911 lagli 1 277.223560 0.334948 0.665052
5912 lagli 1 277.223560 0.335546 0.664454
5913 lagli 1 277.223560 0.336144 0.663856
5914 lagli 1 277.223560 0.336742 0.663258
5915 lagli 1 277.223560 0.337340 0.662660
5916 lagli 1 277.223560 0.337938 0.662062
5917 lagli 1 277.223560 0.338536 0.661464
5918 lagli 1 277.223560 0.339134 0.660866
5919 lagli 1 277.223560 0.339732 0.660268
5920 lagli 1 277.223560 0.340331 0.659669
5921 lagli 1 277.223560 0.340929 0.659071
5922 lagli 1 277.223560 0.341527 0.658473
5923 lagli 1 277.223560 0.342125 0.657875
5924 lagli 1 277.223560 0.342723 0.657277
5925 lagli 1 277.223560 0.343321 0.656679
5926 lagli 1 277.223560 0.343919 0.656081
5927 lagli 1 277.223560 0.344517 0.655483
5928 lagli 1 277.223560 0.345115 0.654885
5929 lagli 1 277.223560 0.345713 0.654287
5930 lagli 1 277.223560 0.346311 0.653689
5931 lagli 1 277.223560 0.346909 0.653091
5932 lagli 1 277.223560 0.347507 0.652493
5933 lagli 1 277.223560 0.348105 0.651895
5934 lagli 1 277.223560 0.348703 0.651297
5935 lagli 1 277.223560 0.349301 0.650699
5936 lagli 1 277.223560 0.349899 0.650101
5937 lagli 1 277.223560 0.350497 0.649503
5938 lagli 1 277.223560 0.351095 0.648905
5939 lagli 1 277.223560 0.351693 0.648307
5940 lagli 1 277.223560 0.352291 0.647709
5941 lagli 1 277.223560 0.352889 0.647111
5942 lagli 1 277.223560 0.353487 0.646513
5943 lagli 1 277.223560 0.354085 0.645915
5944 lagli 1 277.223560 0.354683 0.645317
5945 lagli 1 277.223560 0.355281 0.644719
5946 lagli 1 277.223560 0.355879 0.644121
5947 lagli 1 277.223560 0.356477 0.643523
5948 lagli 1 277.223560 0.357075 0.642925
5949 lagli 1 277.223560 0.357673 0.642327
5950 lagli 1 277.223560 0.358271 0.641729
5951 lagli 1 277.223560 0.358869 0.641131
5952 lagli 1 277.223560 0.359467 0.640533
5953 lagli 1 277.223560 0.360065 0.639935
5954 lagli 1 277.223560 0.360663 0.639337
5955 lagli 1 277.223560 0.361261 0.638739
5956 lagli 1 277.223560 0.361859 0.638141
5957 lagli 1 277.223560 0.362457 0.637543
5958 lagli 1 277.223560 0.363055 0.636945
5959 lagli 1 277.223560 0.363653 0.636347
5960 lagli 1 277.223560 0.364251 0.635749
5961 lagli 1 277.223560 0.364849 0.635151
5962 lagli 1 277.223560 0.365447 0.634553
5963 lagli 1 277.223560 0.366045 0.633955
5964 lagli 1 277.223560 0.366643 0.633357
5965 lagli 1 277.223560 0.367241 0.632759
5966 lagli 1 277.223560 0.367839 0.632161
5967 lagli 1 277.223560 0.368437 0.631563
5968 lagli 1 277.223560 0.369035 0.630965
5969 lagli 1 277.223560 0.369633 0.630367
5970 lagli 1 277.223560 0.370231 0.629769
5971 lagli 1 277.223560 0.370829 0.629171
5972 lagli 1 277.223560 0.371427 0.628573
5973 lagli 1 277.223560 0.372025 0.627975
5974 lagli 1 277.223560 0.372623 0.627377
5975 lagli 1 277.223560 0.373221 0.626779
5976 lagli 1 277.223560 0.373819 0.626181
5977 lagli 1 277.223560 0.374417 0.625583
5978 lagli 1 277.223560 0.375015 0.624985
5979 lagli 1 277.223560 0.375613 0.624387
5980 lagli 1 277.223560 0.376211 0.623789
5981 lagli 1 277.223560 0.376809 0.623191
5982 lagli 1 277.223560 0.377407 0.622593
5983 lagli 1 277.223560 0.378005 0.621995
5984 lagli 1 277.223560 0.378603 0.621397
5985 lagli 1 277.223560 0.379201 0.620799
5986 lagli 1 277.223560 0.379800 0.620200
5987 lagli 1 277.223560 0.380398 0.619602
5988 lagli 1 277.223560 0.380996 0.619004
5989 lagli 1 277.223560 0.381594 0.618406
5990 lagli 1 277.223560 0.382192 0.617808
5991 lagli 1 277.223560 0.382790 0.617210
5992 lagli 1 277.223560 0.383388 0.616612
5993 lagli 1 277.223560 0.383986 0.616014
5994 lagli 1 277.223560 0.384584 0.615416
5995 lagli 1 277.223560 0.385182 0.614818
5996 lagli 1 277.223560 0.385780 0.614220
5997 lagli 1 277.223560 0.386378 0.613622
5998 lagli 1 277.223560 0.386976 0.613024
5999 lagli 1 277.223560 0.387574 0.612426
6000 lagli 1 277.223560 0.388172 0.611828
6001 lagli 1 277.223560 0.388770 0.611230
6002 lagli 1 277.223560 0.389368 0.610632
6003 lagli 1 277.223560 0.389966 0.610034
6004 lagli 1 277.223560 0.390564 0.609436
6005 lagli 1 277.223560 0.391162 0.608838
6006 lagli 1 277.223560 0.391760 0.608240
6007 lagli 1 277.223560 0.392358 0.607642
6008 lagli 1 277.223560 0.392956 0.607044
6009 lagli 1 277.223560 0.393554 0.606446
6010 lagli 1 277.223560 0.394152 0.605848
6011 lagli 1 277.223560 0.394750 0.605250
6012 lagli 1 277.223560 0.395348 0.604652
6013 lagli 1 277.223560 0.395946 0.604054
6014 lagli 1 277.223560 0.396544 0.603456
6015 lagli 1 277.223560 0.397142 0.602858
6016 lagli 1 277.223560 0.397740 0.602260
6017 lagli 1 277.223560 0.398338 0.601662
6018 lagli 1 277.223560 0.398936 0.601064
6019 lagli 1 277.223560 0.399534 0.600466
6020 lagli 1 277.223560 0.400132 0.599868
6021 lagli 1 277.223560 0.400730 0.599270
6022 lagli 1 277.223560 0.401328 0.598672
6023 lagli 1 277.223560 0.401926 0.598074
6024 lagli 1 277.223560 0.402524 0.597476
6025 lagli 1 277.223560 0.403122 0.596878
6026 lagli 1 277.223560 0.403720 0.596280
6027 lagli 1 277.223560 0.404318 0.595682
6028 lagli 1 277.223560 0.404916 0.595084
6029 lagli 1 277.223560 0.405514 0.594486
6030 lagli 1 277.223560 0.406112 0.593888
6031 lagli 1 277.223560 0.406710 0.593290
6032 lagli 1 277.223560 0.407308 0.592692
6033 lagli 1 277.223560 0.407906 0.592094
6034 lagli 1 277.223560 0.408504 0.591496
6035 lagli 1 277.223560 0.409102 0.590898
6036 lagli 1 277.223560 0.409700 0.590300
6037 lagli 1 277.223560 0.410298 0.589702
6038 lagli 1 277.223560 0.410896 0.589104
6039 lagli 1 277.223560 0.411494 0.588506
6040 lagli 1 277.223560 0.412092 0.587908
6041 lagli 1 277.223560 0.412690 0.587310
6042 lagli 1 277.223560 0.413288 0.586712
6043 lagli 1 277.223560 0.413886 0.586114
6044 lagli 1 277.223560 0.414484 0.585516
6045 lagli 1 277.223560 0.415082 0.584918
6046 lagli 1 277.223560 0.415680 0.584320
6047 lagli 1 277.223560 0.416278 0.583722
6048 lagli 1 277.223560 0.416876 0.583124
6049 lagli 1 277.223560 0.417474 0.582526
6050 lagli 1 277.223560 0.418072 0.581928
6051 lagli 1 277.223560 0.418670 0.581330
6052 lagli 1 277.223560 0.419268 0.580732
6053 lagli 1 277.223560 0.419867 0.580133
6054 lagli 1 277.223560 0.420465 0.579535
6055 lagli 1 277.223560 0.421063 0.578937
6056 lagli 1 277.223560 0.421661 0.578339
6057 lagli 1 277.223560 0.422259 0.577741
6058 lagli 1 277.223560 0.422857 0.577143
6059 lagli 1 277.223560 0.423455 0.576545
6060 lagli 1 277.223560 0.424053 0.575947
6061 lagli 1 277.223560 0.424651 0.575349
6062 lagli 1 277.223560 0.425249 0.574751
6063 lagli 1 277.223560 0.425847 0.574153
6064 lagli 1 277.223560 0.426445 0.573555
6065 lagli 1 277.223560 0.427043 0.572957
6066 lagli 1 277.223560 0.427641 0.572359
6067 lagli 1 277.223560 0.428239 0.571761
6068 lagli 1 277.223560 0.428837 0.571163
6069 lagli 1 277.223560 0.429435 0.570565
6070 lagli 1 277.223560 0.430033 0.569967
6071 lagli 1 277.223560 0.430631 0.569369
6072 lagli 1 277.223560 0.431229 0.568771
6073 lagli 1 277.223560 0.431827 0.568173
6074 lagli 1 277.223560 0.432425 0.567575
6075 lagli 1 277.223560 0.433023 0.566977
6076 lagli 1 277.223560 0.433621 0.566379
6077 lagli 1 277.223560 0.434219 0.565781
6078 lagli 1 277.223560 0.434817 0.565183
6079 lagli 1 277.223560 0.435415 0.564585
6080 lagli 1 277.223560 0.436013 0.563987
6081 lagli 1 277.223560 0.436611 0.563389
6082 lagli 1 277.223560 0.437209 0.562791
6083 lagli 1 277.223560 0.437807 0.562193
6084 lagli 1 277.223560 0.438405 0.561595
6085 lagli 1 277.223560 0.439003 0.560997
6086 lagli 1 277.223560 0.439601 0.560399
6087 lagli 1 277.223560 0.440199 0.559801
6088 lagli 1 277.223560 0.440797 0.559203
6089 lagli 1 277.223560 0.441395 0.558605
6090 lagli 1 277.223560 0.441993 0.558007
6091 lagli 1 277.223560 0.442591 0.557409
6092 lagli 1 277.223560 0.443189 0.556811
6093 lagli 1 277.223560 0.443787 0.556213
6094 lagli 1 277.223560 0.444385 0.555615
6095 lagli 1 277.223560 0.444983 0.555017
6096 lagli 1 277.223560 0.445581 0.554419
6097 lagli 1 277.223560 0.446179 0.553821
6098 lagli 1 277.223560 0.446777 0.553223
6099 lagli 1 277.223560 0.447375 0.552625
6100 lagli 1 277.223560 0.447973 0.552027
6101 lagli 1 277.223560 0.448571 0.551429
6102 lagli 1 277.223560 0.449169 0.550831
6103 lagli 1 277.223560 0.449767 0.550233
6104 lagli 1 277.223560 0.450365 0.549635
6105 lagli 1 277.223560 0.450963 0.549037
6106 lagli 1 277.223560 0.451561 0.548439
6107 lagli 1 277.223560 0.452159 0.547841
6108 lagli 1 277.223560 0.452757 0.547243
6109 lagli 1 277.223560 0.453355 0.546645
6110 lagli 1 277.223560 0.453953 0.546047
6111 lagli 1 277.223560 0.454551 0.545449
6112 lagli 1 277.223560 0.455149 0.544851
6113 lagli 1 277.223560 0.455747 0.544253
6114 lagli 1 277.223560 0.456345 0.543655
6115 lagli 1 277.223560 0.456943 0.543057
6116 lagli 1 277.223560 0.457541 0.542459
6117 lagli 1 277.223560 0.458139 0.541861
6118 lagli 1 277.223560 0.458737 0.541263
6119 lagli 1 277.223560 0.459336 0.540664
6120 lagli 1 277.223560 0.459934 0.540066
6121 lagli 1 277.223560 0.460532 0.539468
6122 lagli 1 277.223560 0.461130 0.538870
6123 lagli 1 277.223560 0.461728 0.538272
6124 lagli 1 277.223560 0.462326 0.537674
6125 lagli 1 277.223560 0.462924 0.537076
6126 lagli 1 277.223560 0.463522 0.536478
6127 lagli 1 277.223560 0.464120 0.535880
6128 lagli 1 277.223560 0.464718 0.535282
6129 lagli 1 277.223560 0.465316 0.534684
6130 lagli 1 277.223560 0.465914 0.534086
6131 lagli 1 277.223560 0.466512 0.533488
6132 lagli 1 277.223560 0.467110 0.532890
6133 lagli 1 277.223560 0.467708 0.532292
6134 lagli 1 277.223560 0.468306 0.531694
6135 lagli 1 277.223560 0.468904 0.531096
6136 lagli 1 277.223560 0.469502 0.530498
6137 lagli 1 277.223560 0.470100 0.529900
6138 lagli 1 277.223560 0.470698 0.529302
6139 lagli 1 277.223560 0.471296 0.528704
6140 lagli 1 277.223560 0.471894 0.528106
6141 lagli 1 277.223560 0.472492 0.527508
6142 lagli 1 277.223560 0.473090 0.526910
6143 lagli 1 277.223560 0.473688 0.526312
6144 lagli 1 277.223560 0.474286 0.525714
6145 lagli 1 277.223560 0.474884 0.525116
6146 lagli 1 277.223560 0.475482 0.524518
6147 lagli 1 277.223560 0.476080 0.523920
6148 lagli 1 277.223560 0.476678 0.523322
6149 lagli 1 277.223560 0.477276 0.522724
6150 lagli 1 277.223560 0.477874 0.522126
6151 lagli 1 277.223560 0.478472 0.521528
6152 lagli 1 277.223560 0.479070 0.520930
6153 lagli 1 277.223560 0.479668 0.520332
6154 lagli 1 277.223560 0.480266 0.519734
6155 lagli 1 277.223560 0.480864 0.519136
6156 lagli 1 277.223560 0.481462 0.518538
6157 lagli 1 277.223560 0.482060 0.517940
6158 lagli 1 277.223560 0.482658 0.517342
6159 lagli 1 277.223560 0.483256 0.516744
6160 lagli 1 277.223560 0.483854 0.516146
6161 lagli 1 277.223560 0.484452 0.515548
6162 lagli 1 277.223560 0.485050 0.514950
6163 lagli 1 277.223560 0.485648 0.514352
6164 lagli 1 277.223560 0.486246 0.513754
6165 lagli 1 277.223560 0.486844 0.513156
6166 lagli 1 277.223560 0.487442 0.512558
6167 lagli 1 277.223560 0.488040 0.511960
6168 lagli 1 277.223560 0.488638 0.511362
6169 lagli 1 277.223560 0.489236 0.510764
6170 lagli 1 277.223560 0.489834 0.510166
6171 lagli 1 277.223560 0.490432 0.509568
6172 lagli 1 277.223560 0.491030 0.508970
6173 lagli 1 277.223560 0.491628 0.508372
6174 lagli 1 277.223560 0.492226 0.507774
6175 lagli 1 277.223560 0.492824 0.507176
6176 lagli 1 277.223560 0.493422 0.506578
6177 lagli 1 277.223560 0.494020 0.505980
6178 lagli 1 277.223560 0.494618 0.505382
6179 lagli 1 277.223560 0.495216 0.504784
6180 lagli 1 277.223560 0.495814 0.504186
6181 lagli 1 277.223560 0.496412 0.503588
6182 lagli 1 277.223560 0.497010 0.502990
6183 lagli 1 277.223560 0.497608 0.502392
6184 lagli 1 277.223560 0.498206 0.501794
6185 lagli 1 277.223560 0.498805 0.501195
6186 lagli 1 277.223560 0.499403 0.500597
6187 lagli 1 277.223560 0.500001 0.499999
6188 lagli 1 277.223560 0.500599 0.499401
6189 lagli 1 277.223560 0.501197 0.498803
6190 lagli 1 277.223560 0.501795 0.498205
6191 lagli 1 277.223560 0.502393 0.497607
6192 lagli 1 277.223560 0.502991 0.497009
6193 lagli 1 277.223560 0.503589 0.496411
6194 lagli 1 277.223560 0.504187 0.495813
6195 lagli 1 277.223560 0.504785 0.495215
6196 lagli 1 277.223560 0.505383 0.494617
6197 lagli 1 277.223560 0.505981 0.494019
6198 lagli 1 277.223560 0.506579 0.493421
6199 lagli 1 277.223560 0.507177 0.492823
6200 lagli 1 277.223560 0.507775 0.492225
6201 lagli 1 277.223560 0.508373 0.491627
6202 lagli 1 277.223560 0.508971 0.491029
6203 lagli 1 277.223560 0.509569 0.490431
6204 lagli 1 277.223560 0.510167 0.489833
6205 lagli 1 277.223560 0.510765 0.489235
6206 lagli 1 277.223560 0.511363 0.488637
6207 lagli 1 277.223560 0.511961 0.488039
6208 lagli 1 277.223560 0.512559 0.487441
6209 lagli 1 277.223560 0.513157 0.486843
6210 lagli 1 277.223560 0.513755 0.486245
6211 lagli 1 277.223560 0.514353 0.485647
6212 lagli 1 277.223560 0.514951 0.485049
6213 lagli 1 277.223560 0.515549 0.484451
6214 lagli 1 277.223560 0.516147 0.483853
6215 lagli 1 277.223560 0.516745 0.483255
6216 lagli 1 277.223560 0.517343 0.482657
6217 lagli 1 277.223560 0.517941 0.482059
6218 lagli 1 277.223560 0.518539 0.481461
6219 lagli 1 277.223560 0.519137 0.480863
6220 lagli 1 277.223560 0.519735 0.480265
6221 lagli 1 277.223560 0.520333 0.479667
6222 lagli 1 277.223560 0.520931 0.479069
6223 lagli 1 277.223560 0.521529 0.478471
6224 lagli 1 277.223560 0.522127 0.477873
6225 lagli 1 277.223560 0.522725 0.477275
6226 lagli 1 277.223560 0.523323 0.476677
6227 lagli 1 277.223560 0.523921 0.476079
6228 lagli 1 277.223560 0.524519 0.475481
6229 lagli 1 277.223560 0.525117 0.474883
6230 lagli 1 277.223560 0.525715 0.474285
6231 lagli 1 277.223560 0.526313 0.473687
6232 lagli 1 277.223560 0.526911 0.473089
6233 lagli 1 277.223560 0.527509 0.472491
6234 lagli 1 277.223560 0.528107 0.471893
6235 lagli 1 277.223560 0.528705 0.471295
6236 lagli 1 277.223560 0.529303 0.470697
6237 lagli 1 277.223560 0.529901 0.470099
6238 lagli 1 277.223560 0.530499 0.469501
6239 lagli 1 277.223560 0.531097 0.468903
6240 lagli 1 277.223560 0.531695 0.468305
6241 lagli 1 277.223560 0.532293 0.467707
6242 lagli 1 277.223560 0.532891 0.467109
6243 lagli 1 138.651695 0.555217 0.444783
6244 lagli 1 138.651695 0.555841 0.444159
6245 lagli 1 138.651695 0.556465 0.443535
6246 lagli 1 138.651695 0.557088 0.442912
6247 lagli 1 138.651695 0.557712 0.442288
6248 lagli 1 138.651695 0.558335 0.441665
6249 lagli 1 138.651695 0.558959 0.441041
6250 lagli 1 138.651695 0.559583 0.440417
6251 lagli 1 138.651695 0.560206 0.439794
6252 lagli 1 138.651695 0.560830 0.439170
6253 lagli 1 138.651695 0.561453 0.438547
6254 lagli 1 138.651695 0.562077 0.437923
6255 lagli 1 138.651695 0.562701 0.437299
6256 lagli 1 138.651695 0.563324 0.436676
6257 lagli 1 138.651695 0.563948 0.436052
6258 lagli 1 138.651695 0.564571 0.435429
6259 lagli 1 138.651695 0.565195 0.434805
6260 lagli 1 138.651695 0.565819 0.434181
6261 lagli 1 138.651695 0.566442 0.433558
6262 lagli 1 138.651695 0.567066 0.432934
6263 lagli 1 138.651695 0.567690 0.432310
6264 lagli 1 138.651695 0.568313 0.431687
6265 lagli 1 138.651695 0.568937 0.431063
6266 lagli 1 138.651695 0.569560 0.430440
6267 lagli 1 138.651695 0.570184 0.429816
6268 lagli 1 138.651695 0.570808 0.429192
6269 lagli 1 138.651695 0.571431 0.428569
6270 lagli 1 138.651695 0.572055 0.427945
6271 lagli 1 138.651695 0.572678 0.427322
6272 lagli 1 138.651695 0.573302 0.426698
6273 lagli 1 138.651695 0.573926 0.426074
6274 lagli 1 138.651695 0.574549 0.425451
6275 lagli 1 138.651695 0.575173 0.424827
6276 lagli 1 138.651695 0.575796 0.424204
6277 lagli 1 138.651695 0.576420 0.423580
6278 lagli 1 138.651695 0.577044 0.422956
6279 lagli 1 138.651695 0.577667 0.422333
6280 lagli 1 138.651695 0.578291 0.421709
6281 lagli 1 138.651695 0.578914 0.421086
6282 lagli 1 138.651695 0.579538 0.420462
6283 lagli 1 138.651695 0.580162 0.419838
6284 lagli 1 138.651695 0.580785 0.419215
6285 lagli 1 138.651695 0.581409 0.418591
6286 lagli 1 138.651695 0.582032 0.417968
6287 lagli 1 138.651695 0.582656 0.417344
6288 lagli 1 138.651695 0.583280 0.416720
6289 lagli 1 138.651695 0.583903 0.416097
6290 lagli 1 138.651695 0.584527 0.415473
6291 lagli 1 138.651695 0.585150 0.414850
6292 lagli 1 138.651695 0.585774 0.414226
6293 lagli 1 138.651695 0.586398 0.413602
6294 lagli 1 138.651695 0.587021 0.412979
6295 lagli 1 138.651695 0.587645 0.412355
6296 lagli 1 138.651695 0.588268 0.411732
6297 lagli 1 138.651695 0.588892 0.411108
6298 lagli 1 138.651695 0.589516 0.410484
6299 lagli 1 138.651695 0.590139 0.409861
6300 lagli 1 138.651695 0.590763 0.409237
6301 lagli 1 138.651695 0.591386 0.408614
6302 lagli 1 138.651695 0.592010 0.407990
6303 lagli 1 138.651695 0.592634 0.407366
6304 lagli 1 138.651695 0.593257 0.406743
6305 lagli 1 138.651695 0.593881 0.406119
6306 lagli 1 138.651695 0.594504 0.405496
6307 lagli 1 138.651695 0.595128 0.404872
6308 lagli 1 138.651695 0.595752 0.404248
6309 lagli 1 138.651695 0.596375 0.403625
6310 lagli 1 138.651695 0.596999 0.403001
6311 lagli 1 138.651695 0.597622 0.402378
6312 lagli 1 138.651695 0.598246 0.401754
6313 lagli 1 138.651695 0.598870 0.401130
6314 lagli 1 138.651695 0.599493 0.400507
6315 lagli 1 138.651695 0.600117 0.399883
6316 lagli 1 138.651695 0.600740 0.399260
6317 lagli 1 138.651695 0.601364 0.398636
6318 lagli 1 138.651695 0.601988 0.398012
6319 lagli 1 138.651695 0.602611 0.397389
6320 lagli 1 138.651695 0.603235 0.396765
6321 lagli 1 138.651695 0.603859 0.396141
6322 lagli 1 138.651695 0.604482 0.395518
6323 lagli 1 138.651695 0.605106 0.394894
6324 lagli 1 138.651695 0.605729 0.394271
6325 lagli 1 138.651695 0.606353 0.393647
6326 lagli 1 138.651695 0.606977 0.393023
6327 lagli 1 138.651695 0.607600 0.392400
6328 lagli 1 138.651695 0.608224 0.391776
6329 lagli 1 138.651695 0.608847 0.391153
6330 lagli 1 138.651695 0.609471 0.390529
6331 lagli 1 138.651695 0.610095 0.389905
6332 lagli 1 138.651695 0.610718 0.389282
6333 lagli 1 138.651695 0.611342 0.388658
6334 lagli 1 138.651695 0.611965 0.388035
6335 lagli 1 138.651695 0.612589 0.387411
6336 lagli 1 138.651695 0.613213 0.386787
6337 lagli 1 138.651695 0.613836 0.386164
6338 lagli 1 138.651695 0.614460 0.385540
6339 lagli 1 138.651695 0.615083 0.384917
6340 lagli 1 138.651695 0.615707 0.384293
6341 lagli 1 138.651695 0.616331 0.383669
6342 lagli 1 138.651695 0.616954 0.383046
6343 lagli 1 138.651695 0.617578 0.382422
6344 lagli 1 138.651695 0.618201 0.381799
6345 lagli 1 138.651695 0.618825 0.381175
6346 lagli 1 138.651695 0.619449 0.380551
6347 lagli 1 138.651695 0.620072 0.379928
6348 lagli 1 138.651695 0.620696 0.379304
6349 lagli 1 138.651695 0.621319 0.378681
6350 lagli 1 138.651695 0.621943 0.378057
6351 lagli 1 138.651695 0.622567 0.377433
6352 lagli 1 138.651695 0.623190 0.376810
6353 lagli 1 138.651695 0.623814 0.376186
6354 lagli 1 138.651695 0.624437 0.375563
6355 lagli 1 138.651695 0.625061 0.374939
6356 lagli 1 138.651695 0.625685 0.374315
6357 lagli 1 138.651695 0.626308 0.373692
6358 lagli 1 138.651695 0.626932 0.373068
6359 lagli 1 138.651695 0.627555 0.372445
6360 lagli 1 138.651695 0.628179 0.371821
6361 lagli 1 138.651695 0.628803 0.371197
6362 lagli 1 138.651695 0.629426 0.370574
6363 lagli 1 138.651695 0.630050 0.369950
6364 lagli 1 138.651695 0.630673 0.369327
6365 lagli 1 138.651695 0.631297 0.368703
6366 lagli 1 138.651695 0.631921 0.368079
6367 lagli 1 138.651695 0.632544 0.367456
6368 lagli 1 138.651695 0.633168 0.366832
6369 lagli 1 138.651695 0.633791 0.366209
6370 lagli 1 138.651695 0.634415 0.365585
6371 lagli 1 138.651695 0.635039 0.364961
6372 lagli 1 138.651695 0.635662 0.364338
6373 lagli 1 138.651695 0.636286 0.363714
6374 lagli 1 138.651695 0.636909 0.363091
6375 lagli 1 138.651695 0.637533 0.362467
6376 lagli 1 138.651695 0.638157 0.361843
6377 lagli 1 138.651695 0.638780 0.361220
6378 lagli 1 138.651695 0.639404 0.360596
6379 lagli 1 138.651695 0.640027 0.359973
6380 lagli 1 138.651695 0.640651 0.359349
6381 lagli 1 138.651695 0.641275 0.358725
6382 lagli 1 138.651695 0.641898 0.358102
6383 lagli 1 138.651695 0.642522 0.357478
6384 lagli 1 138.651695 0.643146 0.356854
6385 lagli 1 138.651695 0.643769 0.356231
6386 lagli 1 138.651695 0.644393 0.355607
6387 lagli 1 138.651695 0.645016 0.354984
6388 lagli 1 138.651695 0.645640 0.354360
6389 lagli 1 138.651695 0.646264 0.353736
6390 lagli 1 138.651695 0.646887 0.353113
6391 lagli 1 138.651695 0.647511 0.352489
6392 lagli 1 138.651695 0.648134 0.351866
6393 lagli 1 0.000000 0.000000 0.000000
3722 nad4 1 0.000000 0.000000 0.000000
3723 nad4 1 2.154902 0.084967 0.915033
3724 nad4 1 2.154902 0.085700 0.914300
3725 nad4 1 2.154902 0.086433 0.913567
3726 nad4 1 2.154902 0.087166 0.912834
3727 nad4 1 2.154902 0.087898 0.912102
3728 nad4 1 2.154902 0.088631 0.911369
3729 nad4 1 2.154902 0.089364 0.910636
3730 nad4 1 2.154902 0.090097 0.909903
3731 nad4 1 2.154902 0.090830 0.909170
3732 nad4 1 2.154902 0.091562 0.908438
3733 nad4 1 2.154902 0.092295 0.907705
3734 nad4 1 2.154902 0.093028 0.906972
3735 nad4 1 2.154902 0.093761 0.906239
3736 nad4 1 2.154902 0.094494 0.905506
3737 nad4 1 2.154902 0.095226 0.904774
3738 nad4 1 2.154902 0.095959 0.904041
3739 nad4 1 2.154902 0.096692 0.903308
3740 nad4 1 2.154902 0.097425 0.902575
3741 nad4 1 2.154902 0.098157 0.901843
3742 nad4 1 2.154902 0.098890 0.901110
3743 nad4 1 2.154902 0.099623 0.900377
3744 nad4 1 2.154902 0.100356 0.899644
3745 nad4 1 2.154902 0.101089 0.898911
3746 nad4 1 2.154902 0.101821 0.898179
3747 nad4 1 2.154902 0.102554 0.897446
3748 nad4 1 2.154902 0.103287 0.896713
3749 nad4 1 2.154902 0.104020 0.895980
3750 nad4 1 2.154902 0.104752 0.895248
3751 nad4 1 2.154902 0.105485 0.894515
3752 nad4 1 2.154902 0.106218 0.893782
3753 nad4 1 2.154902 0.106951 0.893049
3754 nad4 1 2.154902 0.107684 0.892316
3755 nad4 1 2.154902 0.108416 0.891584
3756 nad4 1 2.154902 0.109149 0.890851
3757 nad4 1 2.154902 0.109882 0.890118
3758 nad4 1 2.154902 0.110615 0.889385
3759 nad4 1 2.154902 0.111348 0.888652
3760 nad4 1 2.154902 0.112080 0.887920
3761 nad4 1 2.154902 0.112813 0.887187
3762 nad4 1 2.154902 0.113546 0.886454
3763 nad4 1 2.154902 0.114279 0.885721
3764 nad4 1 2.154902 0.115011 0.884989
3765 nad4 1 2.154902 0.115744 0.884256
3766 nad4 1 2.154902 0.116477 0.883523
3767 nad4 1 2.154902 0.117210 0.882790
3768 nad4 1 2.154902 0.117943 0.882057
3769 nad4 1 2.154902 0.118675 0.881325
3770 nad4 1 2.154902 0.119408 0.880592
3771 nad4 1 2.154902 0.120141 0.879859
3772 nad4 1 2.154902 0.120874 0.879126
3773 nad4 1 2.154902 0.121607 0.878393
3774 nad4 1 2.154902 0.122339 0.877661
3775 nad4 1 2.154902 0.123072 0.876928
3776 nad4 1 2.154902 0.123805 0.876195
3777 nad4 1 2.154902 0.124538 0.875462
3778 nad4 1 2.154902 0.125270 0.874730
3779 nad4 1 2.154902 0.126003 0.873997
3780 nad4 1 2.154902 0.126736 0.873264
3781 nad4 1 2.154902 0.127469 0.872531
3782 nad4 1 2.154902 0.128202 0.871798
3783 nad4 1 2.154902 0.128934 0.871066
3784 nad4 1 2.154902 0.129667 0.870333
3785 nad4 1 2.154902 0.130400 0.869600
3786 nad4 1 2.154902 0.131133 0.868867
3787 nad4 1 2.154902 0.131866 0.868134
3788 nad4 1 2.154902 0.132598 0.867402
3789 nad4 1 2.154902 0.133331 0.866669
3790 nad4 1 2.154902 0.134064 0.865936
3791 nad4 1 2.154902 0.134797 0.865203
3792 nad4 1 2.154902 0.135529 0.864471
3793 nad4 1 2.154902 0.136262 0.863738
3794 nad4 1 2.154902 0.136995 0.863005
3795 nad4 1 2.154902 0.137728 0.862272
3796 nad4 1 2.154902 0.138461 0.861539
3797 nad4 1 2.154902 0.139193 0.860807
3798 nad4 1 2.154902 0.139926 0.860074
3799 nad4 1 2.154902 0.140659 0.859341
3800 nad4 1 2.154902 0.141392 0.858608
3801 nad4 1 2.154902 0.142124 0.857876
3802 nad4 1 2.154902 0.142857 0.857143
3803 nad4 1 2.154902 0.143590 0.856410
3804 nad4 1 2.154902 0.144323 0.855677
3805 nad4 1 2.154902 0.145056 0.854944
3806 nad4 1 2.154902 0.145788 0.854212
3807 nad4 1 2.154902 0.146521 0.853479
3808 nad4 1 2.154902 0.147254 0.852746
3809 nad4 1 2.154902 0.147987 0.852013
3810 nad4 1 2.154902 0.148720 0.851280
3811 nad4 1 2.154902 0.149452 0.850548
3812 nad4 1 2.154902 0.150185 0.849815
3813 nad4 1 2.154902 0.150918 0.849082
3814 nad4 1 2.154902 0.151651 0.848349
3815 nad4 1 2.154902 0.152383 0.847617
3816 nad4 1 2.154902 0.153116 0.846884
3817 nad4 1 2.154902 0.153849 0.846151
3818 nad4 1 2.154902 0.154582 0.845418
3819 nad4 1 2.154902 0.155315 0.844685
3820 nad4 1 2.154902 0.156047 0.843953
3821 nad4 1 2.154902 0.156780 0.843220
3822 nad4 1 2.154902 0.157513 0.842487
3823 nad4 1 2.154902 0.158246 0.841754
3824 nad4 1 2.154902 0.158979 0.841021
3825 nad4 1 2.154902 0.159711 0.840289
3826 nad4 1 2.154902 0.160444 0.839556
3827 nad4 1 2.154902 0.161177 0.838823
3828 nad4 1 2.154902 0.161910 0.838090
3829 nad4 1 2.154902 0.162642 0.837358
3830 nad4 1 2.154902 0.163375 0.836625
3831 nad4 1 2.154902 0.164108 0.835892
3832 nad4 1 2.154902 0.164841 0.835159
3833 nad4 1 2.154902 0.165574 0.834426
3834 nad4 1 2.154902 0.166306 0.833694
3835 nad4 1 2.154902 0.167039 0.832961
3836 nad4 1 2.154902 0.167772 0.832228
3837 nad4 1 2.154902 0.168505 0.831495
3838 nad4 1 2.154902 0.169238 0.830762
3839 nad4 1 2.154902 0.169970 0.830030
3840 nad4 1 2.154902 0.170703 0.829297
3841 nad4 1 2.154902 0.171436 0.828564
3842 nad4 1 2.154902 0.172169 0.827831
3843 nad4 1 2.154902 0.172901 0.827099
3844 nad4 1 2.154902 0.173634 0.826366
3845 nad4 1 2.154902 0.174367 0.825633
3846 nad4 1 2.154902 0.175100 0.824900
3847 nad4 1 2.154902 0.175833 0.824167
3848 nad4 1 2.154902 0.176565 0.823435
3849 nad4 1 2.154902 0.177298 0.822702
3850 nad4 1 2.154902 0.178031 0.821969
3851 nad4 1 2.154902 0.178764 0.821236
3852 nad4 1 2.154902 0.179496 0.820504
3853 nad4 1 2.154902 0.180229 0.819771
3854 nad4 1 2.154902 0.180962 0.819038
3855 nad4 1 2.154902 0.181695 0.818305
3856 nad4 1 2.154902 0.182428 0.817572
3857 nad4 1 2.154902 0.183160 0.816840
3858 nad4 1 2.154902 0.183893 0.816107
3859 nad4 1 2.154902 0.184626 0.815374
3860 nad4 1 2.154902 0.185359 0.814641
3861 nad4 1 2.154902 0.186092 0.813908
3862 nad4 1 2.154902 0.186824 0.813176
3863 nad4 1 2.154902 0.187557 0.812443
3864 nad4 1 2.154902 0.188290 0.811710
3865 nad4 1 2.154902 0.189023 0.810977
3866 nad4 1 2.154902 0.189755 0.810245
3867 nad4 1 2.154902 0.190488 0.809512
3868 nad4 1 2.154902 0.191221 0.808779
3869 nad4 1 2.154902 0.191954 0.808046
3870 nad4 1 2.154902 0.192687 0.807313
3871 nad4 1 2.154902 0.193419 0.806581
3872 nad4 1 2.154902 0.194152 0.805848
3873 nad4 1 2.154902 0.194885 0.805115
3874 nad4 1 2.154902 0.195618 0.804382
3875 nad4 1 2.154902 0.196351 0.803649
3876 nad4 1 2.154902 0.197083 0.802917
3877 nad4 1 2.154902 0.197816 0.802184
3878 nad4 1 2.154902 0.198549 0.801451
3879 nad4 1 2.154902 0.199282 0.800718
3880 nad4 1 2.154902 0.200014 0.799986
3881 nad4 1 2.154902 0.200747 0.799253
3882 nad4 1 2.154902 0.201480 0.798520
3883 nad4 1 2.154902 0.202213 0.797787
3884 nad4 1 2.154902 0.202946 0.797054
3885 nad4 1 2.154902 0.203678 0.796322
3886 nad4 1 2.154902 0.204411 0.795589
3887 nad4 1 2.154902 0.205144 0.794856
3888 nad4 1 2.154902 0.205877 0.794123
3889 nad4 1 2.154902 0.206610 0.793390
3890 nad4 1 2.154902 0.207342 0.792658
3891 nad4 1 2.154902 0.208075 0.791925
3892 nad4 1 2.154902 0.208808 0.791192
3893 nad4 1 2.154902 0.209541 0.790459
3894 nad4 1 2.154902 0.210273 0.789727
3895 nad4 1 2.154902 0.211006 0.788994
3896 nad4 1 2.154902 0.211739 0.788261
3897 nad4 1 2.154902 0.212472 0.787528
3898 nad4 1 2.154902 0.213205 0.786795
3899 nad4 1 2.154902 0.213937 0.786063
3900 nad4 1 2.154902 0.214670 0.785330
3901 nad4 1 2.154902 0.215403 0.784597
3902 nad4 1 2.154902 0.216136 0.783864
3903 nad4 1 2.154902 0.216868 0.783132
3904 nad4 1 2.154902 0.217601 0.782399
3905 nad4 1 2.154902 0.218334 0.781666
3906 nad4 1 2.154902 0.219067 0.780933
3907 nad4 1 2.154902 0.219800 0.780200
3908 nad4 1 2.154902 0.220532 0.779468
3909 nad4 1 2.154902 0.221265 0.778735
3910 nad4 1 2.154902 0.221998 0.778002
3911 nad4 1 2.154902 0.222731 0.777269
3912 nad4 1 8.785686 0.166153 0.833847
3913 nad4 1 8.785686 0.166973 0.833027
3914 nad4 1 8.785686 0.167793 0.832207
3915 nad4 1 16.484656 0.173383 0.826617
3916 nad4 1 16.484656 0.174199 0.825801
3917 nad4 1 16.484656 0.175015 0.824985
3918 nad4 1 16.484656 0.175831 0.824169
3919 nad4 1 16.484656 0.176647 0.823353
3920 nad4 1 16.484656 0.177463 0.822537
3921 nad4 1 21.439333 0.180450 0.819550
3922 nad4 1 21.439333 0.181264 0.818736
3923 nad4 1 21.439333 0.182078 0.817922
3924 nad4 1 26.041393 0.182110 0.817890
3925 nad4 1 26.041393 0.182923 0.817077
3926 nad4 1 26.041393 0.183736 0.816264
3927 nad4 1 52.216855 0.180834 0.819166
3928 nad4 1 52.216855 0.181647 0.818353
3929 nad4 1 52.216855 0.182459 0.817541
3930 nad4 1 52.216855 0.183271 0.816729
3931 nad4 1 52.216855 0.184084 0.815916
3932 nad4 1 52.216855 0.184896 0.815104
3933 nad4 1 54.915825 0.185987 0.814013
3934 nad4 1 54.915825 0.186799 0.813201
3935 nad4 1 54.915825 0.187611 0.812389
3936 nad4 1 60.614795 0.189048 0.810952
3937 nad4 1 60.614795 0.189858 0.810142
3938 nad4 1 60.614795 0.190669 0.809331
3939 nad4 1 104.617343 0.192248 0.807752
3940 nad4 1 104.617343 0.193058 0.806942
3941 nad4 1 104.617343 0.193868 0.806132
3942 nad4 1 248.588595 0.198230 0.801770
3943 nad4 1 248.588595 0.199038 0.800962
3944 nad4 1 248.588595 0.199847 0.800153
3945 nad4 1 254.997531 0.200938 0.799062
3946 nad4 1 254.997531 0.201746 0.798254
3947 nad4 1 254.997531 0.202553 0.797447
3948 nad4 1 266.537704 0.203088 0.796912
3949 nad4 1 266.537704 0.203896 0.796104
3950 nad4 1 266.537704 0.204704 0.795296
3951 nad4 1 277.938039 0.205380 0.794620
3952 nad4 1 277.938039 0.206188 0.793812
3953 nad4 1 277.938039 0.206996 0.793004
3954 nad4 1 297.571039 0.206999 0.793001
3955 nad4 1 297.571039 0.207808 0.792192
3956 nad4 1 297.571039 0.208617 0.791383
3957 nad4 1 306.849938 0.209683 0.790317
3958 nad4 1 306.849938 0.210493 0.789507
3959 nad4 1 306.849938 0.211302 0.788698
3960 nad4 1 316.390545 0.212117 0.787883
3961 nad4 1 316.390545 0.212926 0.787074
3962 nad4 1 316.390545 0.213736 0.786264
3963 nad4 1 316.390545 0.214545 0.785455
3964 nad4 1 316.390545 0.215354 0.784646
3965 nad4 1 316.390545 0.216163 0.783837
3966 nad4 1 319.089515 0.217195 0.782805
3967 nad4 1 319.089515 0.218004 0.781996
3968 nad4 1 319.089515 0.218813 0.781187
3969 nad4 1 321.788485 0.219625 0.780375
3970 nad4 1 321.788485 0.220434 0.779566
3971 nad4 1 321.788485 0.221243 0.778757
3972 nad4 1 323.943387 0.222103 0.777897
3973 nad4 1 323.943387 0.222912 0.777088
3974 nad4 1 323.943387 0.223721 0.776279
3975 nad4 1 335.652685 0.224386 0.775614
3976 nad4 1 335.652685 0.225195 0.774805
3977 nad4 1 335.652685 0.226004 0.773996
3978 nad4 1 344.193293 0.225968 0.774032
3979 nad4 1 344.193293 0.226777 0.773223
3980 nad4 1 344.193293 0.227587 0.772413
3981 nad4 1 356.777492 0.228098 0.771902
3982 nad4 1 356.777492 0.228908 0.771092
3983 nad4 1 356.777492 0.229718 0.770282
3984 nad4 1 356.777492 0.230528 0.769472
3985 nad4 1 356.777492 0.231338 0.768662
3986 nad4 1 356.777492 0.232148 0.767852
3987 nad4 1 356.777492 0.232958 0.767042
3988 nad4 1 356.777492 0.233768 0.766232
3989 nad4 1 356.777492 0.234578 0.765422
3990 nad4 1 388.094648 0.233452 0.766548
3991 nad4 1 388.094648 0.234263 0.765737
3992 nad4 1 388.094648 0.235075 0.764925
3993 nad4 1 393.397418 0.235773 0.764227
3994 nad4 1 393.397418 0.236585 0.763415
3995 nad4 1 393.397418 0.237396 0.762604
3996 nad4 1 393.397418 0.238208 0.761792
3997 nad4 1 393.397418 0.239020 0.760980
3998 nad4 1 393.397418 0.239831 0.760169
3999 nad4 1 396.636243 0.240571 0.759429
4000 nad4 1 396.636243 0.241383 0.758617
4001 nad4 1 396.636243 0.242195 0.757805
4002 nad4 1 411.501072 0.242377 0.757623
4003 nad4 1 411.501072 0.243189 0.756811
4004 nad4 1 411.501072 0.244001 0.755999
4005 nad4 1 411.501072 0.244813 0.755187
4006 nad4 1 411.501072 0.245625 0.754375
4007 nad4 1 411.501072 0.246438 0.753562
4008 nad4 1 411.501072 0.247250 0.752750
4009 nad4 1 411.501072 0.248062 0.751938
4010 nad4 1 411.501072 0.248874 0.751126
4011 nad4 1 420.943642 0.249245 0.750755
4012 nad4 1 420.943642 0.250057 0.749943
4013 nad4 1 420.943642 0.250870 0.749130
4014 nad4 1 420.943642 0.251683 0.748317
4015 nad4 1 420.943642 0.252496 0.747504
4016 nad4 1 420.943642 0.253309 0.746691
4017 nad4 1 423.642612 0.254497 0.745503
4018 nad4 1 423.642612 0.255310 0.744690
4019 nad4 1 423.642612 0.256122 0.743878
4020 nad4 1 429.984600 0.257211 0.742789
4021 nad4 1 429.984600 0.258023 0.741977
4022 nad4 1 429.984600 0.258835 0.741165
4023 nad4 1 429.984600 0.259646 0.740354
4024 nad4 1 429.984600 0.260458 0.739542
4025 nad4 1 429.984600 0.261270 0.738730
4026 nad4 1 429.984600 0.262082 0.737918
4027 nad4 1 429.984600 0.262894 0.737106
4028 nad4 1 429.984600 0.263705 0.736295
4029 nad4 1 433.666537 0.264447 0.735553
4030 nad4 1 433.666537 0.265259 0.734741
4031 nad4 1 433.666537 0.266071 0.733929
4032 nad4 1 433.666537 0.266883 0.733117
4033 nad4 1 433.666537 0.267695 0.732305
4034 nad4 1 433.666537 0.268507 0.731493
4035 nad4 1 433.666537 0.269318 0.730682
4036 nad4 1 433.666537 0.270130 0.729870
4037 nad4 1 433.666537 0.270942 0.729058
4038 nad4 1 436.189416 0.271713 0.728287
4039 nad4 1 436.189416 0.272525 0.727475
4040 nad4 1 436.189416 0.273337 0.726663
4041 nad4 1 436.189416 0.274149 0.725851
4042 nad4 1 436.189416 0.274961 0.725039
4043 nad4 1 436.189416 0.275773 0.724227
4044 nad4 1 442.538138 0.276289 0.723711
4045 nad4 1 442.538138 0.277101 0.722899
4046 nad4 1 442.538138 0.277913 0.722087
4047 nad4 1 442.538138 0.278725 0.721275
4048 nad4 1 442.538138 0.279537 0.720463
4049 nad4 1 442.538138 0.280349 0.719651
4050 nad4 1 455.980188 0.281293 0.718707
4051 nad4 1 455.980188 0.282105 0.717895
4052 nad4 1 455.980188 0.282918 0.717082
4053 nad4 1 455.980188 0.283730 0.716270
4054 nad4 1 455.980188 0.284542 0.715458
4055 nad4 1 455.980188 0.285355 0.714645
4056 nad4 1 459.938795 0.286540 0.713460
4057 nad4 1 459.938795 0.287351 0.712649
4058 nad4 1 459.938795 0.288163 0.711837
4059 nad4 1 459.938795 0.288975 0.711025
4060 nad4 1 459.938795 0.289786 0.710214
4061 nad4 1 459.938795 0.290598 0.709402
4062 nad4 1 459.938795 0.291409 0.708591
4063 nad4 1 459.938795 0.292221 0.707779
4064 nad4 1 459.938795 0.293033 0.706967
4065 nad4 1 589.102106 0.300317 0.699683
4066 nad4 1 589.102106 0.301116 0.698884
4067 nad4 1 589.102106 0.301915 0.698085
4068 nad4 1 629.961674 0.301887 0.698113
4069 nad4 1 629.961674 0.302687 0.697313
4070 nad4 1 629.961674 0.303487 0.696513
4071 nad4 1 629.961674 0.304287 0.695713
4072 nad4 1 629.961674 0.305087 0.694913
4073 nad4 1 629.961674 0.305887 0.694113
4074 nad4 1 629.961674 0.306687 0.693313
4075 nad4 1 629.961674 0.307487 0.692513
4076 nad4 1 629.961674 0.308287 0.691713
4077 nad4 1 629.961674 0.309087 0.690913
4078 nad4 1 629.961674 0.309887 0.690113
4079 nad4 1 629.961674 0.310687 0.689313
4080 nad4 1 629.961674 0.311487 0.688513
4081 nad4 1 629.961674 0.312288 0.687712
4082 nad4 1 629.961674 0.313088 0.686912
4083 nad4 1 680.264063 0.313770 0.686230
4084 nad4 1 680.264063 0.314572 0.685428
4085 nad4 1 680.264063 0.315374 0.684626
4086 nad4 1 814.016190 0.315964 0.684036
4087 nad4 1 814.016190 0.316768 0.683232
4088 nad4 1 814.016190 0.317572 0.682428
4089 nad4 1 816.016190 0.318347 0.681653
4090 nad4 1 816.016190 0.319151 0.680849
4091 nad4 1 816.016190 0.319955 0.680045
4092 nad4 1 820.760918 0.320980 0.679020
4093 nad4 1 820.760918 0.321784 0.678216
4094 nad4 1 820.760918 0.322587 0.677413
4095 nad4 1 820.760918 0.323391 0.676609
4096 nad4 1 820.760918 0.324194 0.675806
4097 nad4 1 820.760918 0.324998 0.675002
4098 nad4 1 825.505645 0.325932 0.674068
4099 nad4 1 825.505645 0.326735 0.673265
4100 nad4 1 825.505645 0.327538 0.672462
4101 nad4 1 872.305215 0.330049 0.669951
4102 nad4 1 872.305215 0.330848 0.669152
4103 nad4 1 872.305215 0.331647 0.668353
4104 nad4 1 878.156612 0.332582 0.667418
4105 nad4 1 878.156612 0.333381 0.666619
4106 nad4 1 878.156612 0.334180 0.665820
4107 nad4 1 882.983426 0.335060 0.664940
4108 nad4 1 882.983426 0.335859 0.664141
4109 nad4 1 882.983426 0.336658 0.663342
4110 nad4 1 892.936822 0.337734 0.662266
4111 nad4 1 892.936822 0.338533 0.661467
4112 nad4 1 892.936822 0.339331 0.660669
4113 nad4 1 892.936822 0.340130 0.659870
4114 nad4 1 892.936822 0.340928 0.659072
4115 nad4 1 892.936822 0.341727 0.658273
4116 nad4 1 894.982579 0.342582 0.657418
4117 nad4 1 894.982579 0.343381 0.656619
4118 nad4 1 894.982579 0.344179 0.655821
4119 nad4 1 899.903398 0.345013 0.654987
4120 nad4 1 899.903398 0.345811 0.654189
4121 nad4 1 899.903398 0.346610 0.653390
4122 nad4 1 899.903398 0.347408 0.652592
4123 nad4 1 899.903398 0.348206 0.651794
4124 nad4 1 899.903398 0.349004 0.650996
4125 nad4 1 899.903398 0.349803 0.650197
4126 nad4 1 899.903398 0.350601 0.649399
4127 nad4 1 899.903398 0.351399 0.648601
4128 nad4 1 899.903398 0.352197 0.647803
4129 nad4 1 899.903398 0.352996 0.647004
4130 nad4 1 899.903398 0.353794 0.646206
4131 nad4 1 905.602368 0.354783 0.645217
4132 nad4 1 905.602368 0.355581 0.644419
4133 nad4 1 905.602368 0.356378 0.643622
4134 nad4 1 905.602368 0.357176 0.642824
4135 nad4 1 905.602368 0.357974 0.642026
4136 nad4 1 905.602368 0.358772 0.641228
4137 nad4 1 921.188733 0.359909 0.640091
4138 nad4 1 921.188733 0.360706 0.639294
4139 nad4 1 921.188733 0.361503 0.638497
4140 nad4 1 921.188733 0.362301 0.637699
4141 nad4 1 921.188733 0.363098 0.636902
4142 nad4 1 921.188733 0.363895 0.636105
4143 nad4 1 928.188733 0.364864 0.635136
4144 nad4 1 928.188733 0.365661 0.634339
4145 nad4 1 928.188733 0.366457 0.633543
4146 nad4 1 940.252219 0.367498 0.632502
4147 nad4 1 940.252219 0.368294 0.631706
4148 nad4 1 940.252219 0.369091 0.630909
4149 nad4 1 946.968918 0.369946 0.630054
4150 nad4 1 946.968918 0.370742 0.629258
4151 nad4 1 946.968918 0.371538 0.628462
4152 nad4 1 952.269948 0.372383 0.627617
4153 nad4 1 952.269948 0.373180 0.626820
4154 nad4 1 952.269948 0.373976 0.626024
4155 nad4 1 954.792827 0.374819 0.625181
4156 nad4 1 954.792827 0.375615 0.624385
4157 nad4 1 954.792827 0.376411 0.623589
4158 nad4 1 969.738214 0.377642 0.622358
4159 nad4 1 969.738214 0.378437 0.621563
4160 nad4 1 969.738214 0.379232 0.620768
4161 nad4 1 972.896854 0.380073 0.619927
4162 nad4 1 972.896854 0.380868 0.619132
4163 nad4 1 972.896854 0.381663 0.618337
4164 nad4 1 974.993764 0.382526 0.617474
4165 nad4 1 974.993764 0.383321 0.616679
4166 nad4 1 974.993764 0.384115 0.615885
4167 nad4 1 976.993764 0.384866 0.615134
4168 nad4 1 976.993764 0.385660 0.614340
4169 nad4 1 976.993764 0.386455 0.613545
4170 nad4 1 988.525417 0.387356 0.612644
4171 nad4 1 988.525417 0.388150 0.611850
4172 nad4 1 988.525417 0.388944 0.611056
4173 nad4 1 994.756779 0.389615 0.610385
4174 nad4 1 994.756779 0.390410 0.609590
4175 nad4 1 994.756779 0.391204 0.608796
4176 nad4 1 1008.376568 0.392211 0.607789
4177 nad4 1 1008.376568 0.393005 0.606995
4178 nad4 1 1008.376568 0.393799 0.606201
4179 nad4 1 1039.996697 0.394709 0.605291
4180 nad4 1 1039.996697 0.395502 0.604498
4181 nad4 1 1039.996697 0.396296 0.603704
4182 nad4 1 1058.946240 0.397315 0.602685
4183 nad4 1 1058.946240 0.398108 0.601892
4184 nad4 1 1058.946240 0.398902 0.601098
4185 nad4 1 1074.423139 0.399677 0.600323
4186 nad4 1 1074.423139 0.400470 0.599530
4187 nad4 1 1074.423139 0.401263 0.598737
4188 nad4 1 1079.946018 0.402122 0.597878
4189 nad4 1 1079.946018 0.402915 0.597085
4190 nad4 1 1079.946018 0.403708 0.596292
4191 nad4 1 1156.131795 0.405094 0.594906
4192 nad4 1 1156.131795 0.405886 0.594114
4193 nad4 1 1156.131795 0.406677 0.593323
4194 nad4 1 1156.131795 0.407469 0.592531
4195 nad4 1 1156.131795 0.408260 0.591740
4196 nad4 1 1156.131795 0.409052 0.590948
4197 nad4 1 1160.700431 0.409774 0.590226
4198 nad4 1 1160.700431 0.410565 0.589435
4199 nad4 1 1160.700431 0.411357 0.588643
4200 nad4 1 1160.700431 0.412148 0.587852
4201 nad4 1 1160.700431 0.412940 0.587060
4202 nad4 1 1160.700431 0.413732 0.586268
4203 nad4 1 1170.181917 0.414615 0.585385
4204 nad4 1 1170.181917 0.415407 0.584593
4205 nad4 1 1170.181917 0.416198 0.583802
4206 nad4 1 1207.851052 0.417245 0.582755
4207 nad4 1 1207.851052 0.418036 0.581964
4208 nad4 1 1207.851052 0.418827 0.581173
4209 nad4 1 1207.851052 0.419618 0.580382
4210 nad4 1 1207.851052 0.420409 0.579591
4211 nad4 1 1207.851052 0.421200 0.578800
4212 nad4 1 1387.352856 0.423942 0.576058
4213 nad4 1 1387.352856 0.424729 0.575271
4214 nad4 1 1387.352856 0.425516 0.574484
4215 nad4 1 1492.957656 0.427590 0.572410
4216 nad4 1 1492.957656 0.428373 0.571627
4217 nad4 1 1492.957656 0.429157 0.570843
4218 nad4 1 1492.957656 0.429940 0.570060
4219 nad4 1 1492.957656 0.430723 0.569277
4220 nad4 1 1492.957656 0.431507 0.568493
4221 nad4 1 1501.519589 0.432291 0.567709
4222 nad4 1 1501.519589 0.433074 0.566926
4223 nad4 1 1501.519589 0.433858 0.566142
4224 nad4 1 1501.519589 0.434641 0.565359
4225 nad4 1 1501.519589 0.435425 0.564575
4226 nad4 1 1501.519589 0.436208 0.563792
4227 nad4 1 1501.519589 0.436992 0.563008
4228 nad4 1 1501.519589 0.437775 0.562225
4229 nad4 1 1501.519589 0.438559 0.561441
4230 nad4 1 1501.519589 0.439342 0.560658
4231 nad4 1 1501.519589 0.440125 0.559875
4232 nad4 1 1501.519589 0.440909 0.559091
4233 nad4 1 1501.519589 0.441692 0.558308
4234 nad4 1 1501.519589 0.442476 0.557524
4235 nad4 1 1501.519589 0.443259 0.556741
4236 nad4 1 1501.519589 0.444043 0.555957
4237 nad4 1 1501.519589 0.444826 0.555174
4238 nad4 1 1501.519589 0.445610 0.554390
4239 nad4 1 1501.519589 0.446393 0.553607
4240 nad4 1 1501.519589 0.447177 0.552823
4241 nad4 1 1501.519589 0.447960 0.552040
4242 nad4 1 1501.519589 0.448744 0.551256
4243 nad4 1 1501.519589 0.449527 0.550473
4244 nad4 1 1501.519589 0.450311 0.549689
4245 nad4 1 1501.519589 0.451094 0.548906
4246 nad4 1 1501.519589 0.451878 0.548122
4247 nad4 1 1501.519589 0.452661 0.547339
4248 nad4 1 1501.519589 0.453445 0.546555
4249 nad4 1 1501.519589 0.454228 0.545772
4250 nad4 1 1501.519589 0.455011 0.544989
4251 nad4 1 1501.519589 0.455795 0.544205
4252 nad4 1 1501.519589 0.456578 0.543422
4253 nad4 1 1501.519589 0.457362 0.542638
4254 nad4 1 1501.519589 0.458145 0.541855
4255 nad4 1 1501.519589 0.458929 0.541071
4256 nad4 1 1501.519589 0.459712 0.540288
4257 nad4 1 1501.519589 0.460496 0.539504
4258 nad4 1 1501.519589 0.461279 0.538721
4259 nad4 1 1501.519589 0.462063 0.537937
4260 nad4 1 1501.519589 0.462846 0.537154
4261 nad4 1 1501.519589 0.463630 0.536370
4262 nad4 1 1501.519589 0.464413 0.535587
4263 nad4 1 1501.519589 0.465197 0.534803
4264 nad4 1 1501.519589 0.465980 0.534020
4265 nad4 1 1501.519589 0.466764 0.533236
4266 nad4 1 1501.519589 0.467547 0.532453
4267 nad4 1 1501.519589 0.468330 0.531670
4268 nad4 1 1501.519589 0.469114 0.530886
4269 nad4 1 1501.519589 0.469897 0.530103
4270 nad4 1 1501.519589 0.470681 0.529319
4271 nad4 1 1501.519589 0.471464 0.528536
4272 nad4 1 1501.519589 0.472248 0.527752
4273 nad4 1 1501.519589 0.473031 0.526969
4274 nad4 1 1501.519589 0.473815 0.526185
4275 nad4 1 1501.519589 0.474598 0.525402
4276 nad4 1 1501.519589 0.475382 0.524618
4277 nad4 1 1501.519589 0.476165 0.523835
4278 nad4 1 1501.519589 0.476949 0.523051
4279 nad4 1 1501.519589 0.477732 0.522268
4280 nad4 1 1501.519589 0.478516 0.521484
4281 nad4 1 1501.519589 0.479299 0.520701
4282 nad4 1 1501.519589 0.480083 0.519917
4283 nad4 1 1501.519589 0.480866 0.519134
4284 nad4 1 1501.519589 0.481650 0.518350
4285 nad4 1 1501.519589 0.482433 0.517567
4286 nad4 1 1501.519589 0.483216 0.516784
4287 nad4 1 1501.519589 0.484000 0.516000
4288 nad4 1 1501.519589 0.484783 0.515217
4289 nad4 1 1501.519589 0.485567 0.514433
4290 nad4 1 1501.519589 0.486350 0.513650
4291 nad4 1 1501.519589 0.487134 0.512866
4292 nad4 1 1501.519589 0.487917 0.512083
4293 nad4 1 1501.519589 0.488701 0.511299
4294 nad4 1 1501.519589 0.489484 0.510516
4295 nad4 1 1501.519589 0.490268 0.509732
4296 nad4 1 1501.519589 0.491051 0.508949
4297 nad4 1 1501.519589 0.491835 0.508165
4298 nad4 1 1501.519589 0.492618 0.507382
4299 nad4 1 1501.519589 0.493402 0.506598
4300 nad4 1 1501.519589 0.494185 0.505815
4301 nad4 1 1501.519589 0.494969 0.505031
4302 nad4 1 1501.519589 0.495752 0.504248
4303 nad4 1 1501.519589 0.496535 0.503465
4304 nad4 1 1501.519589 0.497319 0.502681
4305 nad4 1 1501.519589 0.498102 0.501898
4306 nad4 1 1501.519589 0.498886 0.501114
4307 nad4 1 1501.519589 0.499669 0.500331
4308 nad4 1 1501.519589 0.500453 0.499547
4309 nad4 1 1501.519589 0.501236 0.498764
4310 nad4 1 1501.519589 0.502020 0.497980
4311 nad4 1 1501.519589 0.502803 0.497197
4312 nad4 1 1501.519589 0.503587 0.496413
4313 nad4 1 1501.519589 0.504370 0.495630
4314 nad4 1 1501.519589 0.505154 0.494846
4315 nad4 1 1501.519589 0.505937 0.494063
4316 nad4 1 1501.519589 0.506721 0.493279
4317 nad4 1 1501.519589 0.507504 0.492496
4318 nad4 1 1501.519589 0.508288 0.491712
4319 nad4 1 1501.519589 0.509071 0.490929
4320 nad4 1 1501.519589 0.509855 0.490145
4321 nad4 1 1501.519589 0.510638 0.489362
4322 nad4 1 1501.519589 0.511421 0.488579
4323 nad4 1 1501.519589 0.512205 0.487795
4324 nad4 1 1501.519589 0.512988 0.487012
4325 nad4 1 1501.519589 0.513772 0.486228
4326 nad4 1 1501.519589 0.514555 0.485445
4327 nad4 1 1501.519589 0.515339 0.484661
4328 nad4 1 1501.519589 0.516122 0.483878
4329 nad4 1 1501.519589 0.516906 0.483094
4330 nad4 1 1501.519589 0.517689 0.482311
4331 nad4 1 1501.519589 0.518473 0.481527
4332 nad4 1 1501.519589 0.519256 0.480744
4333 nad4 1 1501.519589 0.520040 0.479960
4334 nad4 1 1501.519589 0.520823 0.479177
4335 nad4 1 1501.519589 0.521607 0.478393
4336 nad4 1 1501.519589 0.522390 0.477610
4337 nad4 1 1501.519589 0.523174 0.476826
4338 nad4 1 1501.519589 0.523957 0.476043
4339 nad4 1 1501.519589 0.524740 0.475260
4340 nad4 1 1501.519589 0.525524 0.474476
4341 nad4 1 1501.519589 0.526307 0.473693
4342 nad4 1 1501.519589 0.527091 0.472909
4343 nad4 1 1501.519589 0.527874 0.472126
4344 nad4 1 1501.519589 0.528658 0.471342
4345 nad4 1 1501.519589 0.529441 0.470559
4346 nad4 1 1501.519589 0.530225 0.469775
4347 nad4 1 1501.519589 0.531008 0.468992
4348 nad4 1 1501.519589 0.531792 0.468208
4349 nad4 1 1501.519589 0.532575 0.467425
4350 nad4 1 1501.519589 0.533359 0.466641
4351 nad4 1 1501.519589 0.534142 0.465858
4352 nad4 1 1501.519589 0.534926 0.465074
4353 nad4 1 1501.519589 0.535709 0.464291
4354 nad4 1 1501.519589 0.536493 0.463507
4355 nad4 1 1501.519589 0.537276 0.462724
4356 nad4 1 1501.519589 0.538060 0.461940
4357 nad4 1 1501.519589 0.538843 0.461157
4358 nad4 1 1501.519589 0.539626 0.460374
4359 nad4 1 1501.519589 0.540410 0.459590
4360 nad4 1 1501.519589 0.541193 0.458807
4361 nad4 1 1501.519589 0.541977 0.458023
4362 nad4 1 1501.519589 0.542760 0.457240
4363 nad4 1 1501.519589 0.543544 0.456456
4364 nad4 1 1501.519589 0.544327 0.455673
4365 nad4 1 1501.519589 0.545111 0.454889
4366 nad4 1 1501.519589 0.545894 0.454106
4367 nad4 1 1501.519589 0.546678 0.453322
4368 nad4 1 1501.519589 0.547461 0.452539
4369 nad4 1 1501.519589 0.548245 0.451755
4370 nad4 1 1501.519589 0.549028 0.450972
4371 nad4 1 1501.519589 0.549812 0.450188
4372 nad4 1 1501.519589 0.550595 0.449405
4373 nad4 1 1501.519589 0.551379 0.448621
4374 nad4 1 1501.519589 0.552162 0.447838
4375 nad4 1 1501.519589 0.552945 0.447055
4376 nad4 1 1501.519589 0.553729 0.446271
4377 nad4 1 1501.519589 0.554512 0.445488
4378 nad4 1 1501.519589 0.555296 0.444704
4379 nad4 1 1501.519589 0.556079 0.443921
4380 nad4 1 1501.519589 0.556863 0.443137
4381 nad4 1 1501.519589 0.557646 0.442354
4382 nad4 1 1501.519589 0.558430 0.441570
4383 nad4 1 1503.674491 0.559184 0.440816
4384 nad4 1 1503.674491 0.559967 0.440033
4385 nad4 1 1503.674491 0.560751 0.439249
4386 nad4 1 1503.674491 0.561534 0.438466
4387 nad4 1 1503.674491 0.562318 0.437682
4388 nad4 1 1503.674491 0.563102 0.436898
4389 nad4 1 1503.674491 0.563885 0.436115
4390 nad4 1 1503.674491 0.564669 0.435331
4391 nad4 1 1503.674491 0.565452 0.434548
4392 nad4 1 1503.674491 0.566236 0.433764
4393 nad4 1 1503.674491 0.567020 0.432980
4394 nad4 1 1503.674491 0.567803 0.432197
4395 nad4 1 1503.674491 0.568587 0.431413
4396 nad4 1 1503.674491 0.569371 0.430629
4397 nad4 1 1503.674491 0.570154 0.429846
4398 nad4 1 1503.674491 0.570938 0.429062
4399 nad4 1 1503.674491 0.571721 0.428279
4400 nad4 1 1503.674491 0.572505 0.427495
4401 nad4 1 1503.674491 0.573289 0.426711
4402 nad4 1 1503.674491 0.574072 0.425928
4403 nad4 1 1503.674491 0.574856 0.425144
4404 nad4 1 1503.674491 0.575640 0.424360
4405 nad4 1 1503.674491 0.576423 0.423577
4406 nad4 1 1503.674491 0.577207 0.422793
4407 nad4 1 1503.674491 0.577990 0.422010
4408 nad4 1 1503.674491 0.578774 0.421226
4409 nad4 1 1503.674491 0.579558 0.420442
4410 nad4 1 1503.674491 0.580341 0.419659
4411 nad4 1 1503.674491 0.581125 0.418875
4412 nad4 1 1503.674491 0.581908 0.418092
4413 nad4 1 1503.674491 0.582692 0.417308
4414 nad4 1 1503.674491 0.583476 0.416524
4415 nad4 1 1503.674491 0.584259 0.415741
4416 nad4 1 1503.674491 0.585043 0.414957
4417 nad4 1 1503.674491 0.585827 0.414173
4418 nad4 1 1503.674491 0.586610 0.413390
4419 nad4 1 1503.674491 0.587394 0.412606
4420 nad4 1 1503.674491 0.588177 0.411823
4421 nad4 1 1503.674491 0.588961 0.411039
4422 nad4 1 1503.674491 0.589745 0.410255
4423 nad4 1 1503.674491 0.590528 0.409472
4424 nad4 1 1503.674491 0.591312 0.408688
4425 nad4 1 1503.674491 0.592095 0.407905
4426 nad4 1 1503.674491 0.592879 0.407121
4427 nad4 1 1503.674491 0.593663 0.406337
4428 nad4 1 1503.674491 0.594446 0.405554
4429 nad4 1 1503.674491 0.595230 0.404770
4430 nad4 1 1503.674491 0.596014 0.403986
4431 nad4 1 1503.674491 0.596797 0.403203
4432 nad4 1 1503.674491 0.597581 0.402419
4433 nad4 1 1503.674491 0.598364 0.401636
4434 nad4 1 1503.674491 0.599148 0.400852
4435 nad4 1 1503.674491 0.599932 0.400068
4436 nad4 1 1503.674491 0.600715 0.399285
4437 nad4 1 1503.674491 0.601499 0.398501
4438 nad4 1 1503.674491 0.602282 0.397718
4439 nad4 1 1503.674491 0.603066 0.396934
4440 nad4 1 1503.674491 0.603850 0.396150
4441 nad4 1 1503.674491 0.604633 0.395367
4442 nad4 1 1503.674491 0.605417 0.394583
4443 nad4 1 1503.674491 0.606201 0.393799
4444 nad4 1 1503.674491 0.606984 0.393016
4445 nad4 1 1503.674491 0.607768 0.392232
4446 nad4 1 1503.674491 0.608551 0.391449
4447 nad4 1 1503.674491 0.609335 0.390665
4448 nad4 1 1503.674491 0.610119 0.389881
4449 nad4 1 1503.674491 0.610902 0.389098
4450 nad4 1 1503.674491 0.611686 0.388314
4451 nad4 1 1503.674491 0.612469 0.387531
4452 nad4 1 1503.674491 0.613253 0.386747
4453 nad4 1 1503.674491 0.614037 0.385963
4454 nad4 1 1503.674491 0.614820 0.385180
4455 nad4 1 1503.674491 0.615604 0.384396
4456 nad4 1 1503.674491 0.616388 0.383612
4457 nad4 1 1503.674491 0.617171 0.382829
4458 nad4 1 1503.674491 0.617955 0.382045
4459 nad4 1 1503.674491 0.618738 0.381262
4460 nad4 1 1503.674491 0.619522 0.380478
4461 nad4 1 1503.674491 0.620306 0.379694
4462 nad4 1 1503.674491 0.621089 0.378911
4463 nad4 1 1503.674491 0.621873 0.378127
4464 nad4 1 1503.674491 0.622656 0.377344
4465 nad4 1 1503.674491 0.623440 0.376560
4466 nad4 1 1503.674491 0.624224 0.375776
4467 nad4 1 1503.674491 0.625007 0.374993
4468 nad4 1 1503.674491 0.625791 0.374209
4469 nad4 1 1503.674491 0.626575 0.373425
4470 nad4 1 1503.674491 0.627358 0.372642
4471 nad4 1 1503.674491 0.628142 0.371858
4472 nad4 1 1503.674491 0.628925 0.371075
4473 nad4 1 1503.674491 0.629709 0.370291
4474 nad4 1 1503.674491 0.630493 0.369507
4475 nad4 1 1503.674491 0.631276 0.368724
4476 nad4 1 1503.674491 0.632060 0.367940
4477 nad4 1 1503.674491 0.632843 0.367157
4478 nad4 1 1503.674491 0.633627 0.366373
4479 nad4 1 1503.674491 0.634411 0.365589
4480 nad4 1 1503.674491 0.635194 0.364806
4481 nad4 1 1503.674491 0.635978 0.364022
4482 nad4 1 1431.415492 0.637241 0.362759
4483 nad4 1 1431.415492 0.638022 0.361978
4484 nad4 1 1431.415492 0.638804 0.361196
4485 nad4 1 1044.353567 0.639494 0.360506
4486 nad4 1 1044.353567 0.640281 0.359719
4487 nad4 1 1044.353567 0.641068 0.358932
4488 nad4 1 1041.167148 0.641886 0.358114
4489 nad4 1 1041.167148 0.642673 0.357327
4490 nad4 1 1041.167148 0.643460 0.356540
4491 nad4 1 1041.167148 0.644247 0.355753
4492 nad4 1 1041.167148 0.645035 0.354965
4493 nad4 1 1041.167148 0.645822 0.354178
4494 nad4 1 991.912890 0.646874 0.353126
4495 nad4 1 991.912890 0.647660 0.352340
4496 nad4 1 991.912890 0.648447 0.351553
4497 nad4 1 223.444185 0.647853 0.352147
4498 nad4 1 223.444185 0.648625 0.351375
4499 nad4 1 223.444185 0.649396 0.350604
4500 nad4 1 223.444185 0.650168 0.349832
4501 nad4 1 223.444185 0.650939 0.349061
4502 nad4 1 223.444185 0.651711 0.348289
4503 nad4 1 216.776305 0.652790 0.347210
4504 nad4 1 216.776305 0.653561 0.346439
4505 nad4 1 216.776305 0.654331 0.345669
4506 nad4 1 212.730547 0.655054 0.344946
4507 nad4 1 212.730547 0.655823 0.344177
4508 nad4 1 212.730547 0.656592 0.343408
4509 nad4 1 212.730547 0.657361 0.342639
4510 nad4 1 212.730547 0.658130 0.341870
4511 nad4 1 212.730547 0.658899 0.341101
4512 nad4 1 195.293305 0.659884 0.340116
4513 nad4 1 195.293305 0.660655 0.339345
4514 nad4 1 195.293305 0.661426 0.338574
4515 nad4 1 156.655559 0.661060 0.338940
4516 nad4 1 156.655559 0.661832 0.338168
4517 nad4 1 156.655559 0.662604 0.337396
4518 nad4 1 141.587708 0.663568 0.336432
4519 nad4 1 141.587708 0.664341 0.335659
4520 nad4 1 141.587708 0.665115 0.334885
4521 nad4 1 141.587708 0.665888 0.334112
4522 nad4 1 141.587708 0.666661 0.333339
4523 nad4 1 141.587708 0.667434 0.332566
4524 nad4 1 139.286678 0.668067 0.331933
4525 nad4 1 139.286678 0.668839 0.331161
4526 nad4 1 139.286678 0.669612 0.330388
4527 nad4 1 139.286678 0.670385 0.329615
4528 nad4 1 139.286678 0.671158 0.328842
4529 nad4 1 139.286678 0.671931 0.328069
4530 nad4 1 139.286678 0.672704 0.327296
4531 nad4 1 139.286678 0.673476 0.326524
4532 nad4 1 139.286678 0.674249 0.325751
4533 nad4 1 139.286678 0.675022 0.324978
4534 nad4 1 139.286678 0.675795 0.324205
4535 nad4 1 139.286678 0.676568 0.323432
4536 nad4 1 139.286678 0.677341 0.322659
4537 nad4 1 139.286678 0.678114 0.321886
4538 nad4 1 139.286678 0.678886 0.321114
4539 nad4 1 137.189768 0.680231 0.319769
4540 nad4 1 137.189768 0.681003 0.318997
4541 nad4 1 137.189768 0.681775 0.318225
4542 nad4 1 137.189768 0.682548 0.317452
4543 nad4 1 137.189768 0.683320 0.316680
4544 nad4 1 137.189768 0.684092 0.315908
4545 nad4 1 137.189768 0.684865 0.315135
4546 nad4 1 137.189768 0.685637 0.314363
4547 nad4 1 137.189768 0.686409 0.313591
4548 nad4 1 137.189768 0.687181 0.312819
4549 nad4 1 137.189768 0.687954 0.312046
4550 nad4 1 137.189768 0.688726 0.311274
4551 nad4 1 131.770693 0.689901 0.310099
4552 nad4 1 131.770693 0.690672 0.309328
4553 nad4 1 131.770693 0.691443 0.308557
4554 nad4 1 131.770693 0.692214 0.307786
4555 nad4 1 131.770693 0.692984 0.307016
4556 nad4 1 131.770693 0.693755 0.306245
4557 nad4 1 131.770693 0.694526 0.305474
4558 nad4 1 131.770693 0.695297 0.304703
4559 nad4 1 131.770693 0.696068 0.303932
4560 nad4 1 131.770693 0.696838 0.303162
4561 nad4 1 131.770693 0.697609 0.302391
4562 nad4 1 131.770693 0.698380 0.301620
4563 nad4 1 131.770693 0.699151 0.300849
4564 nad4 1 131.770693 0.699922 0.300078
4565 nad4 1 131.770693 0.700692 0.299308
4566 nad4 1 131.770693 0.701463 0.298537
4567 nad4 1 131.770693 0.702234 0.297766
4568 nad4 1 131.770693 0.703005 0.296995
4569 nad4 1 131.770693 0.703776 0.296224
4570 nad4 1 131.770693 0.704546 0.295454
4571 nad4 1 131.770693 0.705317 0.294683
4572 nad4 1 131.770693 0.706088 0.293912
4573 nad4 1 131.770693 0.706859 0.293141
4574 nad4 1 131.770693 0.707630 0.292370
4575 nad4 1 129.071723 0.708528 0.291472
4576 nad4 1 129.071723 0.709299 0.290701
4577 nad4 1 129.071723 0.710071 0.289929
4578 nad4 1 129.071723 0.710842 0.289158
4579 nad4 1 129.071723 0.711613 0.288387
4580 nad4 1 129.071723 0.712384 0.287616
4581 nad4 1 129.071723 0.713155 0.286845
4582 nad4 1 129.071723 0.713927 0.286073
4583 nad4 1 129.071723 0.714698 0.285302
4584 nad4 1 129.071723 0.715469 0.284531
4585 nad4 1 129.071723 0.716240 0.283760
4586 nad4 1 129.071723 0.717011 0.282989
4587 nad4 1 129.071723 0.717783 0.282217
4588 nad4 1 129.071723 0.718554 0.281446
4589 nad4 1 129.071723 0.719325 0.280675
4590 nad4 1 129.071723 0.720096 0.279904
4591 nad4 1 129.071723 0.720867 0.279133
4592 nad4 1 129.071723 0.721639 0.278361
4593 nad4 1 129.071723 0.722410 0.277590
4594 nad4 1 129.071723 0.723181 0.276819
4595 nad4 1 129.071723 0.723952 0.276048
4596 nad4 1 126.673783 0.724930 0.275070
4597 nad4 1 126.673783 0.725702 0.274298
4598 nad4 1 126.673783 0.726475 0.273525
4599 nad4 1 126.673783 0.727248 0.272752
4600 nad4 1 126.673783 0.728020 0.271980
4601 nad4 1 126.673783 0.728793 0.271207
4602 nad4 1 126.673783 0.729565 0.270435
4603 nad4 1 126.673783 0.730338 0.269662
4604 nad4 1 126.673783 0.731110 0.268890
4605 nad4 1 110.161205 0.734928 0.265072
4606 nad4 1 110.161205 0.735707 0.264293
4607 nad4 1 110.161205 0.736486 0.263514
4608 nad4 1 110.161205 0.737265 0.262735
4609 nad4 1 110.161205 0.738043 0.261957
4610 nad4 1 110.161205 0.738822 0.261178
4611 nad4 1 110.161205 0.739601 0.260399
4612 nad4 1 110.161205 0.740380 0.259620
4613 nad4 1 110.161205 0.741159 0.258841
4614 nad4 1 110.161205 0.741938 0.258062
4615 nad4 1 110.161205 0.742717 0.257283
4616 nad4 1 110.161205 0.743495 0.256505
4617 nad4 1 110.161205 0.744274 0.255726
4618 nad4 1 110.161205 0.745053 0.254947
4619 nad4 1 110.161205 0.745832 0.254168
4620 nad4 1 110.161205 0.746611 0.253389
4621 nad4 1 110.161205 0.747390 0.252610
4622 nad4 1 110.161205 0.748168 0.251832
4623 nad4 1 110.161205 0.748947 0.251053
4624 nad4 1 110.161205 0.749726 0.250274
4625 nad4 1 110.161205 0.750505 0.249495
4626 nad4 1 110.161205 0.751284 0.248716
4627 nad4 1 110.161205 0.752063 0.247937
4628 nad4 1 110.161205 0.752841 0.247159
4629 nad4 1 110.161205 0.753620 0.246380
4630 nad4 1 110.161205 0.754399 0.245601
4631 nad4 1 110.161205 0.755178 0.244822
4632 nad4 1 110.161205 0.755957 0.244043
4633 nad4 1 110.161205 0.756736 0.243264
4634 nad4 1 110.161205 0.757515 0.242485
4635 nad4 1 110.161205 0.758293 0.241707
4636 nad4 1 110.161205 0.759072 0.240928
4637 nad4 1 110.161205 0.759851 0.240149
4638 nad4 1 110.161205 0.760630 0.239370
4639 nad4 1 110.161205 0.761409 0.238591
4640 nad4 1 110.161205 0.762188 0.237812
4641 nad4 1 110.161205 0.762966 0.237034
4642 nad4 1 110.161205 0.763745 0.236255
4643 nad4 1 110.161205 0.764524 0.235476
4644 nad4 1 110.161205 0.765303 0.234697
4645 nad4 1 110.161205 0.766082 0.233918
4646 nad4 1 110.161205 0.766861 0.233139
4647 nad4 1 110.161205 0.767640 0.232360
4648 nad4 1 110.161205 0.768418 0.231582
4649 nad4 1 110.161205 0.769197 0.230803
4650 nad4 1 110.161205 0.769976 0.230024
4651 nad4 1 110.161205 0.770755 0.229245
4652 nad4 1 110.161205 0.771534 0.228466
4653 nad4 1 110.161205 0.772313 0.227687
4654 nad4 1 110.161205 0.773091 0.226909
4655 nad4 1 110.161205 0.773870 0.226130
4656 nad4 1 110.161205 0.774649 0.225351
4657 nad4 1 110.161205 0.775428 0.224572
4658 nad4 1 110.161205 0.776207 0.223793
4659 nad4 1 110.161205 0.776986 0.223014
4660 nad4 1 110.161205 0.777765 0.222235
4661 nad4 1 110.161205 0.778543 0.221457
4662 nad4 1 110.161205 0.779322 0.220678
4663 nad4 1 110.161205 0.780101 0.219899
4664 nad4 1 110.161205 0.780880 0.219120
4665 nad4 1 110.161205 0.781659 0.218341
4666 nad4 1 110.161205 0.782438 0.217562
4667 nad4 1 110.161205 0.783216 0.216784
4668 nad4 1 110.161205 0.783995 0.216005
4669 nad4 1 110.161205 0.784774 0.215226
4670 nad4 1 110.161205 0.785553 0.214447
4671 nad4 1 110.161205 0.786332 0.213668
4672 nad4 1 110.161205 0.787111 0.212889
4673 nad4 1 110.161205 0.787889 0.212111
4674 nad4 1 110.161205 0.788668 0.211332
4675 nad4 1 110.161205 0.789447 0.210553
4676 nad4 1 110.161205 0.790226 0.209774
4677 nad4 1 110.161205 0.791005 0.208995
4678 nad4 1 110.161205 0.791784 0.208216
4679 nad4 1 110.161205 0.792563 0.207437
4680 nad4 1 110.161205 0.793341 0.206659
4681 nad4 1 110.161205 0.794120 0.205880
4682 nad4 1 110.161205 0.794899 0.205101
4683 nad4 1 106.845152 0.796446 0.203554
4684 nad4 1 106.845152 0.797226 0.202774
4685 nad4 1 106.845152 0.798006 0.201994
4686 nad4 1 106.845152 0.798786 0.201214
4687 nad4 1 106.845152 0.799566 0.200434
4688 nad4 1 106.845152 0.800347 0.199653
4689 nad4 1 106.845152 0.801127 0.198873
4690 nad4 1 106.845152 0.801907 0.198093
4691 nad4 1 106.845152 0.802687 0.197313
4692 nad4 1 106.845152 0.803467 0.196533
4693 nad4 1 106.845152 0.804248 0.195752
4694 nad4 1 106.845152 0.805028 0.194972
4695 nad4 1 106.845152 0.805808 0.194192
4696 nad4 1 106.845152 0.806588 0.193412
4697 nad4 1 106.845152 0.807368 0.192632
4698 nad4 1 106.845152 0.808149 0.191851
4699 nad4 1 106.845152 0.808929 0.191071
4700 nad4 1 106.845152 0.809709 0.190291
4701 nad4 1 104.690250 0.811660 0.188340
4702 nad4 1 104.690250 0.812441 0.187559
4703 nad4 1 104.690250 0.813223 0.186777
4704 nad4 1 104.690250 0.814004 0.185996
4705 nad4 1 104.690250 0.814785 0.185215
4706 nad4 1 104.690250 0.815567 0.184433
4707 nad4 1 104.690250 0.816348 0.183652
4708 nad4 1 104.690250 0.817130 0.182870
4709 nad4 1 104.690250 0.817911 0.182089
4710 nad4 1 102.535348 0.818394 0.181606
4711 nad4 1 102.535348 0.819174 0.180826
4712 nad4 1 102.535348 0.819954 0.180046
4713 nad4 1 102.535348 0.820735 0.179265
4714 nad4 1 102.535348 0.821515 0.178485
4715 nad4 1 102.535348 0.822296 0.177704
4716 nad4 1 102.535348 0.823076 0.176924
4717 nad4 1 102.535348 0.823856 0.176144
4718 nad4 1 102.535348 0.824637 0.175363
4719 nad4 1 102.535348 0.825417 0.174583
4720 nad4 1 102.535348 0.826198 0.173802
4721 nad4 1 102.535348 0.826978 0.173022
4722 nad4 1 99.836378 0.827596 0.172404
4723 nad4 1 99.836378 0.828376 0.171624
4724 nad4 1 99.836378 0.829156 0.170844
4725 nad4 1 99.836378 0.829937 0.170063
4726 nad4 1 99.836378 0.830717 0.169283
4727 nad4 1 99.836378 0.831497 0.168503
4728 nad4 1 99.836378 0.832277 0.167723
4729 nad4 1 99.836378 0.833058 0.166942
4730 nad4 1 99.836378 0.833838 0.166162
4731 nad4 1 96.356206 0.834577 0.165423
4732 nad4 1 96.356206 0.835353 0.164647
4733 nad4 1 96.356206 0.836130 0.163870
4734 nad4 1 96.356206 0.836907 0.163093
4735 nad4 1 96.356206 0.837684 0.162316
4736 nad4 1 96.356206 0.838461 0.161539
4737 nad4 1 96.356206 0.839237 0.160763
4738 nad4 1 96.356206 0.840014 0.159986
4739 nad4 1 96.356206 0.840791 0.159209
4740 nad4 1 96.356206 0.841568 0.158432
4741 nad4 1 96.356206 0.842344 0.157656
4742 nad4 1 96.356206 0.843121 0.156879
4743 nad4 1 96.356206 0.843898 0.156102
4744 nad4 1 96.356206 0.844675 0.155325
4745 nad4 1 96.356206 0.845451 0.154549
4746 nad4 1 96.356206 0.846228 0.153772
4747 nad4 1 96.356206 0.847005 0.152995
4748 nad4 1 96.356206 0.847782 0.152218
4749 nad4 1 96.356206 0.848559 0.151441
4750 nad4 1 96.356206 0.849335 0.150665
4751 nad4 1 96.356206 0.850112 0.149888
4752 nad4 1 96.356206 0.850889 0.149111
4753 nad4 1 96.356206 0.851666 0.148334
4754 nad4 1 96.356206 0.852442 0.147558
4755 nad4 1 94.201304 0.852863 0.147137
4756 nad4 1 94.201304 0.853637 0.146363
4757 nad4 1 94.201304 0.854411 0.145589
4758 nad4 1 94.201304 0.855185 0.144815
4759 nad4 1 94.201304 0.855959 0.144041
4760 nad4 1 94.201304 0.856733 0.143267
4761 nad4 1 94.201304 0.857507 0.142493
4762 nad4 1 94.201304 0.858280 0.141720
4763 nad4 1 94.201304 0.859054 0.140946
4764 nad4 1 94.201304 0.859828 0.140172
4765 nad4 1 94.201304 0.860602 0.139398
4766 nad4 1 94.201304 0.861376 0.138624
4767 nad4 1 94.201304 0.862150 0.137850
4768 nad4 1 94.201304 0.862924 0.137076
4769 nad4 1 94.201304 0.863698 0.136302
4770 nad4 1 94.201304 0.864472 0.135528
4771 nad4 1 94.201304 0.865245 0.134755
4772 nad4 1 94.201304 0.866019 0.133981
4773 nad4 1 94.201304 0.866793 0.133207
4774 nad4 1 94.201304 0.867567 0.132433
4775 nad4 1 94.201304 0.868341 0.131659
4776 nad4 1 94.201304 0.869115 0.130885
4777 nad4 1 94.201304 0.869889 0.130111
4778 nad4 1 94.201304 0.870663 0.129337
4779 nad4 1 94.201304 0.871437 0.128563
4780 nad4 1 94.201304 0.872210 0.127790
4781 nad4 1 94.201304 0.872984 0.127016
4782 nad4 1 94.201304 0.873758 0.126242
4783 nad4 1 94.201304 0.874532 0.125468
4784 nad4 1 94.201304 0.875306 0.124694
4785 nad4 1 94.201304 0.876080 0.123920
4786 nad4 1 94.201304 0.876854 0.123146
4787 nad4 1 94.201304 0.877628 0.122372
4788 nad4 1 94.201304 0.878402 0.121598
4789 nad4 1 94.201304 0.879175 0.120825
4790 nad4 1 94.201304 0.879949 0.120051
4791 nad4 1 94.201304 0.880723 0.119277
4792 nad4 1 94.201304 0.881497 0.118503
4793 nad4 1 94.201304 0.882271 0.117729
4794 nad4 1 94.201304 0.883045 0.116955
4795 nad4 1 94.201304 0.883819 0.116181
4796 nad4 1 94.201304 0.884593 0.115407
4797 nad4 1 94.201304 0.885367 0.114633
4798 nad4 1 94.201304 0.886140 0.113860
4799 nad4 1 94.201304 0.886914 0.113086
4800 nad4 1 92.155546 0.887208 0.112792
4801 nad4 1 92.155546 0.887981 0.112019
4802 nad4 1 92.155546 0.888755 0.111245
4803 nad4 1 88.636989 0.889222 0.110778
4804 nad4 1 88.636989 0.889995 0.110005
4805 nad4 1 88.636989 0.890768 0.109232
4806 nad4 1 88.636989 0.891540 0.108460
4807 nad4 1 88.636989 0.892313 0.107687
4808 nad4 1 88.636989 0.893086 0.106914
4809 nad4 1 88.636989 0.893859 0.106141
4810 nad4 1 88.636989 0.894632 0.105368
4811 nad4 1 88.636989 0.895405 0.104595
4812 nad4 1 88.636989 0.896178 0.103822
4813 nad4 1 88.636989 0.896951 0.103049
4814 nad4 1 88.636989 0.897724 0.102276
4815 nad4 1 88.636989 0.898497 0.101503
4816 nad4 1 88.636989 0.899270 0.100730
4817 nad4 1 88.636989 0.900043 0.099957
4818 nad4 1 84.466936 0.900073 0.099927
4819 nad4 1 84.466936 0.900846 0.099154
4820 nad4 1 84.466936 0.901620 0.098380
4821 nad4 1 69.400211 0.903738 0.096262
4822 nad4 1 69.400211 0.904514 0.095486
4823 nad4 1 69.400211 0.905290 0.094710
4824 nad4 1 69.400211 0.906066 0.093934
4825 nad4 1 69.400211 0.906843 0.093157
4826 nad4 1 69.400211 0.907619 0.092381
4827 nad4 1 69.400211 0.908395 0.091605
4828 nad4 1 69.400211 0.909171 0.090829
4829 nad4 1 69.400211 0.909947 0.090053
4830 nad4 1 67.245309 0.910597 0.089403
4831 nad4 1 67.245309 0.911372 0.088628
4832 nad4 1 67.245309 0.912146 0.087854
4833 nad4 1 67.245309 0.912921 0.087079
4834 nad4 1 67.245309 0.913696 0.086304
4835 nad4 1 67.245309 0.914471 0.085529
4836 nad4 1 67.245309 0.915245 0.084755
4837 nad4 1 67.245309 0.916020 0.083980
4838 nad4 1 67.245309 0.916795 0.083205
4839 nad4 1 67.245309 0.917570 0.082430
4840 nad4 1 67.245309 0.918345 0.081655
4841 nad4 1 67.245309 0.919119 0.080881
4842 nad4 1 67.245309 0.919894 0.080106
4843 nad4 1 67.245309 0.920669 0.079331
4844 nad4 1 67.245309 0.921444 0.078556
4845 nad4 1 63.462793 0.921793 0.078207
4846 nad4 1 63.462793 0.922567 0.077433
4847 nad4 1 63.462793 0.923341 0.076659
4848 nad4 1 63.462793 0.924115 0.075885
4849 nad4 1 63.462793 0.924889 0.075111
4850 nad4 1 63.462793 0.925663 0.074337
4851 nad4 1 63.462793 0.926437 0.073563
4852 nad4 1 63.462793 0.927211 0.072789
4853 nad4 1 63.462793 0.927985 0.072015
4854 nad4 1 63.462793 0.928759 0.071241
4855 nad4 1 63.462793 0.929533 0.070467
4856 nad4 1 63.462793 0.930307 0.069693
4857 nad4 1 43.297451 0.931381 0.068619
4858 nad4 1 43.297451 0.932157 0.067843
4859 nad4 1 43.297451 0.932933 0.067067
4860 nad4 1 43.297451 0.933710 0.066290
4861 nad4 1 43.297451 0.934486 0.065514
4862 nad4 1 43.297451 0.935263 0.064737
4863 nad4 1 32.075602 0.929896 0.070104
4864 nad4 1 32.075602 0.930669 0.069331
4865 nad4 1 32.075602 0.931443 0.068557
4866 nad4 1 26.978692 0.931821 0.068179
4867 nad4 1 26.978692 0.932599 0.067401
4868 nad4 1 26.978692 0.933377 0.066623
4869 nad4 1 26.978692 0.934155 0.065845
4870 nad4 1 26.978692 0.934933 0.065067
4871 nad4 1 26.978692 0.935711 0.064289
4872 nad4 1 26.978692 0.936489 0.063511
4873 nad4 1 26.978692 0.937267 0.062733
4874 nad4 1 26.978692 0.938044 0.061956
4875 nad4 1 26.978692 0.938822 0.061178
4876 nad4 1 26.978692 0.939600 0.060400
4877 nad4 1 26.978692 0.940378 0.059622
4878 nad4 1 26.978692 0.941156 0.058844
4879 nad4 1 26.978692 0.941934 0.058066
4880 nad4 1 26.978692 0.942712 0.057288
4881 nad4 1 26.978692 0.943490 0.056510
4882 nad4 1 26.978692 0.944268 0.055732
4883 nad4 1 26.978692 0.945046 0.054954
4884 nad4 1 26.978692 0.945824 0.054176
4885 nad4 1 26.978692 0.946602 0.053398
4886 nad4 1 26.978692 0.947380 0.052620
4887 nad4 1 26.978692 0.948157 0.051843
4888 nad4 1 26.978692 0.948935 0.051065
4889 nad4 1 26.978692 0.949713 0.050287
4890 nad4 1 26.978692 0.950491 0.049509
4891 nad4 1 26.978692 0.951269 0.048731
4892 nad4 1 26.978692 0.952047 0.047953
4893 nad4 1 26.978692 0.952825 0.047175
4894 nad4 1 26.978692 0.953603 0.046397
4895 nad4 1 26.978692 0.954381 0.045619
4896 nad4 1 26.978692 0.955159 0.044841
4897 nad4 1 26.978692 0.955937 0.044063
4898 nad4 1 26.978692 0.956715 0.043285
4899 nad4 1 26.978692 0.957493 0.042507
4900 nad4 1 26.978692 0.958270 0.041730
4901 nad4 1 26.978692 0.959048 0.040952
4902 nad4 1 26.978692 0.959826 0.040174
4903 nad4 1 26.978692 0.960604 0.039396
4904 nad4 1 26.978692 0.961382 0.038618
4905 nad4 1 26.978692 0.962160 0.037840
4906 nad4 1 26.978692 0.962938 0.037062
4907 nad4 1 26.978692 0.963716 0.036284
4908 nad4 1 26.978692 0.964494 0.035506
4909 nad4 1 26.978692 0.965272 0.034728
4910 nad4 1 26.978692 0.966050 0.033950
4911 nad4 1 21.865746 0.966456 0.033544
4912 nad4 1 21.865746 0.967233 0.032767
4913 nad4 1 21.865746 0.968009 0.031991
4914 nad4 1 17.121019 0.964090 0.035910
4915 nad4 1 17.121019 0.964853 0.035147
4916 nad4 1 17.121019 0.965615 0.034385
4917 nad4 1 14.121019 0.963320 0.036680
4918 nad4 1 14.121019 0.964075 0.035925
4919 nad4 1 14.121019 0.964831 0.035169
4920 nad4 1 11.121019 0.959858 0.040142
4921 nad4 1 11.121019 0.960596 0.039404
4922 nad4 1 11.121019 0.961335 0.038665
4923 nad4 1 8.723079 0.951554 0.048446
4924 nad4 1 8.723079 0.952260 0.047740
4925 nad4 1 8.723079 0.952967 0.047033
4926 nad4 1 8.723079 0.953673 0.046327
4927 nad4 1 8.723079 0.954380 0.045620
4928 nad4 1 8.723079 0.955086 0.044914
4929 nad4 1 8.723079 0.955793 0.044207
4930 nad4 1 8.723079 0.956499 0.043501
4931 nad4 1 8.723079 0.957205 0.042795
4932 nad4 1 8.723079 0.957912 0.042088
4933 nad4 1 8.723079 0.958618 0.041382
4934 nad4 1 8.723079 0.959325 0.040675
4935 nad4 1 8.723079 0.960031 0.039969
4936 nad4 1 8.723079 0.960738 0.039262
4937 nad4 1 8.723079 0.961444 0.038556
4938 nad4 1 8.723079 0.962151 0.037849
4939 nad4 1 8.723079 0.962857 0.037143
4940 nad4 1 8.723079 0.963564 0.036436
4941 nad4 1 8.723079 0.964270 0.035730
4942 nad4 1 8.723079 0.964976 0.035024
4943 nad4 1 8.723079 0.965683 0.034317
4944 nad4 1 8.723079 0.966389 0.033611
4945 nad4 1 8.723079 0.967096 0.032904
4946 nad4 1 8.723079 0.967802 0.032198
4947 nad4 1 8.723079 0.968509 0.031491
4948 nad4 1 8.723079 0.969215 0.030785
4949 nad4 1 8.723079 0.969922 0.030078
4950 nad4 1 8.723079 0.970628 0.029372
4951 nad4 1 8.723079 0.971335 0.028665
4952 nad4 1 8.723079 0.972041 0.027959
4953 nad4 1 8.723079 0.972747 0.027253
4954 nad4 1 8.723079 0.973454 0.026546
4955 nad4 1 8.723079 0.974160 0.025840
4956 nad4 1 0.000000 0.000000 0.000000
4957 nad4 1 0.000000 0.000000 0.000000
4958 nad4 1 0.000000 0.000000 0.000000
4959 nad4 1 0.000000 0.000000 0.000000
4960 nad4 1 0.000000 0.000000 0.000000
4961 nad4 1 0.000000 0.000000 0.000000
4962 nad4 1 0.000000 0.000000 0.000000
4963 nad4 1 0.000000 0.000000 0.000000
4964 nad4 1 0.000000 0.965796 0.034204
4965 nad4 1 0.000000 0.000000 0.000000
10207 nad4 1 0.000000 0.000000 0.000000
10208 nad4 1 913019.953939 0.000008 0.999992
10209 nad4 1 913019.953939 0.000734 0.999266
10210 nad4 1 913019.953939 0.001460 0.998540
10211 nad4 1 914432.577452 0.002183 0.997817
10212 nad4 1 914432.577452 0.002909 0.997091
10213 nad4 1 914432.577452 0.003635 0.996365
10214 nad4 1 914607.629528 0.004362 0.995638
10215 nad4 1 914607.629528 0.005087 0.994913
10216 nad4 1 914607.629528 0.005813 0.994187
10217 nad4 1 915195.428373 0.006542 0.993458
10218 nad4 1 915195.428373 0.007268 0.992732
10219 nad4 1 915195.428373 0.007994 0.992006
10220 nad4 1 916580.239550 0.008748 0.991252
10221 nad4 1 916580.239550 0.009474 0.990526
10222 nad4 1 916580.239550 0.010200 0.989800
10223 nad4 1 916815.154032 0.010927 0.989073
10224 nad4 1 916815.154032 0.011653 0.988347
10225 nad4 1 916815.154032 0.012379 0.987621
10226 nad4 1 916937.326017 0.013107 0.986893
10227 nad4 1 916937.326017 0.013833 0.986167
10228 nad4 1 916937.326017 0.014559 0.985441
10229 nad4 1 917496.761175 0.015285 0.984715
10230 nad4 1 917496.761175 0.016011 0.983989
10231 nad4 1 917496.761175 0.016737 0.983263
10232 nad4 1 918299.924962 0.017445 0.982555
10233 nad4 1 918299.924962 0.018171 0.981829
10234 nad4 1 918299.924962 0.018897 0.981103
10235 nad4 1 918804.291858 0.019613 0.980387
10236 nad4 1 918804.291858 0.020339 0.979661
10237 nad4 1 918804.291858 0.021065 0.978935
10238 nad4 1 919369.849581 0.021793 0.978207
10239 nad4 1 919369.849581 0.022519 0.977481
10240 nad4 1 919369.849581 0.023245 0.976755
10241 nad4 1 920120.873169 0.023976 0.976024
10242 nad4 1 920120.873169 0.024701 0.975299
10243 nad4 1 920120.873169 0.025427 0.974573
10244 nad4 1 920120.873169 0.026153 0.973847
10245 nad4 1 920120.873169 0.026879 0.973121
10246 nad4 1 920120.873169 0.027604 0.972396
10247 nad4 1 920309.935977 0.028332 0.971668
10248 nad4 1 920309.935977 0.029058 0.970942
10249 nad4 1 920309.935977 0.029784 0.970216
10250 nad4 1 922077.199195 0.030512 0.969488
10251 nad4 1 922077.199195 0.031237 0.968763
10252 nad4 1 922077.199195 0.031963 0.968037
10253 nad4 1 923773.310332 0.032689 0.967311
10254 nad4 1 923773.310332 0.033415 0.966585
10255 nad4 1 923773.310332 0.034141 0.965859
10256 nad4 1 923916.224329 0.034866 0.965134
10257 nad4 1 923916.224329 0.035592 0.964408
10258 nad4 1 923916.224329 0.036318 0.963682
10259 nad4 1 928934.568158 0.037050 0.962950
10260 nad4 1 928934.568158 0.037776 0.962224
10261 nad4 1 928934.568158 0.038501 0.961499
10262 nad4 1 931553.221509 0.039203 0.960797
10263 nad4 1 931553.221509 0.039929 0.960071
10264 nad4 1 931553.221509 0.040654 0.959346
10265 nad4 1 934465.253548 0.041379 0.958621
10266 nad4 1 934465.253548 0.042105 0.957895
10267 nad4 1 934465.253548 0.042830 0.957170
10268 nad4 1 936126.768843 0.043532 0.956468
10269 nad4 1 936126.768843 0.044258 0.955742
10270 nad4 1 936126.768843 0.044984 0.955016
10271 nad4 1 937105.357343 0.045685 0.954315
10272 nad4 1 937105.357343 0.046411 0.953589
10273 nad4 1 937105.357343 0.047137 0.952863
10274 nad4 1 938605.607207 0.047858 0.952142
10275 nad4 1 938605.607207 0.048584 0.951416
10276 nad4 1 938605.607207 0.049310 0.950690
10277 nad4 1 939891.821959 0.050004 0.949996
10278 nad4 1 939891.821959 0.050730 0.949270
10279 nad4 1 939891.821959 0.051456 0.948544
10280 nad4 1 940036.279237 0.052172 0.947828
10281 nad4 1 940036.279237 0.052898 0.947102
10282 nad4 1 940036.279237 0.053624 0.946376
10283 nad4 1 940216.513754 0.054345 0.945655
10284 nad4 1 940216.513754 0.055071 0.944929
10285 nad4 1 940216.513754 0.055797 0.944203
10286 nad4 1 940284.791121 0.056522 0.943478
10287 nad4 1 940284.791121 0.057248 0.942752
10288 nad4 1 940284.791121 0.057974 0.942026
10289 nad4 1 940513.505261 0.058693 0.941307
10290 nad4 1 940513.505261 0.059419 0.940581
10291 nad4 1 940513.505261 0.060145 0.939855
10292 nad4 1 940989.669345 0.060866 0.939134
10293 nad4 1 940989.669345 0.061592 0.938408
10294 nad4 1 940989.669345 0.062318 0.937682
10295 nad4 1 941807.638839 0.063026 0.936974
10296 nad4 1 941807.638839 0.063752 0.936248
10297 nad4 1 941807.638839 0.064478 0.935522
10298 nad4 1 942579.822380 0.065172 0.934828
10299 nad4 1 942579.822380 0.065898 0.934102
10300 nad4 1 942579.822380 0.066624 0.933376
10301 nad4 1 947138.094563 0.067231 0.932769
10302 nad4 1 947138.094563 0.067957 0.932043
10303 nad4 1 947138.094563 0.068683 0.931317
10304 nad4 1 948308.420176 0.069373 0.930627
10305 nad4 1 948308.420176 0.070099 0.929901
10306 nad4 1 948308.420176 0.070825 0.929175
10307 nad4 1 949079.372537 0.071531 0.928469
10308 nad4 1 949079.372537 0.072257 0.927743
10309 nad4 1 949079.372537 0.072983 0.927017
10310 nad4 1 949966.936813 0.073703 0.926297
10311 nad4 1 949966.936813 0.074429 0.925571
10312 nad4 1 949966.936813 0.075155 0.924845
10313 nad4 1 951191.376506 0.075862 0.924138
10314 nad4 1 951191.376506 0.076589 0.923411
10315 nad4 1 951191.376506 0.077315 0.922685
10316 nad4 1 951643.668015 0.078053 0.921947
10317 nad4 1 951643.668015 0.078779 0.921221
10318 nad4 1 951643.668015 0.079505 0.920495
10319 nad4 1 951834.720354 0.080226 0.919774
10320 nad4 1 951834.720354 0.080952 0.919048
10321 nad4 1 951834.720354 0.081678 0.918322
10322 nad4 1 952393.547134 0.082390 0.917610
10323 nad4 1 952393.547134 0.083116 0.916884
10324 nad4 1 952393.547134 0.083842 0.916158
10325 nad4 1 952579.838288 0.084569 0.915431
10326 nad4 1 952579.838288 0.085295 0.914705
10327 nad4 1 952579.838288 0.086021 0.913979
10328 nad4 1 953670.583030 0.086712 0.913288
10329 nad4 1 953670.583030 0.087438 0.912562
10330 nad4 1 953670.583030 0.088164 0.911836
10331 nad4 1 955025.493072 0.088869 0.911131
10332 nad4 1 955025.493072 0.089595 0.910405
10333 nad4 1 955025.493072 0.090321 0.909679
10334 nad4 1 957755.658273 0.091037 0.908963
10335 nad4 1 957755.658273 0.091763 0.908237
10336 nad4 1 957755.658273 0.092489 0.907511
10337 nad4 1 959102.237094 0.093209 0.906791
10338 nad4 1 959102.237094 0.093935 0.906065
10339 nad4 1 959102.237094 0.094661 0.905339
10340 nad4 1 960686.992518 0.095385 0.904615
10341 nad4 1 960686.992518 0.096112 0.903888
10342 nad4 1 960686.992518 0.096838 0.903162
10343 nad4 1 965003.680824 0.097499 0.902501
10344 nad4 1 965003.680824 0.098226 0.901774
10345 nad4 1 965003.680824 0.098952 0.901048
10346 nad4 1 970718.371145 0.099583 0.900417
10347 nad4 1 970718.371145 0.100309 0.899691
10348 nad4 1 970718.371145 0.101036 0.898964
10349 nad4 1 973138.387405 0.101704 0.898296
10350 nad4 1 973138.387405 0.102430 0.897570
10351 nad4 1 973138.387405 0.103157 0.896843
10352 nad4 1 976361.139519 0.103864 0.896136
10353 nad4 1 976361.139519 0.104591 0.895409
10354 nad4 1 976361.139519 0.105317 0.894683
10355 nad4 1 979817.870075 0.105955 0.894045
10356 nad4 1 979817.870075 0.106682 0.893318
10357 nad4 1 979817.870075 0.107408 0.892592
10358 nad4 1 995241.462566 0.107939 0.892061
10359 nad4 1 995241.462566 0.108665 0.891335
10360 nad4 1 995241.462566 0.109392 0.890608
10361 nad4 1 996659.996230 0.110057 0.889943
10362 nad4 1 996659.996230 0.110784 0.889216
10363 nad4 1 996659.996230 0.111511 0.888489
10364 nad4 1 1006480.173270 0.112122 0.887878
10365 nad4 1 1006480.173270 0.112849 0.887151
10366 nad4 1 1006480.173270 0.113576 0.886424
10367 nad4 1 1008808.491199 0.114403 0.885597
10368 nad4 1 1008808.491199 0.115129 0.884871
10369 nad4 1 1008808.491199 0.115856 0.884144
10370 nad4 1 1009890.260754 0.116560 0.883440
10371 nad4 1 1009890.260754 0.117287 0.882713
10372 nad4 1 1009890.260754 0.118013 0.881987
10373 nad4 1 1026870.903296 0.118686 0.881314
10374 nad4 1 1026870.903296 0.119413 0.880587
10375 nad4 1 1026870.903296 0.120140 0.879860
10376 nad4 1 1029436.934849 0.120801 0.879199
10377 nad4 1 1029436.934849 0.121528 0.878472
10378 nad4 1 1029436.934849 0.122255 0.877745
10379 nad4 1 1041170.997334 0.122961 0.877039
10380 nad4 1 1041170.997334 0.123688 0.876312
10381 nad4 1 1041170.997334 0.124415 0.875585
10382 nad4 1 1063714.619604 0.124825 0.875175
10383 nad4 1 1063714.619604 0.125552 0.874448
10384 nad4 1 1063714.619604 0.126280 0.873720
10385 nad4 1 1063891.648438 0.126992 0.873008
10386 nad4 1 1063891.648438 0.127719 0.872281
10387 nad4 1 1063891.648438 0.128446 0.871554
10388 nad4 1 1064224.906158 0.129145 0.870855
10389 nad4 1 1064224.906158 0.129872 0.870128
10390 nad4 1 1064224.906158 0.130599 0.869401
10391 nad4 1 1064224.906158 0.131327 0.868673
10392 nad4 1 1064224.906158 0.132054 0.867946
10393 nad4 1 1064224.906158 0.132781 0.867219
10394 nad4 1 1064227.605128 0.133509 0.866491
10395 nad4 1 1064227.605128 0.134236 0.865764
10396 nad4 1 1064227.605128 0.134964 0.865036
10397 nad4 1 1064294.110973 0.135674 0.864326
10398 nad4 1 1064294.110973 0.136402 0.863598
10399 nad4 1 1064294.110973 0.137129 0.862871
10400 nad4 1 1065296.689419 0.137781 0.862219
10401 nad4 1 1065296.689419 0.138509 0.861491
10402 nad4 1 1065296.689419 0.139236 0.860764
10403 nad4 1 1065366.298484 0.139964 0.860036
10404 nad4 1 1065366.298484 0.140692 0.859308
10405 nad4 1 1065366.298484 0.141419 0.858581
10406 nad4 1 1065574.741065 0.142142 0.857858
10407 nad4 1 1065574.741065 0.142869 0.857131
10408 nad4 1 1065574.741065 0.143597 0.856403
10409 nad4 1 1065659.603476 0.144322 0.855678
10410 nad4 1 1065659.603476 0.145049 0.854951
10411 nad4 1 1065659.603476 0.145776 0.854224
10412 nad4 1 1065961.237630 0.146474 0.853526
10413 nad4 1 1065961.237630 0.147201 0.852799
10414 nad4 1 1065961.237630 0.147929 0.852071
10415 nad4 1 1066120.481816 0.148653 0.851347
10416 nad4 1 1066120.481816 0.149381 0.850619
10417 nad4 1 1066120.481816 0.150108 0.849892
10418 nad4 1 1066948.919176 0.150824 0.849176
10419 nad4 1 1066948.919176 0.151551 0.848449
10420 nad4 1 1066948.919176 0.152279 0.847721
10421 nad4 1 1067110.961937 0.152969 0.847031
10422 nad4 1 1067110.961937 0.153697 0.846303
10423 nad4 1 1067110.961937 0.154424 0.845576
10424 nad4 1 1067110.961937 0.155152 0.844848
10425 nad4 1 1067110.961937 0.155879 0.844121
10426 nad4 1 1067110.961937 0.156607 0.843393
10427 nad4 1 1067110.961937 0.157334 0.842666
10428 nad4 1 1067110.961937 0.158062 0.841938
10429 nad4 1 1067110.961937 0.158789 0.841211
10430 nad4 1 1067348.334192 0.159505 0.840495
10431 nad4 1 1067348.334192 0.160232 0.839768
10432 nad4 1 1067348.334192 0.160960 0.839040
10433 nad4 1 1067816.592867 0.161681 0.838319
10434 nad4 1 1067816.592867 0.162408 0.837592
10435 nad4 1 1067816.592867 0.163136 0.836864
10436 nad4 1 1067950.540726 0.163855 0.836145
10437 nad4 1 1067950.540726 0.164583 0.835417
10438 nad4 1 1067950.540726 0.165310 0.834690
10439 nad4 1 1067950.540726 0.166038 0.833962
10440 nad4 1 1067950.540726 0.166765 0.833235
10441 nad4 1 1067950.540726 0.167493 0.832507
10442 nad4 1 1068064.318009 0.168220 0.831780
10443 nad4 1 1068064.318009 0.168948 0.831052
10444 nad4 1 1068064.318009 0.169675 0.830325
10445 nad4 1 1068083.816238 0.170397 0.829603
10446 nad4 1 1068083.816238 0.171125 0.828875
10447 nad4 1 1068083.816238 0.171853 0.828147
10448 nad4 1 1068097.965592 0.172577 0.827423
10449 nad4 1 1068097.965592 0.173305 0.826695
10450 nad4 1 1068097.965592 0.174033 0.825967
10451 nad4 1 1068097.965592 0.174760 0.825240
10452 nad4 1 1068097.965592 0.175488 0.824512
10453 nad4 1 1068097.965592 0.176215 0.823785
10454 nad4 1 1068127.457736 0.176933 0.823067
10455 nad4 1 1068127.457736 0.177660 0.822340
10456 nad4 1 1068127.457736 0.178388 0.821612
10457 nad4 1 1068267.522462 0.179110 0.820890
10458 nad4 1 1068267.522462 0.179838 0.820162
10459 nad4 1 1068267.522462 0.180565 0.819435
10460 nad4 1 1068410.577591 0.181279 0.818721
10461 nad4 1 1068410.577591 0.182006 0.817994
10462 nad4 1 1068410.577591 0.182734 0.817266
10463 nad4 1 1068567.545496 0.183459 0.816541
10464 nad4 1 1068567.545496 0.184186 0.815814
10465 nad4 1 1068567.545496 0.184914 0.815086
10466 nad4 1 1068772.572202 0.185633 0.814367
10467 nad4 1 1068772.572202 0.186361 0.813639
10468 nad4 1 1068772.572202 0.187089 0.812911
10469 nad4 1 1069561.428547 0.187774 0.812226
10470 nad4 1 1069561.428547 0.188502 0.811498
10471 nad4 1 1069561.428547 0.189229 0.810771
10472 nad4 1 1069858.020876 0.189932 0.810068
10473 nad4 1 1069858.020876 0.190660 0.809340
10474 nad4 1 1069858.020876 0.191388 0.808612
10475 nad4 1 1070502.112081 0.192072 0.807928
10476 nad4 1 1070502.112081 0.192800 0.807200
10477 nad4 1 1070502.112081 0.193528 0.806472
10478 nad4 1 1070868.035536 0.194217 0.805783
10479 nad4 1 1070868.035536 0.194945 0.805055
10480 nad4 1 1070868.035536 0.195673 0.804327
10481 nad4 1 1071335.673128 0.196385 0.803615
10482 nad4 1 1071335.673128 0.197113 0.802887
10483 nad4 1 1071335.673128 0.197840 0.802160
10484 nad4 1 1071634.388459 0.198568 0.801432
10485 nad4 1 1071634.388459 0.199296 0.800704
10486 nad4 1 1071634.388459 0.200024 0.799976
10487 nad4 1 1071689.291549 0.200750 0.799250
10488 nad4 1 1071689.291549 0.201478 0.798522
10489 nad4 1 1071689.291549 0.202205 0.797795
10490 nad4 1 1071912.460332 0.202899 0.797101
10491 nad4 1 1071912.460332 0.203627 0.796373
10492 nad4 1 1071912.460332 0.204355 0.795645
10493 nad4 1 1072140.419326 0.205073 0.794927
10494 nad4 1 1072140.419326 0.205801 0.794199
10495 nad4 1 1072140.419326 0.206529 0.793471
10496 nad4 1 1072647.698946 0.207210 0.792790
10497 nad4 1 1072647.698946 0.207938 0.792062
10498 nad4 1 1072647.698946 0.208666 0.791334
10499 nad4 1 1072885.032098 0.209342 0.790658
10500 nad4 1 1072885.032098 0.210070 0.789930
10501 nad4 1 1072885.032098 0.210798 0.789202
10502 nad4 1 1073402.288362 0.211502 0.788498
10503 nad4 1 1073402.288362 0.212230 0.787770
10504 nad4 1 1073402.288362 0.212958 0.787042
10505 nad4 1 1073527.675547 0.213684 0.786316
10506 nad4 1 1073527.675547 0.214412 0.785588
10507 nad4 1 1073527.675547 0.215140 0.784860
10508 nad4 1 1073825.793321 0.215839 0.784161
10509 nad4 1 1073825.793321 0.216567 0.783433
10510 nad4 1 1073825.793321 0.217295 0.782705
10511 nad4 1 1074180.284090 0.217986 0.782014
10512 nad4 1 1074180.284090 0.218715 0.781285
10513 nad4 1 1074180.284090 0.219443 0.780557
10514 nad4 1 1074232.573973 0.220170 0.779830
10515 nad4 1 1074232.573973 0.220899 0.779101
10516 nad4 1 1074232.573973 0.221627 0.778373
10517 nad4 1 1074597.729541 0.222293 0.777707
10518 nad4 1 1074597.729541 0.223021 0.776979
10519 nad4 1 1074597.729541 0.223749 0.776251
10520 nad4 1 1075046.755430 0.224416 0.775584
10521 nad4 1 1075046.755430 0.225145 0.774855
10522 nad4 1 1075046.755430 0.225873 0.774127
10523 nad4 1 1075946.816069 0.226509 0.773491
10524 nad4 1 1075946.816069 0.227238 0.772762
10525 nad4 1 1075946.816069 0.227966 0.772034
10526 nad4 1 1076928.282905 0.228572 0.771428
10527 nad4 1 1076928.282905 0.229301 0.770699
10528 nad4 1 1076928.282905 0.230029 0.769971
10529 nad4 1 1077577.019282 0.230701 0.769299
10530 nad4 1 1077577.019282 0.231430 0.768570
10531 nad4 1 1077577.019282 0.232158 0.767842
10532 nad4 1 1079503.235848 0.232825 0.767175
10533 nad4 1 1079503.235848 0.233554 0.766446
10534 nad4 1 1079503.235848 0.234283 0.765717
10535 nad4 1 1080806.692025 0.234877 0.765123
10536 nad4 1 1080806.692025 0.235606 0.764394
10537 nad4 1 1080806.692025 0.236335 0.763665
10538 nad4 1 1081009.444839 0.237058 0.762942
10539 nad4 1 1081009.444839 0.237786 0.762214
10540 nad4 1 1081009.444839 0.238515 0.761485
10541 nad4 1 1081417.058950 0.239224 0.760776
10542 nad4 1 1081417.058950 0.239953 0.760047
10543 nad4 1 1081417.058950 0.240682 0.759318
10544 nad4 1 1081806.167485 0.241380 0.758620
10545 nad4 1 1081806.167485 0.242109 0.757891
10546 nad4 1 1081806.167485 0.242838 0.757162
10547 nad4 1 1082182.033184 0.243546 0.756454
10548 nad4 1 1082182.033184 0.244275 0.755725
10549 nad4 1 1082182.033184 0.245004 0.754996
10550 nad4 1 1082216.238696 0.245730 0.754270
10551 nad4 1 1082216.238696 0.246459 0.753541
10552 nad4 1 1082216.238696 0.247188 0.752812
10553 nad4 1 1082641.359513 0.247899 0.752101
10554 nad4 1 1082641.359513 0.248628 0.751372
10555 nad4 1 1082641.359513 0.249357 0.750643
10556 nad4 1 1082641.359513 0.250086 0.749914
10557 nad4 1 1082641.359513 0.250815 0.749185
10558 nad4 1 1082641.359513 0.251544 0.748456
10559 nad4 1 1083659.744908 0.252243 0.747757
10560 nad4 1 1083659.744908 0.252972 0.747028
10561 nad4 1 1083659.744908 0.253701 0.746299
10562 nad4 1 1084992.766341 0.254441 0.745559
10563 nad4 1 1084992.766341 0.255170 0.744830
10564 nad4 1 1084992.766341 0.255899 0.744101
10565 nad4 1 1085069.320192 0.256619 0.743381
10566 nad4 1 1085069.320192 0.257348 0.742652
10567 nad4 1 1085069.320192 0.258077 0.741923
10568 nad4 1 1085135.244134 0.258799 0.741201
10569 nad4 1 1085135.244134 0.259528 0.740472
10570 nad4 1 1085135.244134 0.260257 0.739743
10571 nad4 1 1085135.244134 0.260986 0.739014
10572 nad4 1 1085135.244134 0.261715 0.738285
10573 nad4 1 1085135.244134 0.262444 0.737556
10574 nad4 1 1086912.980576 0.263267 0.736733
10575 nad4 1 1086912.980576 0.263996 0.736004
10576 nad4 1 1086912.980576 0.264724 0.735276
10577 nad4 1 1086912.980576 0.265453 0.734547
10578 nad4 1 1086912.980576 0.266182 0.733818
10579 nad4 1 1086912.980576 0.266911 0.733089
10580 nad4 1 1087184.614764 0.267634 0.732366
10581 nad4 1 1087184.614764 0.268363 0.731637
10582 nad4 1 1087184.614764 0.269092 0.730908
10583 nad4 1 1087245.712217 0.269787 0.730213
10584 nad4 1 1087245.712217 0.270516 0.729484
10585 nad4 1 1087245.712217 0.271245 0.728755
10586 nad4 1 1087358.437307 0.271972 0.728028
10587 nad4 1 1087358.437307 0.272701 0.727299
10588 nad4 1 1087358.437307 0.273430 0.726570
10589 nad4 1 1087522.463479 0.274154 0.725846
10590 nad4 1 1087522.463479 0.274882 0.725118
10591 nad4 1 1087522.463479 0.275611 0.724389
10592 nad4 1 1087522.463479 0.276340 0.723660
10593 nad4 1 1087522.463479 0.277069 0.722931
10594 nad4 1 1087522.463479 0.277798 0.722202
10595 nad4 1 1087522.463479 0.278527 0.721473
10596 nad4 1 1087522.463479 0.279256 0.720744
10597 nad4 1 1087522.463479 0.279985 0.720015
10598 nad4 1 1087629.880746 0.280709 0.719291
10599 nad4 1 1087629.880746 0.281438 0.718562
10600 nad4 1 1087629.880746 0.282167 0.717833
10601 nad4 1 1087629.880746 0.282896 0.717104
10602 nad4 1 1087629.880746 0.283625 0.716375
10603 nad4 1 1087629.880746 0.284354 0.715646
10604 nad4 1 1087629.880746 0.285083 0.714917
10605 nad4 1 1087629.880746 0.285812 0.714188
10606 nad4 1 1087629.880746 0.286540 0.713460
10607 nad4 1 1087629.880746 0.287269 0.712731
10608 nad4 1 1087629.880746 0.287998 0.712002
10609 nad4 1 1087629.880746 0.288727 0.711273
10610 nad4 1 1087629.880746 0.289456 0.710544
10611 nad4 1 1087629.880746 0.290185 0.709815
10612 nad4 1 1087629.880746 0.290914 0.709086
10613 nad4 1 1087698.032803 0.291632 0.708368
10614 nad4 1 1087698.032803 0.292361 0.707639
10615 nad4 1 1087698.032803 0.293090 0.706910
10616 nad4 1 1087698.032803 0.293819 0.706181
10617 nad4 1 1087698.032803 0.294548 0.705452
10618 nad4 1 1087698.032803 0.295277 0.704723
10619 nad4 1 1087698.032803 0.296006 0.703994
10620 nad4 1 1087698.032803 0.296735 0.703265
10621 nad4 1 1087698.032803 0.297464 0.702536
10622 nad4 1 1087698.032803 0.298193 0.701807
10623 nad4 1 1087698.032803 0.298921 0.701079
10624 nad4 1 1087698.032803 0.299650 0.700350
10625 nad4 1 1087698.032803 0.300379 0.699621
10626 nad4 1 1087698.032803 0.301108 0.698892
10627 nad4 1 1087698.032803 0.301837 0.698163
10628 nad4 1 1087732.989441 0.302557 0.697443
10629 nad4 1 1087732.989441 0.303286 0.696714
10630 nad4 1 1087732.989441 0.304015 0.695985
10631 nad4 1 1087775.765997 0.304738 0.695262
10632 nad4 1 1087775.765997 0.305467 0.694533
10633 nad4 1 1087775.765997 0.306196 0.693804
10634 nad4 1 1087775.765997 0.306925 0.693075
10635 nad4 1 1087775.765997 0.307654 0.692346
10636 nad4 1 1087775.765997 0.308383 0.691617
10637 nad4 1 1087775.765997 0.309112 0.690888
10638 nad4 1 1087775.765997 0.309841 0.690159
10639 nad4 1 1087775.765997 0.310570 0.689430
10640 nad4 1 1087775.765997 0.311299 0.688701
10641 nad4 1 1087775.765997 0.312028 0.687972
10642 nad4 1 1087775.765997 0.312757 0.687243
10643 nad4 1 1087775.765997 0.313486 0.686514
10644 nad4 1 1087775.765997 0.314215 0.685785
10645 nad4 1 1087775.765997 0.314944 0.685056
10646 nad4 1 1087775.765997 0.315673 0.684327
10647 nad4 1 1087775.765997 0.316402 0.683598
10648 nad4 1 1087775.765997 0.317130 0.682870
10649 nad4 1 1087775.765997 0.317859 0.682141
10650 nad4 1 1087775.765997 0.318588 0.681412
10651 nad4 1 1087775.765997 0.319317 0.680683
10652 nad4 1 1087775.765997 0.320046 0.679954
10653 nad4 1 1087775.765997 0.320775 0.679225
10654 nad4 1 1087775.765997 0.321504 0.678496
10655 nad4 1 1087775.765997 0.322233 0.677767
10656 nad4 1 1087775.765997 0.322962 0.677038
10657 nad4 1 1087775.765997 0.323691 0.676309
10658 nad4 1 1087775.765997 0.324420 0.675580
10659 nad4 1 1087775.765997 0.325149 0.674851
10660 nad4 1 1087775.765997 0.325878 0.674122
10661 nad4 1 1087775.765997 0.326607 0.673393
10662 nad4 1 1087775.765997 0.327336 0.672664
10663 nad4 1 1087775.765997 0.328065 0.671935
10664 nad4 1 1087775.765997 0.328794 0.671206
10665 nad4 1 1087775.765997 0.329523 0.670477
10666 nad4 1 1087775.765997 0.330252 0.669748
10667 nad4 1 1087775.765997 0.330981 0.669019
10668 nad4 1 1087775.765997 0.331710 0.668290
10669 nad4 1 1087775.765997 0.332439 0.667561
10670 nad4 1 1087775.765997 0.333168 0.666832
10671 nad4 1 1087775.765997 0.333897 0.666103
10672 nad4 1 1087775.765997 0.334626 0.665374
10673 nad4 1 1087775.765997 0.335355 0.664645
10674 nad4 1 1087775.765997 0.336084 0.663916
10675 nad4 1 1087775.765997 0.336813 0.663187
10676 nad4 1 1087761.298751 0.337551 0.662449
10677 nad4 1 1087761.298751 0.338280 0.661720
10678 nad4 1 1087761.298751 0.339009 0.660991
10679 nad4 1 1087761.298751 0.339738 0.660262
10680 nad4 1 1087761.298751 0.340467 0.659533
10681 nad4 1 1087761.298751 0.341196 0.658804
10682 nad4 1 1087761.298751 0.341925 0.658075
10683 nad4 1 1087761.298751 0.342654 0.657346
10684 nad4 1 1087761.298751 0.343383 0.656617
10685 nad4 1 1087761.298751 0.344112 0.655888
10686 nad4 1 1087761.298751 0.344841 0.655159
10687 nad4 1 1087761.298751 0.345570 0.654430
10688 nad4 1 1087761.298751 0.346299 0.653701
10689 nad4 1 1087761.298751 0.347028 0.652972
10690 nad4 1 1087761.298751 0.347757 0.652243
10691 nad4 1 1087761.298751 0.348486 0.651514
10692 nad4 1 1087761.298751 0.349215 0.650785
10693 nad4 1 1087761.298751 0.349944 0.650056
10694 nad4 1 1087761.298751 0.350673 0.649327
10695 nad4 1 1087761.298751 0.351402 0.648598
10696 nad4 1 1087761.298751 0.352131 0.647869
10697 nad4 1 1087761.298751 0.352860 0.647140
10698 nad4 1 1087761.298751 0.353589 0.646411
10699 nad4 1 1087761.298751 0.354318 0.645682
10700 nad4 1 1087761.298751 0.355047 0.644953
10701 nad4 1 1087761.298751 0.355776 0.644224
10702 nad4 1 1087761.298751 0.356505 0.643495
10703 nad4 1 1087761.298751 0.357234 0.642766
10704 nad4 1 1087761.298751 0.357963 0.642037
10705 nad4 1 1087761.298751 0.358692 0.641308
10706 nad4 1 1087761.298751 0.359421 0.640579
10707 nad4 1 1087761.298751 0.360150 0.639850
10708 nad4 1 1087761.298751 0.360879 0.639121
10709 nad4 1 1087761.298751 0.361608 0.638392
10710 nad4 1 1087761.298751 0.362337 0.637663
10711 nad4 1 1087761.298751 0.363066 0.636934
10712 nad4 1 1087761.298751 0.363795 0.636205
10713 nad4 1 1087761.298751 0.364524 0.635476
10714 nad4 1 1087761.298751 0.365253 0.634747
10715 nad4 1 1087761.298751 0.365982 0.634018
10716 nad4 1 1087761.298751 0.366711 0.633289
10717 nad4 1 1087761.298751 0.367440 0.632560
10718 nad4 1 1087761.298751 0.368169 0.631831
10719 nad4 1 1087761.298751 0.368898 0.631102
10720 nad4 1 1087761.298751 0.369627 0.630373
10721 nad4 1 1087761.298751 0.370356 0.629644
10722 nad4 1 1087761.298751 0.371085 0.628915
10723 nad4 1 1087761.298751 0.371814 0.628186
10724 nad4 1 1087761.298751 0.372543 0.627457
10725 nad4 1 1087761.298751 0.373272 0.626728
10726 nad4 1 1087761.298751 0.374001 0.625999
10727 nad4 1 1087761.298751 0.374730 0.625270
10728 nad4 1 1087761.298751 0.375459 0.624541
10729 nad4 1 1087761.298751 0.376188 0.623812
10730 nad4 1 1087761.298751 0.376916 0.623084
10731 nad4 1 1087761.298751 0.377645 0.622355
10732 nad4 1 1087761.298751 0.378374 0.621626
10733 nad4 1 1087761.298751 0.379103 0.620897
10734 nad4 1 1087761.298751 0.379832 0.620168
10735 nad4 1 1087761.298751 0.380561 0.619439
10736 nad4 1 1087761.298751 0.381290 0.618710
10737 nad4 1 1087761.298751 0.382019 0.617981
10738 nad4 1 1087761.298751 0.382748 0.617252
10739 nad4 1 1087761.298751 0.383477 0.616523
10740 nad4 1 1087761.298751 0.384206 0.615794
10741 nad4 1 1087761.298751 0.384935 0.615065
10742 nad4 1 1087761.298751 0.385664 0.614336
10743 nad4 1 1087761.298751 0.386393 0.613607
10744 nad4 1 1087761.298751 0.387122 0.612878
10745 nad4 1 1087761.298751 0.387851 0.612149
10746 nad4 1 1087761.298751 0.388580 0.611420
10747 nad4 1 1087761.298751 0.389309 0.610691
10748 nad4 1 1087761.298751 0.390038 0.609962
10749 nad4 1 1087761.298751 0.390767 0.609233
10750 nad4 1 1087761.298751 0.391496 0.608504
10751 nad4 1 1087761.298751 0.392225 0.607775
10752 nad4 1 1087761.298751 0.392954 0.607046
10753 nad4 1 1087761.298751 0.393683 0.606317
10754 nad4 1 1087761.298751 0.394412 0.605588
10755 nad4 1 1087761.298751 0.395141 0.604859
10756 nad4 1 1087761.298751 0.395870 0.604130
10757 nad4 1 1087761.298751 0.396599 0.603401
10758 nad4 1 1087761.298751 0.397328 0.602672
10759 nad4 1 1087761.298751 0.398057 0.601943
10760 nad4 1 1087761.298751 0.398786 0.601214
10761 nad4 1 1087761.298751 0.399515 0.600485
10762 nad4 1 1087761.298751 0.400244 0.599756
10763 nad4 1 1087761.298751 0.400973 0.599027
10764 nad4 1 1087761.298751 0.401702 0.598298
10765 nad4 1 1087761.298751 0.402431 0.597569
10766 nad4 1 1087761.298751 0.403160 0.596840
10767 nad4 1 1087761.298751 0.403889 0.596111
10768 nad4 1 1087761.298751 0.404618 0.595382
10769 nad4 1 1087761.298751 0.405347 0.594653
10770 nad4 1 1087761.298751 0.406076 0.593924
10771 nad4 1 1087761.298751 0.406805 0.593195
10772 nad4 1 1087761.298751 0.407534 0.592466
10773 nad4 1 1087761.298751 0.408263 0.591737
10774 nad4 1 1087761.298751 0.408992 0.591008
10775 nad4 1 1087761.298751 0.409721 0.590279
10776 nad4 1 1087761.298751 0.410450 0.589550
10777 nad4 1 1087761.298751 0.411179 0.588821
10778 nad4 1 1087761.298751 0.411908 0.588092
10779 nad4 1 1087761.298751 0.412637 0.587363
10780 nad4 1 1087761.298751 0.413366 0.586634
10781 nad4 1 1087761.298751 0.414095 0.585905
10782 nad4 1 1087761.298751 0.414824 0.585176
10783 nad4 1 1087761.298751 0.415553 0.584447
10784 nad4 1 1087761.298751 0.416282 0.583718
10785 nad4 1 1087761.298751 0.417011 0.582989
10786 nad4 1 1087761.298751 0.417740 0.582260
10787 nad4 1 1087761.298751 0.418469 0.581531
10788 nad4 1 1087761.298751 0.419198 0.580802
10789 nad4 1 1087761.298751 0.419927 0.580073
10790 nad4 1 1087761.298751 0.420656 0.579344
10791 nad4 1 1087761.298751 0.421385 0.578615
10792 nad4 1 1087761.298751 0.422114 0.577886
10793 nad4 1 1087761.298751 0.422843 0.577157
10794 nad4 1 1087761.298751 0.423572 0.576428
10795 nad4 1 1087761.298751 0.424301 0.575699
10796 nad4 1 1087761.298751 0.425030 0.574970
10797 nad4 1 1087761.298751 0.425759 0.574241
10798 nad4 1 1087761.298751 0.426488 0.573512
10799 nad4 1 1087761.298751 0.427217 0.572783
10800 nad4 1 1087761.298751 0.427946 0.572054
10801 nad4 1 1087761.298751 0.428675 0.571325
10802 nad4 1 1087761.298751 0.429404 0.570596
10803 nad4 1 1087761.298751 0.430133 0.569867
10804 nad4 1 1087761.298751 0.430862 0.569138
10805 nad4 1 1087788.318293 0.431595 0.568405
10806 nad4 1 1087788.318293 0.432324 0.567676
10807 nad4 1 1087788.318293 0.433053 0.566947
10808 nad4 1 1087840.142202 0.433780 0.566220
10809 nad4 1 1087840.142202 0.434509 0.565491
10810 nad4 1 1087840.142202 0.435238 0.564762
10811 nad4 1 1087899.137881 0.435922 0.564078
10812 nad4 1 1087899.137881 0.436651 0.563349
10813 nad4 1 1087899.137881 0.437380 0.562620
10814 nad4 1 1087941.931055 0.438059 0.561941
10815 nad4 1 1087941.931055 0.438788 0.561212
10816 nad4 1 1087941.931055 0.439518 0.560482
10817 nad4 1 1087941.931055 0.440247 0.559753
10818 nad4 1 1087941.931055 0.440976 0.559024
10819 nad4 1 1087941.931055 0.441705 0.558295
10820 nad4 1 1087941.931055 0.442434 0.557566
10821 nad4 1 1087941.931055 0.443163 0.556837
10822 nad4 1 1087941.931055 0.443892 0.556108
10823 nad4 1 1087991.360512 0.444619 0.555381
10824 nad4 1 1087991.360512 0.445348 0.554652
10825 nad4 1 1087991.360512 0.446078 0.553922
10826 nad4 1 1087991.360512 0.446807 0.553193
10827 nad4 1 1087991.360512 0.447536 0.552464
10828 nad4 1 1087991.360512 0.448265 0.551735
10829 nad4 1 1088016.864967 0.448993 0.551007
10830 nad4 1 1088016.864967 0.449722 0.550278
10831 nad4 1 1088016.864967 0.450451 0.549549
10832 nad4 1 1088016.864967 0.451180 0.548820
10833 nad4 1 1088016.864967 0.451909 0.548091
10834 nad4 1 1088016.864967 0.452638 0.547362
10835 nad4 1 1088016.864967 0.453367 0.546633
10836 nad4 1 1088016.864967 0.454097 0.545903
10837 nad4 1 1088016.864967 0.454826 0.545174
10838 nad4 1 1088016.864967 0.455555 0.544445
10839 nad4 1 1088016.864967 0.456284 0.543716
10840 nad4 1 1088016.864967 0.457013 0.542987
10841 nad4 1 1088016.864967 0.457742 0.542258
10842 nad4 1 1088016.864967 0.458471 0.541529
10843 nad4 1 1088016.864967 0.459200 0.540800
10844 nad4 1 1088027.831544 0.459923 0.540077
10845 nad4 1 1088027.831544 0.460652 0.539348
10846 nad4 1 1088027.831544 0.461381 0.538619
10847 nad4 1 1088027.831544 0.462111 0.537889
10848 nad4 1 1088027.831544 0.462840 0.537160
10849 nad4 1 1088027.831544 0.463569 0.536431
10850 nad4 1 1088035.720954 0.464331 0.535669
10851 nad4 1 1088035.720954 0.465060 0.534940
10852 nad4 1 1088035.720954 0.465790 0.534210
10853 nad4 1 1088035.720954 0.466519 0.533481
10854 nad4 1 1088035.720954 0.467248 0.532752
10855 nad4 1 1088035.720954 0.467977 0.532023
10856 nad4 1 1088035.720954 0.468706 0.531294
10857 nad4 1 1088035.720954 0.469435 0.530565
10858 nad4 1 1088035.720954 0.470164 0.529836
10859 nad4 1 1088035.720954 0.470894 0.529106
10860 nad4 1 1088035.720954 0.471623 0.528377
10861 nad4 1 1088035.720954 0.472352 0.527648
10862 nad4 1 1088035.720954 0.473081 0.526919
10863 nad4 1 1088035.720954 0.473810 0.526190
10864 nad4 1 1088035.720954 0.474539 0.525461
10865 nad4 1 1088035.720954 0.475268 0.524732
10866 nad4 1 1088035.720954 0.475998 0.524002
10867 nad4 1 1088035.720954 0.476727 0.523273
10868 nad4 1 1088035.720954 0.477456 0.522544
10869 nad4 1 1088035.720954 0.478185 0.521815
10870 nad4 1 1088035.720954 0.478914 0.521086
10871 nad4 1 1088035.720954 0.479643 0.520357
10872 nad4 1 1088035.720954 0.480372 0.519628
10873 nad4 1 1088035.720954 0.481102 0.518898
10874 nad4 1 1088035.720954 0.481831 0.518169
10875 nad4 1 1088035.720954 0.482560 0.517440
10876 nad4 1 1088035.720954 0.483289 0.516711
10877 nad4 1 1088035.720954 0.484018 0.515982
10878 nad4 1 1088035.720954 0.484747 0.515253
10879 nad4 1 1088035.720954 0.485476 0.514524
10880 nad4 1 1088035.720954 0.486206 0.513794
10881 nad4 1 1088035.720954 0.486935 0.513065
10882 nad4 1 1088035.720954 0.487664 0.512336
10883 nad4 1 1088035.720954 0.488393 0.511607
10884 nad4 1 1088035.720954 0.489122 0.510878
10885 nad4 1 1088035.720954 0.489851 0.510149
10886 nad4 1 1088035.720954 0.490580 0.509420
10887 nad4 1 1088035.720954 0.491310 0.508690
10888 nad4 1 1088035.720954 0.492039 0.507961
10889 nad4 1 1088035.720954 0.492768 0.507232
10890 nad4 1 1088035.720954 0.493497 0.506503
10891 nad4 1 1088035.720954 0.494226 0.505774
10892 nad4 1 1088065.480405 0.494967 0.505033
10893 nad4 1 1088065.480405 0.495696 0.504304
10894 nad4 1 1088065.480405 0.496425 0.503575
10895 nad4 1 1088065.480405 0.497155 0.502845
10896 nad4 1 1088065.480405 0.497884 0.502116
10897 nad4 1 1088065.480405 0.498613 0.501387
10898 nad4 1 1088065.480405 0.499342 0.500658
10899 nad4 1 1088065.480405 0.500071 0.499929
10900 nad4 1 1088065.480405 0.500800 0.499200
10901 nad4 1 1088065.480405 0.501529 0.498471
10902 nad4 1 1088065.480405 0.502258 0.497742
10903 nad4 1 1088065.480405 0.502988 0.497012
10904 nad4 1 1088065.480405 0.503717 0.496283
10905 nad4 1 1088065.480405 0.504446 0.495554
10906 nad4 1 1088065.480405 0.505175 0.494825
10907 nad4 1 1088065.480405 0.505904 0.494096
10908 nad4 1 1088065.480405 0.506633 0.493367
10909 nad4 1 1088065.480405 0.507362 0.492638
10910 nad4 1 1088065.480405 0.508091 0.491909
10911 nad4 1 1088065.480405 0.508821 0.491179
10912 nad4 1 1088065.480405 0.509550 0.490450
10913 nad4 1 1088065.480405 0.510279 0.489721
10914 nad4 1 1088065.480405 0.511008 0.488992
10915 nad4 1 1088065.480405 0.511737 0.488263
10916 nad4 1 1088065.480405 0.512466 0.487534
10917 nad4 1 1088065.480405 0.513195 0.486805
10918 nad4 1 1088065.480405 0.513924 0.486076
10919 nad4 1 1088061.019481 0.514657 0.485343
10920 nad4 1 1088061.019481 0.515386 0.484614
10921 nad4 1 1088061.019481 0.516115 0.483885
10922 nad4 1 1088061.019481 0.516844 0.483156
10923 nad4 1 1088061.019481 0.517573 0.482427
10924 nad4 1 1088061.019481 0.518302 0.481698
10925 nad4 1 1088061.019481 0.519031 0.480969
10926 nad4 1 1088061.019481 0.519761 0.480239
10927 nad4 1 1088061.019481 0.520490 0.479510
10928 nad4 1 1088061.019481 0.521219 0.478781
10929 nad4 1 1088061.019481 0.521948 0.478052
10930 nad4 1 1088061.019481 0.522677 0.477323
10931 nad4 1 1088061.019481 0.523406 0.476594
10932 nad4 1 1088061.019481 0.524135 0.475865
10933 nad4 1 1088061.019481 0.524864 0.475136
10934 nad4 1 1088061.019481 0.525594 0.474406
10935 nad4 1 1088061.019481 0.526323 0.473677
10936 nad4 1 1088061.019481 0.527052 0.472948
10937 nad4 1 1088061.019481 0.527781 0.472219
10938 nad4 1 1088061.019481 0.528510 0.471490
10939 nad4 1 1088061.019481 0.529239 0.470761
10940 nad4 1 1088061.019481 0.529968 0.470032
10941 nad4 1 1088061.019481 0.530697 0.469303
10942 nad4 1 1088061.019481 0.531426 0.468574
10943 nad4 1 1088061.019481 0.532156 0.467844
10944 nad4 1 1088061.019481 0.532885 0.467115
10945 nad4 1 1088061.019481 0.533614 0.466386
10946 nad4 1 1088061.019481 0.534343 0.465657
10947 nad4 1 1088061.019481 0.535072 0.464928
10948 nad4 1 1088061.019481 0.535801 0.464199
10949 nad4 1 1088061.019481 0.536530 0.463470
10950 nad4 1 1088061.019481 0.537259 0.462741
10951 nad4 1 1088061.019481 0.537989 0.462011
10952 nad4 1 1088061.019481 0.538718 0.461282
10953 nad4 1 1088061.019481 0.539447 0.460553
10954 nad4 1 1088061.019481 0.540176 0.459824
10955 nad4 1 1088061.019481 0.540905 0.459095
10956 nad4 1 1088061.019481 0.541634 0.458366
10957 nad4 1 1088061.019481 0.542363 0.457637
10958 nad4 1 1088061.019481 0.543092 0.456908
10959 nad4 1 1088061.019481 0.543822 0.456178
10960 nad4 1 1088061.019481 0.544551 0.455449
10961 nad4 1 1088061.019481 0.545280 0.454720
10962 nad4 1 1088061.019481 0.546009 0.453991
10963 nad4 1 1088061.019481 0.546738 0.453262
10964 nad4 1 1088061.019481 0.547467 0.452533
10965 nad4 1 1088061.019481 0.548196 0.451804
10966 nad4 1 1088061.019481 0.548925 0.451075
10967 nad4 1 1088061.019481 0.549655 0.450345
10968 nad4 1 1088061.019481 0.550384 0.449616
10969 nad4 1 1088061.019481 0.551113 0.448887
10970 nad4 1 1088061.019481 0.551842 0.448158
10971 nad4 1 1088061.019481 0.552571 0.447429
10972 nad4 1 1088061.019481 0.553300 0.446700
10973 nad4 1 1088061.019481 0.554029 0.445971
10974 nad4 1 1088061.019481 0.554758 0.445242
10975 nad4 1 1088061.019481 0.555487 0.444513
10976 nad4 1 1088061.019481 0.556217 0.443783
10977 nad4 1 1088061.019481 0.556946 0.443054
10978 nad4 1 1088061.019481 0.557675 0.442325
10979 nad4 1 1088061.019481 0.558404 0.441596
10980 nad4 1 1088061.019481 0.559133 0.440867
10981 nad4 1 1088061.019481 0.559862 0.440138
10982 nad4 1 1088061.019481 0.560591 0.439409
10983 nad4 1 1088061.019481 0.561320 0.438680
10984 nad4 1 1088061.019481 0.562050 0.437950
10985 nad4 1 1088061.019481 0.562779 0.437221
10986 nad4 1 1088061.019481 0.563508 0.436492
10987 nad4 1 1088061.019481 0.564237 0.435763
10988 nad4 1 1088061.019481 0.564966 0.435034
10989 nad4 1 1088061.019481 0.565695 0.434305
10990 nad4 1 1088061.019481 0.566424 0.433576
10991 nad4 1 1088138.581978 0.567153 0.432847
10992 nad4 1 1088138.581978 0.567882 0.432118
10993 nad4 1 1088138.581978 0.568611 0.431389
10994 nad4 1 1088138.581978 0.569340 0.430660
10995 nad4 1 1088138.581978 0.570070 0.429930
10996 nad4 1 1088138.581978 0.570799 0.429201
10997 nad4 1 1088138.581978 0.571528 0.428472
10998 nad4 1 1088138.581978 0.572257 0.427743
10999 nad4 1 1088138.581978 0.572986 0.427014
11000 nad4 1 1088138.581978 0.573715 0.426285
11001 nad4 1 1088138.581978 0.574444 0.425556
11002 nad4 1 1088138.581978 0.575173 0.424827
11003 nad4 1 1088138.581978 0.575903 0.424097
11004 nad4 1 1088138.581978 0.576632 0.423368
11005 nad4 1 1088138.581978 0.577361 0.422639
11006 nad4 1 1088138.581978 0.578090 0.421910
11007 nad4 1 1088138.581978 0.578819 0.421181
11008 nad4 1 1088138.581978 0.579548 0.420452
11009 nad4 1 1088138.581978 0.580277 0.419723
11010 nad4 1 1088138.581978 0.581006 0.418994
11011 nad4 1 1088138.581978 0.581736 0.418264
11012 nad4 1 1088138.581978 0.582465 0.417535
11013 nad4 1 1088138.581978 0.583194 0.416806
11014 nad4 1 1088138.581978 0.583923 0.416077
11015 nad4 1 1088138.581978 0.584652 0.415348
11016 nad4 1 1088138.581978 0.585381 0.414619
11017 nad4 1 1088138.581978 0.586110 0.413890
11018 nad4 1 1088138.581978 0.586839 0.413161
11019 nad4 1 1088138.581978 0.587568 0.412432
11020 nad4 1 1088138.581978 0.588298 0.411702
11021 nad4 1 1088138.581978 0.589027 0.410973
11022 nad4 1 1088138.581978 0.589756 0.410244
11023 nad4 1 1088138.581978 0.590485 0.409515
11024 nad4 1 1088138.581978 0.591214 0.408786
11025 nad4 1 1088138.581978 0.591943 0.408057
11026 nad4 1 1088138.581978 0.592672 0.407328
11027 nad4 1 1088041.047360 0.593352 0.406648
11028 nad4 1 1088041.047360 0.594081 0.405919
11029 nad4 1 1088041.047360 0.594810 0.405190
11030 nad4 1 1088041.047360 0.595539 0.404461
11031 nad4 1 1088041.047360 0.596268 0.403732
11032 nad4 1 1088041.047360 0.596997 0.403003
11033 nad4 1 1088041.047360 0.597726 0.402274
11034 nad4 1 1088041.047360 0.598455 0.401545
11035 nad4 1 1088041.047360 0.599184 0.400816
11036 nad4 1 1088041.047360 0.599913 0.400087
11037 nad4 1 1088041.047360 0.600642 0.399358
11038 nad4 1 1088041.047360 0.601372 0.398628
11039 nad4 1 1088041.047360 0.602101 0.397899
11040 nad4 1 1088041.047360 0.602830 0.397170
11041 nad4 1 1088041.047360 0.603559 0.396441
11042 nad4 1 1088041.047360 0.604288 0.395712
11043 nad4 1 1088041.047360 0.605017 0.394983
11044 nad4 1 1088041.047360 0.605746 0.394254
11045 nad4 1 1088041.047360 0.606475 0.393525
11046 nad4 1 1088041.047360 0.607204 0.392796
11047 nad4 1 1088041.047360 0.607933 0.392067
11048 nad4 1 1088041.047360 0.608662 0.391338
11049 nad4 1 1088041.047360 0.609391 0.390609
11050 nad4 1 1088041.047360 0.610120 0.389880
11051 nad4 1 1088041.047360 0.610849 0.389151
11052 nad4 1 1088041.047360 0.611578 0.388422
11053 nad4 1 1088041.047360 0.612307 0.387693
11054 nad4 1 1088041.047360 0.613036 0.386964
11055 nad4 1 1088041.047360 0.613766 0.386234
11056 nad4 1 1088041.047360 0.614495 0.385505
11057 nad4 1 1088041.047360 0.615224 0.384776
11058 nad4 1 1088041.047360 0.615953 0.384047
11059 nad4 1 1088041.047360 0.616682 0.383318
11060 nad4 1 1088041.047360 0.617411 0.382589
11061 nad4 1 1088041.047360 0.618140 0.381860
11062 nad4 1 1088041.047360 0.618869 0.381131
11063 nad4 1 1088041.047360 0.619598 0.380402
11064 nad4 1 1088041.047360 0.620327 0.379673
11065 nad4 1 1088041.047360 0.621056 0.378944
11066 nad4 1 1088041.047360 0.621785 0.378215
11067 nad4 1 1088041.047360 0.622514 0.377486
11068 nad4 1 1088041.047360 0.623243 0.376757
11069 nad4 1 1087951.193315 0.623974 0.376026
11070 nad4 1 1087951.193315 0.624703 0.375297
11071 nad4 1 1087951.193315 0.625432 0.374568
11072 nad4 1 1087951.193315 0.626161 0.373839
11073 nad4 1 1087951.193315 0.626891 0.373109
11074 nad4 1 1087951.193315 0.627620 0.372380
11075 nad4 1 1087951.193315 0.628349 0.371651
11076 nad4 1 1087951.193315 0.629078 0.370922
11077 nad4 1 1087951.193315 0.629807 0.370193
11078 nad4 1 1087951.193315 0.630536 0.369464
11079 nad4 1 1087951.193315 0.631265 0.368735
11080 nad4 1 1087951.193315 0.631994 0.368006
11081 nad4 1 1087951.193315 0.632723 0.367277
11082 nad4 1 1087951.193315 0.633452 0.366548
11083 nad4 1 1087951.193315 0.634181 0.365819
11084 nad4 1 1087951.193315 0.634910 0.365090
11085 nad4 1 1087951.193315 0.635639 0.364361
11086 nad4 1 1087951.193315 0.636368 0.363632
11087 nad4 1 1087951.193315 0.637097 0.362903
11088 nad4 1 1087951.193315 0.637826 0.362174
11089 nad4 1 1087951.193315 0.638556 0.361444
11090 nad4 1 1087951.193315 0.639285 0.360715
11091 nad4 1 1087951.193315 0.640014 0.359986
11092 nad4 1 1087951.193315 0.640743 0.359257
11093 nad4 1 1087951.193315 0.641472 0.358528
11094 nad4 1 1087951.193315 0.642201 0.357799
11095 nad4 1 1087951.193315 0.642930 0.357070
11096 nad4 1 1087951.193315 0.643659 0.356341
11097 nad4 1 1087951.193315 0.644388 0.355612
11098 nad4 1 1087951.193315 0.645117 0.354883
11099 nad4 1 1087951.193315 0.645846 0.354154
11100 nad4 1 1087951.193315 0.646575 0.353425
11101 nad4 1 1087951.193315 0.647304 0.352696
11102 nad4 1 1087951.193315 0.648033 0.351967
11103 nad4 1 1087951.193315 0.648762 0.351238
11104 nad4 1 1087951.193315 0.649491 0.350509
11105 nad4 1 1087951.193315 0.650221 0.349779
11106 nad4 1 1087951.193315 0.650950 0.349050
11107 nad4 1 1087951.193315 0.651679 0.348321
11108 nad4 1 1087951.193315 0.652408 0.347592
11109 nad4 1 1087951.193315 0.653137 0.346863
11110 nad4 1 1087951.193315 0.653866 0.346134
11111 nad4 1 1087951.193315 0.654595 0.345405
11112 nad4 1 1087951.193315 0.655324 0.344676
11113 nad4 1 1087951.193315 0.656053 0.343947
11114 nad4 1 1087951.193315 0.656782 0.343218
11115 nad4 1 1087951.193315 0.657511 0.342489
11116 nad4 1 1087951.193315 0.658240 0.341760
11117 nad4 1 1087951.193315 0.658969 0.341031
11118 nad4 1 1087951.193315 0.659698 0.340302
11119 nad4 1 1087951.193315 0.660427 0.339573
11120 nad4 1 1087951.193315 0.661157 0.338843
11121 nad4 1 1087951.193315 0.661886 0.338114
11122 nad4 1 1087951.193315 0.662615 0.337385
11123 nad4 1 1087951.193315 0.663344 0.336656
11124 nad4 1 1087951.193315 0.664073 0.335927
11125 nad4 1 1087951.193315 0.664802 0.335198
11126 nad4 1 1087951.193315 0.665531 0.334469
11127 nad4 1 1087951.193315 0.666260 0.333740
11128 nad4 1 1087951.193315 0.666989 0.333011
11129 nad4 1 1087951.193315 0.667718 0.332282
11130 nad4 1 1087951.193315 0.668447 0.331553
11131 nad4 1 1087951.193315 0.669176 0.330824
11132 nad4 1 1087951.193315 0.669905 0.330095
11133 nad4 1 1087951.193315 0.670634 0.329366
11134 nad4 1 1087951.193315 0.671363 0.328637
11135 nad4 1 1087951.193315 0.672092 0.327908
11136 nad4 1 1087951.193315 0.672822 0.327178
11137 nad4 1 1087951.193315 0.673551 0.326449
11138 nad4 1 1087951.193315 0.674280 0.325720
11139 nad4 1 1087951.193315 0.675009 0.324991
11140 nad4 1 1087951.193315 0.675738 0.324262
11141 nad4 1 1087951.193315 0.676467 0.323533
11142 nad4 1 1087951.193315 0.677196 0.322804
11143 nad4 1 1087951.193315 0.677925 0.322075
11144 nad4 1 1087951.193315 0.678654 0.321346
11145 nad4 1 1087951.193315 0.679383 0.320617
11146 nad4 1 1087951.193315 0.680112 0.319888
11147 nad4 1 1087951.193315 0.680841 0.319159
11148 nad4 1 1087951.193315 0.681570 0.318430
11149 nad4 1 1087951.193315 0.682299 0.317701
11150 nad4 1 1087951.193315 0.683028 0.316972
11151 nad4 1 1087951.193315 0.683758 0.316242
11152 nad4 1 1087951.193315 0.684487 0.315513
11153 nad4 1 1087951.193315 0.685216 0.314784
11154 nad4 1 1087951.193315 0.685945 0.314055
11155 nad4 1 1087951.193315 0.686674 0.313326
11156 nad4 1 1087951.193315 0.687403 0.312597
11157 nad4 1 1087951.193315 0.688132 0.311868
11158 nad4 1 1087951.193315 0.688861 0.311139
11159 nad4 1 1087951.193315 0.689590 0.310410
11160 nad4 1 1087951.193315 0.690319 0.309681
11161 nad4 1 1087951.193315 0.691048 0.308952
11162 nad4 1 1087951.193315 0.691777 0.308223
11163 nad4 1 1087951.193315 0.692506 0.307494
11164 nad4 1 1087951.193315 0.693235 0.306765
11165 nad4 1 1087893.072984 0.693965 0.306035
11166 nad4 1 1087893.072984 0.694694 0.305306
11167 nad4 1 1087893.072984 0.695423 0.304577
11168 nad4 1 1087893.072984 0.696152 0.303848
11169 nad4 1 1087893.072984 0.696881 0.303119
11170 nad4 1 1087893.072984 0.697610 0.302390
11171 nad4 1 1087893.072984 0.698339 0.301661
11172 nad4 1 1087893.072984 0.699068 0.300932
11173 nad4 1 1087893.072984 0.699798 0.300202
11174 nad4 1 1087893.072984 0.700527 0.299473
11175 nad4 1 1087893.072984 0.701256 0.298744
11176 nad4 1 1087893.072984 0.701985 0.298015
11177 nad4 1 1087893.072984 0.702714 0.297286
11178 nad4 1 1087893.072984 0.703443 0.296557
11179 nad4 1 1087893.072984 0.704172 0.295828
11180 nad4 1 1087893.072984 0.704901 0.295099
11181 nad4 1 1087893.072984 0.705630 0.294370
11182 nad4 1 1087893.072984 0.706359 0.293641
11183 nad4 1 1087893.072984 0.707088 0.292912
11184 nad4 1 1087893.072984 0.707817 0.292183
11185 nad4 1 1087893.072984 0.708546 0.291454
11186 nad4 1 1087893.072984 0.709275 0.290725
11187 nad4 1 1087893.072984 0.710004 0.289996
11188 nad4 1 1087893.072984 0.710734 0.289266
11189 nad4 1 1087859.565308 0.711452 0.288548
11190 nad4 1 1087859.565308 0.712181 0.287819
11191 nad4 1 1087859.565308 0.712910 0.287090
11192 nad4 1 1087859.565308 0.713639 0.286361
11193 nad4 1 1087859.565308 0.714368 0.285632
11194 nad4 1 1087859.565308 0.715098 0.284902
11195 nad4 1 1087859.565308 0.715827 0.284173
11196 nad4 1 1087859.565308 0.716556 0.283444
11197 nad4 1 1087859.565308 0.717285 0.282715
11198 nad4 1 1087859.565308 0.718014 0.281986
11199 nad4 1 1087859.565308 0.718743 0.281257
11200 nad4 1 1087859.565308 0.719472 0.280528
11201 nad4 1 1087859.565308 0.720201 0.279799
11202 nad4 1 1087859.565308 0.720930 0.279070
11203 nad4 1 1087859.565308 0.721659 0.278341
11204 nad4 1 1087851.675898 0.722354 0.277646
11205 nad4 1 1087851.675898 0.723083 0.276917
11206 nad4 1 1087851.675898 0.723812 0.276188
11207 nad4 1 1087851.675898 0.724541 0.275459
11208 nad4 1 1087851.675898 0.725270 0.274730
11209 nad4 1 1087851.675898 0.725999 0.274001
11210 nad4 1 1087797.202237 0.726697 0.273303
11211 nad4 1 1087797.202237 0.727426 0.272574
11212 nad4 1 1087797.202237 0.728155 0.271845
11213 nad4 1 1087797.202237 0.728884 0.271116
11214 nad4 1 1087797.202237 0.729613 0.270387
11215 nad4 1 1087797.202237 0.730342 0.269658
11216 nad4 1 1087797.202237 0.731071 0.268929
11217 nad4 1 1087797.202237 0.731800 0.268200
11218 nad4 1 1087797.202237 0.732529 0.267471
11219 nad4 1 1087797.202237 0.733258 0.266742
11220 nad4 1 1087797.202237 0.733987 0.266013
11221 nad4 1 1087797.202237 0.734716 0.265284
11222 nad4 1 1087797.202237 0.735445 0.264555
11223 nad4 1 1087797.202237 0.736174 0.263826
11224 nad4 1 1087797.202237 0.736903 0.263097
11225 nad4 1 1087797.202237 0.737632 0.262368
11226 nad4 1 1087797.202237 0.738361 0.261639
11227 nad4 1 1087797.202237 0.739090 0.260910
11228 nad4 1 1087653.559286 0.739829 0.260171
11229 nad4 1 1087653.559286 0.740558 0.259442
11230 nad4 1 1087653.559286 0.741287 0.258713
11231 nad4 1 1087647.178379 0.742017 0.257983
11232 nad4 1 1087647.178379 0.742746 0.257254
11233 nad4 1 1087647.178379 0.743475 0.256525
11234 nad4 1 1087597.768328 0.744224 0.255776
11235 nad4 1 1087597.768328 0.744953 0.255047
11236 nad4 1 1087597.768328 0.745682 0.254318
11237 nad4 1 1087597.768328 0.746410 0.253590
11238 nad4 1 1087597.768328 0.747139 0.252861
11239 nad4 1 1087597.768328 0.747868 0.252132
11240 nad4 1 1087597.768328 0.748597 0.251403
11241 nad4 1 1087597.768328 0.749326 0.250674
11242 nad4 1 1087597.768328 0.750055 0.249945
11243 nad4 1 1087597.768328 0.750784 0.249216
11244 nad4 1 1087597.768328 0.751513 0.248487
11245 nad4 1 1087597.768328 0.752242 0.247758
11246 nad4 1 1087551.502176 0.752972 0.247028
11247 nad4 1 1087551.502176 0.753701 0.246299
11248 nad4 1 1087551.502176 0.754430 0.245570
11249 nad4 1 1087446.836217 0.755161 0.244839
11250 nad4 1 1087446.836217 0.755890 0.244110
11251 nad4 1 1087446.836217 0.756619 0.243381
11252 nad4 1 1087424.693549 0.757345 0.242655
11253 nad4 1 1087424.693549 0.758074 0.241926
11254 nad4 1 1087424.693549 0.758803 0.241197
11255 nad4 1 1087424.693549 0.759532 0.240468
11256 nad4 1 1087424.693549 0.760261 0.239739
11257 nad4 1 1087424.693549 0.760989 0.239011
11258 nad4 1 1087424.693549 0.761718 0.238282
11259 nad4 1 1087424.693549 0.762447 0.237553
11260 nad4 1 1087424.693549 0.763176 0.236824
11261 nad4 1 1087424.693549 0.763905 0.236095
11262 nad4 1 1087424.693549 0.764634 0.235366
11263 nad4 1 1087424.693549 0.765363 0.234637
11264 nad4 1 1087424.693549 0.766092 0.233908
11265 nad4 1 1087424.693549 0.766821 0.233179
11266 nad4 1 1087424.693549 0.767550 0.232450
11267 nad4 1 1087424.693549 0.768279 0.231721
11268 nad4 1 1087424.693549 0.769008 0.230992
11269 nad4 1 1087424.693549 0.769736 0.230264
11270 nad4 1 1087424.693549 0.770465 0.229535
11271 nad4 1 1087424.693549 0.771194 0.228806
11272 nad4 1 1087424.693549 0.771923 0.228077
11273 nad4 1 1087424.693549 0.772652 0.227348
11274 nad4 1 1087424.693549 0.773381 0.226619
11275 nad4 1 1087424.693549 0.774110 0.225890
11276 nad4 1 1087424.693549 0.774839 0.225161
11277 nad4 1 1087424.693549 0.775568 0.224432
11278 nad4 1 1087424.693549 0.776297 0.223703
11279 nad4 1 1087424.693549 0.777026 0.222974
11280 nad4 1 1087424.693549 0.777755 0.222245
11281 nad4 1 1087424.693549 0.778484 0.221516
11282 nad4 1 1087424.693549 0.779212 0.220788
11283 nad4 1 1087424.693549 0.779941 0.220059
11284 nad4 1 1087424.693549 0.780670 0.219330
11285 nad4 1 1087424.693549 0.781399 0.218601
11286 nad4 1 1087424.693549 0.782128 0.217872
11287 nad4 1 1087424.693549 0.782857 0.217143
11288 nad4 1 1087424.693549 0.783586 0.216414
11289 nad4 1 1087424.693549 0.784315 0.215685
11290 nad4 1 1087424.693549 0.785044 0.214956
11291 nad4 1 1087424.693549 0.785773 0.214227
11292 nad4 1 1087424.693549 0.786502 0.213498
11293 nad4 1 1087424.693549 0.787231 0.212769
11294 nad4 1 1087424.693549 0.787959 0.212041
11295 nad4 1 1087424.693549 0.788688 0.211312
11296 nad4 1 1087424.693549 0.789417 0.210583
11297 nad4 1 1087424.693549 0.790146 0.209854
11298 nad4 1 1087424.693549 0.790875 0.209125
11299 nad4 1 1087424.693549 0.791604 0.208396
11300 nad4 1 1087424.693549 0.792333 0.207667
11301 nad4 1 1087424.693549 0.793062 0.206938
11302 nad4 1 1087424.693549 0.793791 0.206209
11303 nad4 1 1087424.693549 0.794520 0.205480
11304 nad4 1 1087424.693549 0.795249 0.204751
11305 nad4 1 1087424.693549 0.795978 0.204022
11306 nad4 1 1087424.693549 0.796706 0.203294
11307 nad4 1 1087424.693549 0.797435 0.202565
11308 nad4 1 1087424.693549 0.798164 0.201836
11309 nad4 1 1087424.693549 0.798893 0.201107
11310 nad4 1 1087424.693549 0.799622 0.200378
11311 nad4 1 1087424.693549 0.800351 0.199649
11312 nad4 1 1087366.742767 0.801082 0.198918
11313 nad4 1 1087366.742767 0.801811 0.198189
11314 nad4 1 1087366.742767 0.802539 0.197461
11315 nad4 1 1087366.742767 0.803268 0.196732
11316 nad4 1 1087366.742767 0.803997 0.196003
11317 nad4 1 1087366.742767 0.804726 0.195274
11318 nad4 1 1087366.742767 0.805455 0.194545
11319 nad4 1 1087366.742767 0.806184 0.193816
11320 nad4 1 1087366.742767 0.806913 0.193087
11321 nad4 1 1087289.558823 0.807642 0.192358
11322 nad4 1 1087289.558823 0.808371 0.191629
11323 nad4 1 1087289.558823 0.809100 0.190900
11324 nad4 1 1087289.558823 0.809829 0.190171
11325 nad4 1 1087289.558823 0.810558 0.189442
11326 nad4 1 1087289.558823 0.811287 0.188713
11327 nad4 1 1087289.558823 0.812016 0.187984
11328 nad4 1 1087289.558823 0.812745 0.187255
11329 nad4 1 1087289.558823 0.813474 0.186526
11330 nad4 1 1087289.558823 0.814202 0.185798
11331 nad4 1 1087289.558823 0.814931 0.185069
11332 nad4 1 1087289.558823 0.815660 0.184340
11333 nad4 1 1087289.558823 0.816389 0.183611
11334 nad4 1 1087289.558823 0.817118 0.182882
11335 nad4 1 1087289.558823 0.817847 0.182153
11336 nad4 1 1087207.912931 0.818556 0.181444
11337 nad4 1 1087207.912931 0.819285 0.180715
11338 nad4 1 1087207.912931 0.820014 0.179986
11339 nad4 1 1087207.912931 0.820743 0.179257
11340 nad4 1 1087207.912931 0.821472 0.178528
11341 nad4 1 1087207.912931 0.822201 0.177799
11342 nad4 1 1086988.621744 0.822929 0.177071
11343 nad4 1 1086988.621744 0.823657 0.176343
11344 nad4 1 1086988.621744 0.824386 0.175614
11345 nad4 1 1085314.076126 0.825088 0.174912
11346 nad4 1 1085314.076126 0.825817 0.174183
11347 nad4 1 1085314.076126 0.826545 0.173455
11348 nad4 1 1085197.771660 0.827274 0.172726
11349 nad4 1 1085197.771660 0.828003 0.171997
11350 nad4 1 1085197.771660 0.828731 0.171269
11351 nad4 1 1085161.215705 0.829459 0.170541
11352 nad4 1 1085161.215705 0.830188 0.169812
11353 nad4 1 1085161.215705 0.830916 0.169084
11354 nad4 1 1084901.334804 0.831629 0.168371
11355 nad4 1 1084901.334804 0.832358 0.167642
11356 nad4 1 1084901.334804 0.833086 0.166914
11357 nad4 1 1084864.954068 0.833813 0.166187
11358 nad4 1 1084864.954068 0.834541 0.165459
11359 nad4 1 1084864.954068 0.835270 0.164730
11360 nad4 1 1084550.682929 0.835979 0.164021
11361 nad4 1 1084550.682929 0.836707 0.163293
11362 nad4 1 1084550.682929 0.837436 0.162564
11363 nad4 1 1084062.989926 0.838145 0.161855
11364 nad4 1 1084062.989926 0.838873 0.161127
11365 nad4 1 1084062.989926 0.839602 0.160398
11366 nad4 1 1084062.989926 0.840330 0.159670
11367 nad4 1 1084062.989926 0.841058 0.158942
11368 nad4 1 1084062.989926 0.841787 0.158213
11369 nad4 1 1083825.469389 0.842495 0.157505
11370 nad4 1 1083825.469389 0.843223 0.156777
11371 nad4 1 1083825.469389 0.843951 0.156049
11372 nad4 1 1083699.579437 0.844677 0.155323
11373 nad4 1 1083699.579437 0.845405 0.154595
11374 nad4 1 1083699.579437 0.846134 0.153866
11375 nad4 1 1083440.231873 0.846860 0.153140
11376 nad4 1 1083440.231873 0.847588 0.152412
11377 nad4 1 1083440.231873 0.848316 0.151684
11378 nad4 1 1083370.137669 0.849031 0.150969
11379 nad4 1 1083370.137669 0.849759 0.150241
11380 nad4 1 1083370.137669 0.850487 0.149513
11381 nad4 1 1083343.514509 0.851212 0.148788
11382 nad4 1 1083343.514509 0.851940 0.148060
11383 nad4 1 1083343.514509 0.852668 0.147332
11384 nad4 1 1083343.514509 0.853396 0.146604
11385 nad4 1 1083343.514509 0.854124 0.145876
11386 nad4 1 1083343.514509 0.854853 0.145147
11387 nad4 1 1083343.514509 0.855581 0.144419
11388 nad4 1 1083343.514509 0.856309 0.143691
11389 nad4 1 1083343.514509 0.857037 0.142963
11390 nad4 1 1083301.475455 0.857765 0.142235
11391 nad4 1 1083301.475455 0.858493 0.141507
11392 nad4 1 1083301.475455 0.859221 0.140779
11393 nad4 1 1083254.431624 0.859947 0.140053
11394 nad4 1 1083254.431624 0.860675 0.139325
11395 nad4 1 1083254.431624 0.861404 0.138596
11396 nad4 1 1083116.476987 0.862113 0.137887
11397 nad4 1 1083116.476987 0.862841 0.137159
11398 nad4 1 1083116.476987 0.863570 0.136430
11399 nad4 1 1083116.476987 0.864298 0.135702
11400 nad4 1 1083116.476987 0.865026 0.134974
11401 nad4 1 1083116.476987 0.865754 0.134246
11402 nad4 1 1083089.457445 0.866479 0.133521
11403 nad4 1 1083089.457445 0.867208 0.132792
11404 nad4 1 1083089.457445 0.867936 0.132064
11405 nad4 1 1083089.457445 0.868664 0.131336
11406 nad4 1 1083089.457445 0.869392 0.130608
11407 nad4 1 1083089.457445 0.870120 0.129880
11408 nad4 1 1083089.457445 0.870848 0.129152
11409 nad4 1 1083089.457445 0.871576 0.128424
11410 nad4 1 1083089.457445 0.872305 0.127695
11411 nad4 1 1083043.284814 0.873032 0.126968
11412 nad4 1 1083043.284814 0.873760 0.126240
11413 nad4 1 1083043.284814 0.874488 0.125512
11414 nad4 1 1083043.284814 0.875216 0.124784
11415 nad4 1 1083043.284814 0.875944 0.124056
11416 nad4 1 1083043.284814 0.876673 0.123327
11417 nad4 1 1083043.284814 0.877401 0.122599
11418 nad4 1 1083043.284814 0.878129 0.121871
11419 nad4 1 1083043.284814 0.878857 0.121143
11420 nad4 1 1083043.284814 0.879585 0.120415
11421 nad4 1 1083043.284814 0.880313 0.119687
11422 nad4 1 1083043.284814 0.881041 0.118959
11423 nad4 1 1082971.694942 0.881765 0.118235
11424 nad4 1 1082971.694942 0.882493 0.117507
11425 nad4 1 1082971.694942 0.883221 0.116779
11426 nad4 1 1082917.400806 0.883948 0.116052
11427 nad4 1 1082917.400806 0.884677 0.115323
11428 nad4 1 1082917.400806 0.885405 0.114595
11429 nad4 1 1082885.775554 0.886136 0.113864
11430 nad4 1 1082885.775554 0.886864 0.113136
11431 nad4 1 1082885.775554 0.887592 0.112408
11432 nad4 1 1082544.073178 0.888323 0.111677
11433 nad4 1 1082544.073178 0.889051 0.110949
11434 nad4 1 1082544.073178 0.889779 0.110221
11435 nad4 1 1082506.524473 0.890508 0.109492
11436 nad4 1 1082506.524473 0.891236 0.108764
11437 nad4 1 1082506.524473 0.891964 0.108036
11438 nad4 1 1081726.589297 0.892689 0.107311
11439 nad4 1 1081726.589297 0.893417 0.106583
11440 nad4 1 1081726.589297 0.894145 0.105855
11441 nad4 1 1081536.787498 0.894866 0.105134
11442 nad4 1 1081536.787498 0.895594 0.104406
11443 nad4 1 1081536.787498 0.896323 0.103677
11444 nad4 1 1081421.821616 0.897045 0.102955
11445 nad4 1 1081421.821616 0.897773 0.102227
11446 nad4 1 1081421.821616 0.898501 0.101499
11447 nad4 1 1081421.821616 0.899229 0.100771
11448 nad4 1 1081421.821616 0.899958 0.100042
11449 nad4 1 1081421.821616 0.900686 0.099314
11450 nad4 1 1081406.000593 0.901412 0.098588
11451 nad4 1 1081406.000593 0.902140 0.097860
11452 nad4 1 1081406.000593 0.902868 0.097132
11453 nad4 1 1081278.165018 0.903593 0.096407
11454 nad4 1 1081278.165018 0.904321 0.095679
11455 nad4 1 1081278.165018 0.905049 0.094951
11456 nad4 1 1080888.474740 0.905776 0.094224
11457 nad4 1 1080888.474740 0.906504 0.093496
11458 nad4 1 1080888.474740 0.907232 0.092768
11459 nad4 1 1078328.799016 0.907943 0.092057
11460 nad4 1 1078328.799016 0.908671 0.091329
11461 nad4 1 1078328.799016 0.909399 0.090601
11462 nad4 1 1070287.571953 0.909989 0.090011
11463 nad4 1 1070287.571953 0.910717 0.089283
11464 nad4 1 1070287.571953 0.911444 0.088556
11465 nad4 1 1068699.289326 0.912164 0.087836
11466 nad4 1 1068699.289326 0.912891 0.087109
11467 nad4 1 1068699.289326 0.913619 0.086381
11468 nad4 1 1068569.782918 0.914354 0.085646
11469 nad4 1 1068569.782918 0.915081 0.084919
11470 nad4 1 1068569.782918 0.915808 0.084192
11471 nad4 1 1068114.643148 0.916530 0.083470
11472 nad4 1 1068114.643148 0.917257 0.082743
11473 nad4 1 1068114.643148 0.917984 0.082016
11474 nad4 1 1067803.865602 0.918710 0.081290
11475 nad4 1 1067803.865602 0.919437 0.080563
11476 nad4 1 1067803.865602 0.920165 0.079835
11477 nad4 1 1066335.509602 0.920919 0.079081
11478 nad4 1 1066335.509602 0.921647 0.078353
11479 nad4 1 1066335.509602 0.922374 0.077626
11480 nad4 1 1065499.751916 0.923085 0.076915
11481 nad4 1 1065499.751916 0.923813 0.076187
11482 nad4 1 1065499.751916 0.924540 0.075460
11483 nad4 1 1063707.267542 0.925229 0.074771
11484 nad4 1 1063707.267542 0.925957 0.074043
11485 nad4 1 1063707.267542 0.926684 0.073316
11486 nad4 1 1062972.087215 0.927397 0.072603
11487 nad4 1 1062972.087215 0.928124 0.071876
11488 nad4 1 1062972.087215 0.928851 0.071149
11489 nad4 1 1060735.546787 0.929626 0.070374
11490 nad4 1 1060735.546787 0.930353 0.069647
11491 nad4 1 1060735.546787 0.931081 0.068919
11492 nad4 1 1059031.276418 0.931786 0.068214
11493 nad4 1 1059031.276418 0.932513 0.067487
11494 nad4 1 1059031.276418 0.933240 0.066760
11495 nad4 1 1058705.217319 0.933954 0.066046
11496 nad4 1 1058705.217319 0.934682 0.065318
11497 nad4 1 1058705.217319 0.935409 0.064591
11498 nad4 1 1058675.107181 0.936135 0.063865
11499 nad4 1 1058675.107181 0.936862 0.063138
11500 nad4 1 1058675.107181 0.937589 0.062411
11501 nad4 1 1058474.930902 0.938313 0.061687
11502 nad4 1 1058474.930902 0.939040 0.060960
11503 nad4 1 1058474.930902 0.939768 0.060232
11504 nad4 1 1024909.999927 0.940510 0.059490
11505 nad4 1 1024909.999927 0.941238 0.058762
11506 nad4 1 1024909.999927 0.941965 0.058035
11507 nad4 1 989610.095387 0.942738 0.057262
11508 nad4 1 989610.095387 0.943466 0.056534
11509 nad4 1 989610.095387 0.944193 0.055807
11510 nad4 1 969191.661499 0.944923 0.055077
11511 nad4 1 969191.661499 0.945650 0.054350
11512 nad4 1 969191.661499 0.946378 0.053622
11513 nad4 1 968563.595836 0.947109 0.052891
11514 nad4 1 968563.595836 0.947836 0.052164
11515 nad4 1 968563.595836 0.948564 0.051436
11516 nad4 1 967890.810592 0.949293 0.050707
11517 nad4 1 967890.810592 0.950021 0.049979
11518 nad4 1 967890.810592 0.950748 0.049252
11519 nad4 1 951658.344250 0.951453 0.048547
11520 nad4 1 951658.344250 0.952180 0.047820
11521 nad4 1 951658.344250 0.952907 0.047093
11522 nad4 1 935946.951655 0.953619 0.046381
11523 nad4 1 935946.951655 0.954347 0.045653
11524 nad4 1 935946.951655 0.955074 0.044926
11525 nad4 1 935773.936182 0.955802 0.044198
11526 nad4 1 935773.936182 0.956529 0.043471
11527 nad4 1 935773.936182 0.957257 0.042743
11528 nad4 1 931653.297375 0.957980 0.042020
11529 nad4 1 931653.297375 0.958708 0.041292
11530 nad4 1 931653.297375 0.959435 0.040565
11531 nad4 1 930210.749859 0.960164 0.039836
11532 nad4 1 930210.749859 0.960892 0.039108
11533 nad4 1 930210.749859 0.961619 0.038381
11534 nad4 1 927665.694418 0.962247 0.037753
11535 nad4 1 927665.694418 0.962974 0.037026
11536 nad4 1 927665.694418 0.963701 0.036299
11537 nad4 1 922085.742643 0.964400 0.035600
11538 nad4 1 922085.742643 0.965127 0.034873
11539 nad4 1 922085.742643 0.965854 0.034146
11540 nad4 1 864280.769011 0.966398 0.033602
11541 nad4 1 864280.769011 0.967124 0.032876
11542 nad4 1 864280.769011 0.967851 0.032149
11543 nad4 1 862684.822144 0.968568 0.031432
11544 nad4 1 862684.822144 0.969295 0.030705
11545 nad4 1 862684.822144 0.970021 0.029979
11546 nad4 1 858473.742348 0.970797 0.029203
11547 nad4 1 858473.742348 0.971524 0.028476
11548 nad4 1 858473.742348 0.972250 0.027750
11549 nad4 1 831553.487539 0.973026 0.026974
11550 nad4 1 831553.487539 0.973752 0.026248
11551 nad4 1 831553.487539 0.974479 0.025521
11552 nad4 1 830040.952204 0.975258 0.024742
11553 nad4 1 830040.952204 0.975984 0.024016
11554 nad4 1 830040.952204 0.976711 0.023289
11555 nad4 1 829053.797259 0.977443 0.022557
11556 nad4 1 829053.797259 0.978169 0.021831
11557 nad4 1 829053.797259 0.978895 0.021105
11558 nad4 1 814436.359600 0.979480 0.020520
11559 nad4 1 814436.359600 0.980206 0.019794
11560 nad4 1 814436.359600 0.980931 0.019069
11561 nad4 1 809795.007518 0.981728 0.018272
11562 nad4 1 809795.007518 0.982454 0.017546
11563 nad4 1 809795.007518 0.983180 0.016820
11564 nad4 1 805354.345934 0.983857 0.016143
11565 nad4 1 805354.345934 0.984583 0.015417
11566 nad4 1 805354.345934 0.985309 0.014691
11567 nad4 1 801379.213315 0.986023 0.013977
11568 nad4 1 801379.213315 0.986749 0.013251
11569 nad4 1 801379.213315 0.987475 0.012525
11570 nad4 1 763544.505662 0.988009 0.011991
11571 nad4 1 763544.505662 0.988735 0.011265
11572 nad4 1 763544.505662 0.989460 0.010540
11573 nad4 1 716974.855909 0.989684 0.010316
11574 nad4 1 716974.855909 0.990410 0.009590
11575 nad4 1 716974.855909 0.991135 0.008865
11576 nad4 1 91682.396829 0.990388 0.009612
11577 nad4 1 91682.396829 0.991113 0.008887
11578 nad4 1 91682.396829 0.991838 0.008162
11579 nad4 1 65594.106682 0.991799 0.008201
11580 nad4 1 65594.106682 0.992524 0.007476
11581 nad4 1 65594.106682 0.993248 0.006752
11582 nad4 1 19499.955032 0.990490 0.009510
11583 nad4 1 19499.955032 0.991213 0.008787
11584 nad4 1 19499.955032 0.991936 0.008064
11585 nad4 1 6478.000409 0.989631 0.010369
11586 nad4 1 6478.000409 0.990354 0.009646
11587 nad4 1 6478.000409 0.991076 0.008924
11588 nad4 1 2776.313675 0.987221 0.012779
11589 nad4 1 2776.313675 0.987940 0.012060
11590 nad4 1 2776.313675 0.988660 0.011340
11591 nad4 1 2139.167353 0.986689 0.013311
11592 nad4 1 2139.167353 0.987406 0.012594
11593 nad4 1 2139.167353 0.988122 0.011878
11594 nad4 1 972.176149 0.982938 0.017062
11595 nad4 1 972.176149 0.983651 0.016349
11596 nad4 1 972.176149 0.984364 0.015636
11597 nad4 1 906.146961 0.983585 0.016415
11598 nad4 1 906.146961 0.984296 0.015704
11599 nad4 1 906.146961 0.985008 0.014992
11600 nad4 1 739.311450 0.982071 0.017929
11601 nad4 1 739.311450 0.982781 0.017219
11602 nad4 1 739.311450 0.983491 0.016509
11603 nad4 1 414.504965 0.977636 0.022364
11604 nad4 1 414.504965 0.978339 0.021661
11605 nad4 1 414.504965 0.979042 0.020958
11606 nad4 1 346.678151 0.973483 0.026517
11607 nad4 1 346.678151 0.974183 0.025817
11608 nad4 1 346.678151 0.974882 0.025118
11609 nad4 1 265.985647 0.971563 0.028437
11610 nad4 1 265.985647 0.972256 0.027744
11611 nad4 1 265.985647 0.972950 0.027050
11612 nad4 1 265.985647 0.973643 0.026357
11613 nad4 1 265.985647 0.974337 0.025663
11614 nad4 1 265.985647 0.975030 0.024970
11615 nad4 1 265.985647 0.975724 0.024276
11616 nad4 1 265.985647 0.976417 0.023583
11617 nad4 1 265.985647 0.977111 0.022889
11618 nad4 1 265.985647 0.977804 0.022196
11619 nad4 1 265.985647 0.978498 0.021502
11620 nad4 1 265.985647 0.979191 0.020809
11621 nad4 1 96.490797 0.987948 0.012052
11622 nad4 1 96.490797 0.988647 0.011353
11623 nad4 1 96.490797 0.989346 0.010654
11624 nad4 1 96.490797 0.990045 0.009955
11625 nad4 1 96.490797 0.990745 0.009255
11626 nad4 1 96.490797 0.991444 0.008556
11627 nad4 1 96.490797 0.992143 0.007857
11628 nad4 1 96.490797 0.992842 0.007158
11629 nad4 1 96.490797 0.993541 0.006459
11630 nad4 1 0.000000 0.000000 0.000000
11824 nad4 1 0.000000 0.000000 0.000000
11825 nad4 1 16.593501 0.006536 0.993464
11826 nad4 1 16.593501 0.007246 0.992754
11827 nad4 1 16.593501 0.007956 0.992044
11828 nad4 1 16.593501 0.008666 0.991334
11829 nad4 1 16.593501 0.009376 0.990624
11830 nad4 1 16.593501 0.010086 0.989914
11831 nad4 1 16.593501 0.010796 0.989204
11832 nad4 1 16.593501 0.011506 0.988494
11833 nad4 1 16.593501 0.012216 0.987784
11834 nad4 1 16.593501 0.012926 0.987074
11835 nad4 1 16.593501 0.013636 0.986364
11836 nad4 1 16.593501 0.014346 0.985654
11837 nad4 1 16.593501 0.015056 0.984944
11838 nad4 1 16.593501 0.015766 0.984234
11839 nad4 1 16.593501 0.016477 0.983523
11840 nad4 1 16.593501 0.017187 0.982813
11841 nad4 1 16.593501 0.017897 0.982103
11842 nad4 1 16.593501 0.018607 0.981393
11843 nad4 1 16.593501 0.019317 0.980683
11844 nad4 1 16.593501 0.020027 0.979973
11845 nad4 1 16.593501 0.020737 0.979263
11846 nad4 1 16.593501 0.021447 0.978553
11847 nad4 1 16.593501 0.022157 0.977843
11848 nad4 1 16.593501 0.022867 0.977133
11849 nad4 1 16.593501 0.023577 0.976423
11850 nad4 1 16.593501 0.024287 0.975713
11851 nad4 1 16.593501 0.024997 0.975003
11852 nad4 1 16.593501 0.025707 0.974293
11853 nad4 1 16.593501 0.026417 0.973583
11854 nad4 1 16.593501 0.027127 0.972873
11855 nad4 1 16.593501 0.027837 0.972163
11856 nad4 1 16.593501 0.028547 0.971453
11857 nad4 1 16.593501 0.029257 0.970743
11858 nad4 1 16.593501 0.029967 0.970033
11859 nad4 1 16.593501 0.030677 0.969323
11860 nad4 1 16.593501 0.031387 0.968613
11861 nad4 1 16.593501 0.032097 0.967903
11862 nad4 1 16.593501 0.032807 0.967193
11863 nad4 1 16.593501 0.033518 0.966482
11864 nad4 1 16.593501 0.034228 0.965772
11865 nad4 1 16.593501 0.034938 0.965062
11866 nad4 1 16.593501 0.035648 0.964352
11867 nad4 1 16.593501 0.036358 0.963642
11868 nad4 1 16.593501 0.037068 0.962932
11869 nad4 1 16.593501 0.037778 0.962222
11870 nad4 1 16.593501 0.038488 0.961512
11871 nad4 1 16.593501 0.039198 0.960802
11872 nad4 1 16.593501 0.039908 0.960092
11873 nad4 1 16.593501 0.040618 0.959382
11874 nad4 1 16.593501 0.041328 0.958672
11875 nad4 1 16.593501 0.042038 0.957962
11876 nad4 1 23.120744 0.045238 0.954762
11877 nad4 1 23.120744 0.045949 0.954051
11878 nad4 1 23.120744 0.046660 0.953340
11879 nad4 1 23.120744 0.047371 0.952629
11880 nad4 1 23.120744 0.048082 0.951918
11881 nad4 1 23.120744 0.048792 0.951208
11882 nad4 1 23.120744 0.049503 0.950497
11883 nad4 1 23.120744 0.050214 0.949786
11884 nad4 1 23.120744 0.050925 0.949075
11885 nad4 1 23.120744 0.051636 0.948364
11886 nad4 1 23.120744 0.052347 0.947653
11887 nad4 1 23.120744 0.053057 0.946943
11888 nad4 1 23.120744 0.053768 0.946232
11889 nad4 1 23.120744 0.054479 0.945521
11890 nad4 1 23.120744 0.055190 0.944810
11891 nad4 1 29.924845 0.054969 0.945031
11892 nad4 1 29.924845 0.055682 0.944318
11893 nad4 1 29.924845 0.056396 0.943604
11894 nad4 1 66.206041 0.055803 0.944197
11895 nad4 1 66.206041 0.056519 0.943481
11896 nad4 1 66.206041 0.057236 0.942764
11897 nad4 1 66.206041 0.057953 0.942047
11898 nad4 1 66.206041 0.058670 0.941330
11899 nad4 1 66.206041 0.059387 0.940613
11900 nad4 1 70.583827 0.058148 0.941852
11901 nad4 1 70.583827 0.058866 0.941134
11902 nad4 1 70.583827 0.059583 0.940417
11903 nad4 1 70.583827 0.060301 0.939699
11904 nad4 1 70.583827 0.061019 0.938981
11905 nad4 1 70.583827 0.061737 0.938263
11906 nad4 1 70.583827 0.062454 0.937546
11907 nad4 1 70.583827 0.063172 0.936828
11908 nad4 1 70.583827 0.063890 0.936110
11909 nad4 1 70.583827 0.064607 0.935393
11910 nad4 1 70.583827 0.065325 0.934675
11911 nad4 1 70.583827 0.066043 0.933957
11912 nad4 1 70.583827 0.066761 0.933239
11913 nad4 1 70.583827 0.067478 0.932522
11914 nad4 1 70.583827 0.068196 0.931804
11915 nad4 1 120.525312 0.039538 0.960462
11916 nad4 1 120.525312 0.040286 0.959714
11917 nad4 1 120.525312 0.041035 0.958965
11918 nad4 1 120.525312 0.041783 0.958217
11919 nad4 1 120.525312 0.042531 0.957469
11920 nad4 1 120.525312 0.043279 0.956721
11921 nad4 1 120.525312 0.044027 0.955973
11922 nad4 1 120.525312 0.044776 0.955224
11923 nad4 1 120.525312 0.045524 0.954476
11924 nad4 1 145.368589 0.042153 0.957847
11925 nad4 1 145.368589 0.042905 0.957095
11926 nad4 1 145.368589 0.043657 0.956343
11927 nad4 1 151.580421 0.045064 0.954936
11928 nad4 1 151.580421 0.045816 0.954184
11929 nad4 1 151.580421 0.046567 0.953433
11930 nad4 1 186.261502 0.046404 0.953596
11931 nad4 1 186.261502 0.047154 0.952846
11932 nad4 1 186.261502 0.047904 0.952096
11933 nad4 1 199.963355 0.051749 0.948251
11934 nad4 1 199.963355 0.052497 0.947503
11935 nad4 1 199.963355 0.053245 0.946755
11936 nad4 1 227.056365 0.058419 0.941581
11937 nad4 1 227.056365 0.059162 0.940838
11938 nad4 1 227.056365 0.059905 0.940095
11939 nad4 1 242.391726 0.055546 0.944454
11940 nad4 1 242.391726 0.056295 0.943705
11941 nad4 1 242.391726 0.057043 0.942957
11942 nad4 1 251.877178 0.058559 0.941441
11943 nad4 1 251.877178 0.059307 0.940693
11944 nad4 1 251.877178 0.060055 0.939945
11945 nad4 1 269.117869 0.060392 0.939608
11946 nad4 1 269.117869 0.061140 0.938860
11947 nad4 1 269.117869 0.061888 0.938112
11948 nad4 1 280.253358 0.063520 0.936480
11949 nad4 1 280.253358 0.064267 0.935733
11950 nad4 1 280.253358 0.065014 0.934986
11951 nad4 1 372.298425 0.072845 0.927155
11952 nad4 1 372.298425 0.073583 0.926417
11953 nad4 1 372.298425 0.074321 0.925679
11954 nad4 1 458.904782 0.079910 0.920090
11955 nad4 1 458.904782 0.080642 0.919358
11956 nad4 1 458.904782 0.081374 0.918626
11957 nad4 1 470.442384 0.082643 0.917357
11958 nad4 1 470.442384 0.083374 0.916626
11959 nad4 1 470.442384 0.084105 0.915895
11960 nad4 1 470.442384 0.084836 0.915164
11961 nad4 1 470.442384 0.085567 0.914433
11962 nad4 1 470.442384 0.086298 0.913702
11963 nad4 1 483.168990 0.084380 0.915620
11964 nad4 1 483.168990 0.085114 0.914886
11965 nad4 1 483.168990 0.085849 0.914151
11966 nad4 1 489.646546 0.086322 0.913678
11967 nad4 1 489.646546 0.087057 0.912943
11968 nad4 1 489.646546 0.087792 0.912208
11969 nad4 1 508.982732 0.089091 0.910909
11970 nad4 1 508.982732 0.089825 0.910175
11971 nad4 1 508.982732 0.090560 0.909440
11972 nad4 1 533.276002 0.090829 0.909171
11973 nad4 1 533.276002 0.091564 0.908436
11974 nad4 1 533.276002 0.092299 0.907701
11975 nad4 1 576.339626 0.094322 0.905678
11976 nad4 1 576.339626 0.095056 0.904944
11977 nad4 1 576.339626 0.095789 0.904211
11978 nad4 1 594.054240 0.096576 0.903424
11979 nad4 1 594.054240 0.097310 0.902690
11980 nad4 1 594.054240 0.098043 0.901957
11981 nad4 1 741.646109 0.099036 0.900964
11982 nad4 1 741.646109 0.099770 0.900230
11983 nad4 1 741.646109 0.100503 0.899497
11984 nad4 1 835.130156 0.096674 0.903326
11985 nad4 1 835.130156 0.097413 0.902587
11986 nad4 1 835.130156 0.098153 0.901847
11987 nad4 1 1053.603779 0.096307 0.903693
11988 nad4 1 1053.603779 0.097050 0.902950
11989 nad4 1 1053.603779 0.097792 0.902208
11990 nad4 1 1060.147413 0.098438 0.901562
11991 nad4 1 1060.147413 0.099180 0.900820
11992 nad4 1 1060.147413 0.099923 0.900077
11993 nad4 1 1137.668342 0.100320 0.899680
11994 nad4 1 1137.668342 0.101063 0.898937
11995 nad4 1 1137.668342 0.101806 0.898194
11996 nad4 1 2024.125660 0.099535 0.900465
11997 nad4 1 2024.125660 0.100280 0.899720
11998 nad4 1 2024.125660 0.101025 0.898975
11999 nad4 1 2066.373753 0.102217 0.897783
12000 nad4 1 2066.373753 0.102962 0.897038
12001 nad4 1 2066.373753 0.103706 0.896294
12002 nad4 1 2152.187588 0.104508 0.895492
12003 nad4 1 2152.187588 0.105252 0.894748
12004 nad4 1 2152.187588 0.105996 0.894004
12005 nad4 1 2236.748408 0.106365 0.893635
12006 nad4 1 2236.748408 0.107110 0.892890
12007 nad4 1 2236.748408 0.107854 0.892146
12008 nad4 1 2408.102734 0.108226 0.891774
12009 nad4 1 2408.102734 0.108971 0.891029
12010 nad4 1 2408.102734 0.109716 0.890284
12011 nad4 1 5428.610626 0.108561 0.891439
12012 nad4 1 5428.610626 0.109304 0.890696
12013 nad4 1 5428.610626 0.110047 0.889953
12014 nad4 1 5497.263838 0.110649 0.889351
12015 nad4 1 5497.263838 0.111392 0.888608
12016 nad4 1 5497.263838 0.112135 0.887865
12017 nad4 1 5591.907629 0.112845 0.887155
12018 nad4 1 5591.907629 0.113588 0.886412
12019 nad4 1 5591.907629 0.114331 0.885669
12020 nad4 1 6199.705192 0.118076 0.881924
12021 nad4 1 6199.705192 0.118817 0.881183
12022 nad4 1 6199.705192 0.119558 0.880442
12023 nad4 1 6226.715040 0.120245 0.879755
12024 nad4 1 6226.715040 0.120986 0.879014
12025 nad4 1 6226.715040 0.121726 0.878274
12026 nad4 1 6283.638653 0.122200 0.877800
12027 nad4 1 6283.638653 0.122941 0.877059
12028 nad4 1 6283.638653 0.123682 0.876318
12029 nad4 1 6286.839313 0.124405 0.875595
12030 nad4 1 6286.839313 0.125147 0.874853
12031 nad4 1 6286.839313 0.125888 0.874112
12032 nad4 1 6286.839313 0.126629 0.873371
12033 nad4 1 6286.839313 0.127370 0.872630
12034 nad4 1 6286.839313 0.128111 0.871889
12035 nad4 1 6326.368895 0.128876 0.871124
12036 nad4 1 6326.368895 0.129617 0.870383
12037 nad4 1 6326.368895 0.130358 0.869642
12038 nad4 1 6339.968185 0.131172 0.868828
12039 nad4 1 6339.968185 0.131913 0.868087
12040 nad4 1 6339.968185 0.132654 0.867346
12041 nad4 1 6342.968185 0.133359 0.866641
12042 nad4 1 6342.968185 0.134101 0.865899
12043 nad4 1 6342.968185 0.134842 0.865158
12044 nad4 1 6342.968185 0.135583 0.864417
12045 nad4 1 6342.968185 0.136324 0.863676
12046 nad4 1 6342.968185 0.137065 0.862935
12047 nad4 1 6375.540872 0.137779 0.862221
12048 nad4 1 6375.540872 0.138520 0.861480
12049 nad4 1 6375.540872 0.139261 0.860739
12050 nad4 1 6419.574658 0.140162 0.859838
12051 nad4 1 6419.574658 0.140903 0.859097
12052 nad4 1 6419.574658 0.141644 0.858356
12053 nad4 1 6523.553679 0.142636 0.857364
12054 nad4 1 6523.553679 0.143377 0.856623
12055 nad4 1 6523.553679 0.144118 0.855882
12056 nad4 1 6523.553679 0.144859 0.855141
12057 nad4 1 6523.553679 0.145600 0.854400
12058 nad4 1 6523.553679 0.146341 0.853659
12059 nad4 1 6526.252649 0.147175 0.852825
12060 nad4 1 6526.252649 0.147916 0.852084
12061 nad4 1 6526.252649 0.148657 0.851343
12062 nad4 1 6530.885293 0.149425 0.850575
12063 nad4 1 6530.885293 0.150165 0.849835
12064 nad4 1 6530.885293 0.150906 0.849094
12065 nad4 1 6530.885293 0.151647 0.848353
12066 nad4 1 6530.885293 0.152388 0.847612
12067 nad4 1 6530.885293 0.153128 0.846872
12068 nad4 1 6540.139555 0.153792 0.846208
12069 nad4 1 6540.139555 0.154533 0.845467
12070 nad4 1 6540.139555 0.155274 0.844726
12071 nad4 1 6543.781620 0.156028 0.843972
12072 nad4 1 6543.781620 0.156768 0.843232
12073 nad4 1 6543.781620 0.157509 0.842491
12074 nad4 1 6543.781620 0.158250 0.841750
12075 nad4 1 6543.781620 0.158991 0.841009
12076 nad4 1 6543.781620 0.159732 0.840268
12077 nad4 1 6552.224389 0.160395 0.839605
12078 nad4 1 6552.224389 0.161136 0.838864
12079 nad4 1 6552.224389 0.161877 0.838123
12080 nad4 1 6568.652308 0.162574 0.837426
12081 nad4 1 6568.652308 0.163315 0.836685
12082 nad4 1 6568.652308 0.164057 0.835943
12083 nad4 1 6568.652308 0.164798 0.835202
12084 nad4 1 6568.652308 0.165539 0.834461
12085 nad4 1 6568.652308 0.166280 0.833720
12086 nad4 1 6572.763007 0.167022 0.832978
12087 nad4 1 6572.763007 0.167763 0.832237
12088 nad4 1 6572.763007 0.168504 0.831496
12089 nad4 1 6577.234090 0.169243 0.830757
12090 nad4 1 6577.234090 0.169984 0.830016
12091 nad4 1 6577.234090 0.170725 0.829275
12092 nad4 1 6859.144556 0.171555 0.828445
12093 nad4 1 6859.144556 0.172297 0.827703
12094 nad4 1 6859.144556 0.173038 0.826962
12095 nad4 1 6859.144556 0.173780 0.826220
12096 nad4 1 6859.144556 0.174522 0.825478
12097 nad4 1 6859.144556 0.175264 0.824736
12098 nad4 1 6859.144556 0.176005 0.823995
12099 nad4 1 6859.144556 0.176747 0.823253
12100 nad4 1 6859.144556 0.177489 0.822511
12101 nad4 1 7374.020826 0.178148 0.821852
12102 nad4 1 7374.020826 0.178890 0.821110
12103 nad4 1 7374.020826 0.179632 0.820368
12104 nad4 1 7890.665357 0.180394 0.819606
12105 nad4 1 7890.665357 0.181137 0.818863
12106 nad4 1 7890.665357 0.181879 0.818121
12107 nad4 1 10618.915023 0.183431 0.816569
12108 nad4 1 10618.915023 0.184173 0.815827
12109 nad4 1 10618.915023 0.184915 0.815085
12110 nad4 1 11388.077214 0.185529 0.814471
12111 nad4 1 11388.077214 0.186272 0.813728
12112 nad4 1 11388.077214 0.187014 0.812986
12113 nad4 1 11638.217660 0.187635 0.812365
12114 nad4 1 11638.217660 0.188377 0.811623
12115 nad4 1 11638.217660 0.189120 0.810880
12116 nad4 1 11796.033680 0.189583 0.810417
12117 nad4 1 11796.033680 0.190325 0.809675
12118 nad4 1 11796.033680 0.191068 0.808932
12119 nad4 1 17021.983319 0.192682 0.807318
12120 nad4 1 17021.983319 0.193423 0.806577
12121 nad4 1 17021.983319 0.194165 0.805835
12122 nad4 1 17559.387779 0.194828 0.805172
12123 nad4 1 17559.387779 0.195569 0.804431
12124 nad4 1 17559.387779 0.196311 0.803689
12125 nad4 1 22030.667342 0.197309 0.802691
12126 nad4 1 22030.667342 0.198050 0.801950
12127 nad4 1 22030.667342 0.198791 0.801209
12128 nad4 1 22370.815187 0.199365 0.800635
12129 nad4 1 22370.815187 0.200106 0.799894
12130 nad4 1 22370.815187 0.200848 0.799152
12131 nad4 1 23578.281257 0.201737 0.798263
12132 nad4 1 23578.281257 0.202478 0.797522
12133 nad4 1 23578.281257 0.203219 0.796781
12134 nad4 1 23661.369202 0.203948 0.796052
12135 nad4 1 23661.369202 0.204689 0.795311
12136 nad4 1 23661.369202 0.205430 0.794570
12137 nad4 1 23741.285514 0.206110 0.793890
12138 nad4 1 23741.285514 0.206852 0.793148
12139 nad4 1 23741.285514 0.207593 0.792407
12140 nad4 1 23827.433605 0.208271 0.791729
12141 nad4 1 23827.433605 0.209012 0.790988
12142 nad4 1 23827.433605 0.209754 0.790246
12143 nad4 1 24050.270626 0.210504 0.789496
12144 nad4 1 24050.270626 0.211245 0.788755
12145 nad4 1 24050.270626 0.211987 0.788013
12146 nad4 1 24197.609152 0.212719 0.787281
12147 nad4 1 24197.609152 0.213460 0.786540
12148 nad4 1 24197.609152 0.214202 0.785798
12149 nad4 1 24246.175554 0.214919 0.785081
12150 nad4 1 24246.175554 0.215661 0.784339
12151 nad4 1 24246.175554 0.216402 0.783598
12152 nad4 1 24294.020371 0.217113 0.782887
12153 nad4 1 24294.020371 0.217854 0.782146
12154 nad4 1 24294.020371 0.218596 0.781404
12155 nad4 1 24380.876248 0.219282 0.780718
12156 nad4 1 24380.876248 0.220024 0.779976
12157 nad4 1 24380.876248 0.220765 0.779235
12158 nad4 1 25031.137997 0.221448 0.778552
12159 nad4 1 25031.137997 0.222190 0.777810
12160 nad4 1 25031.137997 0.222932 0.777068
12161 nad4 1 25220.339397 0.223693 0.776307
12162 nad4 1 25220.339397 0.224435 0.775565
12163 nad4 1 25220.339397 0.225177 0.774823
12164 nad4 1 25711.272065 0.225996 0.774004
12165 nad4 1 25711.272065 0.226738 0.773262
12166 nad4 1 25711.272065 0.227480 0.772520
12167 nad4 1 25738.376709 0.228214 0.771786
12168 nad4 1 25738.376709 0.228956 0.771044
12169 nad4 1 25738.376709 0.229698 0.770302
12170 nad4 1 25764.059302 0.230436 0.769564
12171 nad4 1 25764.059302 0.231178 0.768822
12172 nad4 1 25764.059302 0.231920 0.768080
12173 nad4 1 25764.059302 0.232662 0.767338
12174 nad4 1 25764.059302 0.233404 0.766596
12175 nad4 1 25764.059302 0.234146 0.765854
12176 nad4 1 25890.016593 0.234912 0.765088
12177 nad4 1 25890.016593 0.235654 0.764346
12178 nad4 1 25890.016593 0.236396 0.763604
12179 nad4 1 28294.427787 0.237167 0.762833
12180 nad4 1 28294.427787 0.237909 0.762091
12181 nad4 1 28294.427787 0.238651 0.761349
12182 nad4 1 28763.506447 0.239366 0.760634
12183 nad4 1 28763.506447 0.240108 0.759892
12184 nad4 1 28763.506447 0.240850 0.759150
12185 nad4 1 28808.281896 0.241568 0.758432
12186 nad4 1 28808.281896 0.242310 0.757690
12187 nad4 1 28808.281896 0.243052 0.756948
12188 nad4 1 29132.430361 0.243782 0.756218
12189 nad4 1 29132.430361 0.244524 0.755476
12190 nad4 1 29132.430361 0.245266 0.754734
12191 nad4 1 29135.651486 0.246007 0.753993
12192 nad4 1 29135.651486 0.246749 0.753251
12193 nad4 1 29135.651486 0.247491 0.752509
12194 nad4 1 29137.952516 0.248233 0.751767
12195 nad4 1 29137.952516 0.248975 0.751025
12196 nad4 1 29137.952516 0.249717 0.750283
12197 nad4 1 29141.638649 0.250463 0.749537
12198 nad4 1 29141.638649 0.251205 0.748795
12199 nad4 1 29141.638649 0.251947 0.748053
12200 nad4 1 29226.081186 0.252734 0.747266
12201 nad4 1 29226.081186 0.253477 0.746523
12202 nad4 1 29226.081186 0.254219 0.745781
12203 nad4 1 29412.413048 0.255136 0.744864
12204 nad4 1 29412.413048 0.255877 0.744123
12205 nad4 1 29412.413048 0.256619 0.743381
12206 nad4 1 29418.338232 0.257340 0.742660
12207 nad4 1 29418.338232 0.258082 0.741918
12208 nad4 1 29418.338232 0.258824 0.741176
12209 nad4 1 29418.338232 0.259566 0.740434
12210 nad4 1 29418.338232 0.260308 0.739692
12211 nad4 1 29418.338232 0.261050 0.738950
12212 nad4 1 29425.738349 0.261793 0.738207
12213 nad4 1 29425.738349 0.262535 0.737465
12214 nad4 1 29425.738349 0.263277 0.736723
12215 nad4 1 29623.814733 0.264221 0.735779
12216 nad4 1 29623.814733 0.264963 0.735037
12217 nad4 1 29623.814733 0.265704 0.734296
12218 nad4 1 29623.814733 0.266446 0.733554
12219 nad4 1 29623.814733 0.267188 0.732812
12220 nad4 1 29623.814733 0.267929 0.732071
12221 nad4 1 29623.814733 0.268671 0.731329
12222 nad4 1 29623.814733 0.269413 0.730587
12223 nad4 1 29623.814733 0.270154 0.729846
12224 nad4 1 29623.814733 0.270896 0.729104
12225 nad4 1 29623.814733 0.271638 0.728362
12226 nad4 1 29623.814733 0.272380 0.727620
12227 nad4 1 29623.814733 0.273121 0.726879
12228 nad4 1 29623.814733 0.273863 0.726137
12229 nad4 1 29623.814733 0.274605 0.725395
12230 nad4 1 29647.206492 0.275346 0.724654
12231 nad4 1 29647.206492 0.276088 0.723912
12232 nad4 1 29647.206492 0.276830 0.723170
12233 nad4 1 29647.206492 0.277571 0.722429
12234 nad4 1 29647.206492 0.278313 0.721687
12235 nad4 1 29647.206492 0.279055 0.720945
12236 nad4 1 29862.663771 0.279780 0.720220
12237 nad4 1 29862.663771 0.280522 0.719478
12238 nad4 1 29862.663771 0.281263 0.718737
12239 nad4 1 30096.570958 0.281934 0.718066
12240 nad4 1 30096.570958 0.282676 0.717324
12241 nad4 1 30096.570958 0.283417 0.716583
12242 nad4 1 30096.570958 0.284159 0.715841
12243 nad4 1 30096.570958 0.284901 0.715099
12244 nad4 1 30096.570958 0.285643 0.714357
12245 nad4 1 30096.570958 0.286385 0.713615
12246 nad4 1 30096.570958 0.287127 0.712873
12247 nad4 1 30096.570958 0.287869 0.712131
12248 nad4 1 30096.570958 0.288611 0.711389
12249 nad4 1 30096.570958 0.289353 0.710647
12250 nad4 1 30096.570958 0.290094 0.709906
12251 nad4 1 30096.570958 0.290836 0.709164
12252 nad4 1 30096.570958 0.291578 0.708422
12253 nad4 1 30096.570958 0.292320 0.707680
12254 nad4 1 30114.875001 0.293049 0.706951
12255 nad4 1 30114.875001 0.293791 0.706209
12256 nad4 1 30114.875001 0.294533 0.705467
12257 nad4 1 30114.875001 0.295275 0.704725
12258 nad4 1 30114.875001 0.296017 0.703983
12259 nad4 1 30114.875001 0.296759 0.703241
12260 nad4 1 30114.875001 0.297501 0.702499
12261 nad4 1 30114.875001 0.298243 0.701757
12262 nad4 1 30114.875001 0.298984 0.701016
12263 nad4 1 30114.875001 0.299726 0.700274
12264 nad4 1 30114.875001 0.300468 0.699532
12265 nad4 1 30114.875001 0.301210 0.698790
12266 nad4 1 30114.875001 0.301952 0.698048
12267 nad4 1 30114.875001 0.302694 0.697306
12268 nad4 1 30114.875001 0.303436 0.696564
12269 nad4 1 30122.522818 0.304173 0.695827
12270 nad4 1 30122.522818 0.304915 0.695085
12271 nad4 1 30122.522818 0.305657 0.694343
12272 nad4 1 30122.522818 0.306399 0.693601
12273 nad4 1 30122.522818 0.307141 0.692859
12274 nad4 1 30122.522818 0.307883 0.692117
12275 nad4 1 30122.522818 0.308625 0.691375
12276 nad4 1 30122.522818 0.309366 0.690634
12277 nad4 1 30122.522818 0.310108 0.689892
12278 nad4 1 30122.522818 0.310850 0.689150
12279 nad4 1 30122.522818 0.311592 0.688408
12280 nad4 1 30122.522818 0.312334 0.687666
12281 nad4 1 30129.436458 0.313068 0.686932
12282 nad4 1 30129.436458 0.313810 0.686190
12283 nad4 1 30129.436458 0.314552 0.685448
12284 nad4 1 30129.436458 0.315294 0.684706
12285 nad4 1 30129.436458 0.316036 0.683964
12286 nad4 1 30129.436458 0.316778 0.683222
12287 nad4 1 30134.943698 0.317527 0.682473
12288 nad4 1 30134.943698 0.318269 0.681731
12289 nad4 1 30134.943698 0.319010 0.680990
12290 nad4 1 30134.943698 0.319752 0.680248
12291 nad4 1 30134.943698 0.320494 0.679506
12292 nad4 1 30134.943698 0.321236 0.678764
12293 nad4 1 30134.943698 0.321978 0.678022
12294 nad4 1 30134.943698 0.322720 0.677280
12295 nad4 1 30134.943698 0.323462 0.676538
12296 nad4 1 30134.943698 0.324204 0.675796
12297 nad4 1 30134.943698 0.324946 0.675054
12298 nad4 1 30134.943698 0.325688 0.674312
12299 nad4 1 30143.747798 0.326437 0.673563
12300 nad4 1 30143.747798 0.327179 0.672821
12301 nad4 1 30143.747798 0.327921 0.672079
12302 nad4 1 30147.080345 0.328668 0.671332
12303 nad4 1 30147.080345 0.329410 0.670590
12304 nad4 1 30147.080345 0.330152 0.669848
12305 nad4 1 30147.080345 0.330894 0.669106
12306 nad4 1 30147.080345 0.331636 0.668364
12307 nad4 1 30147.080345 0.332378 0.667622
12308 nad4 1 30147.080345 0.333120 0.666880
12309 nad4 1 30147.080345 0.333862 0.666138
12310 nad4 1 30147.080345 0.334604 0.665396
12311 nad4 1 30147.080345 0.335346 0.664654
12312 nad4 1 30147.080345 0.336087 0.663913
12313 nad4 1 30147.080345 0.336829 0.663171
12314 nad4 1 30147.080345 0.337571 0.662429
12315 nad4 1 30147.080345 0.338313 0.661687
12316 nad4 1 30147.080345 0.339055 0.660945
12317 nad4 1 30147.080345 0.339797 0.660203
12318 nad4 1 30147.080345 0.340539 0.659461
12319 nad4 1 30147.080345 0.341281 0.658719
12320 nad4 1 30147.080345 0.342023 0.657977
12321 nad4 1 30147.080345 0.342765 0.657235
12322 nad4 1 30147.080345 0.343506 0.656494
12323 nad4 1 30147.080345 0.344248 0.655752
12324 nad4 1 30147.080345 0.344990 0.655010
12325 nad4 1 30147.080345 0.345732 0.654268
12326 nad4 1 30147.080345 0.346474 0.653526
12327 nad4 1 30147.080345 0.347216 0.652784
12328 nad4 1 30147.080345 0.347958 0.652042
12329 nad4 1 30147.080345 0.348700 0.651300
12330 nad4 1 30147.080345 0.349442 0.650558
12331 nad4 1 30147.080345 0.350184 0.649816
12332 nad4 1 30150.400010 0.350932 0.649068
12333 nad4 1 30150.400010 0.351674 0.648326
12334 nad4 1 30150.400010 0.352416 0.647584
12335 nad4 1 30150.400010 0.353158 0.646842
12336 nad4 1 30150.400010 0.353900 0.646100
12337 nad4 1 30150.400010 0.354642 0.645358
12338 nad4 1 30155.137559 0.355386 0.644614
12339 nad4 1 30155.137559 0.356128 0.643872
12340 nad4 1 30155.137559 0.356870 0.643130
12341 nad4 1 30155.137559 0.357611 0.642389
12342 nad4 1 30155.137559 0.358353 0.641647
12343 nad4 1 30155.137559 0.359095 0.640905
12344 nad4 1 30157.137559 0.359844 0.640156
12345 nad4 1 30157.137559 0.360586 0.639414
12346 nad4 1 30157.137559 0.361328 0.638672
12347 nad4 1 30157.137559 0.362070 0.637930
12348 nad4 1 30157.137559 0.362812 0.637188
12349 nad4 1 30157.137559 0.363554 0.636446
12350 nad4 1 30178.034086 0.364311 0.635689
12351 nad4 1 30178.034086 0.365053 0.634947
12352 nad4 1 30178.034086 0.365795 0.634205
12353 nad4 1 30178.034086 0.366537 0.633463
12354 nad4 1 30178.034086 0.367279 0.632721
12355 nad4 1 30178.034086 0.368021 0.631979
12356 nad4 1 30189.609629 0.368768 0.631232
12357 nad4 1 30189.609629 0.369510 0.630490
12358 nad4 1 30189.609629 0.370252 0.629748
12359 nad4 1 30189.609629 0.370994 0.629006
12360 nad4 1 30189.609629 0.371736 0.628264
12361 nad4 1 30189.609629 0.372477 0.627523
12362 nad4 1 30189.609629 0.373219 0.626781
12363 nad4 1 30189.609629 0.373961 0.626039
12364 nad4 1 30189.609629 0.374703 0.625297
12365 nad4 1 30211.179711 0.375451 0.624549
12366 nad4 1 30211.179711 0.376193 0.623807
12367 nad4 1 30211.179711 0.376935 0.623065
12368 nad4 1 30217.009449 0.377673 0.622327
12369 nad4 1 30217.009449 0.378415 0.621585
12370 nad4 1 30217.009449 0.379157 0.620843
12371 nad4 1 30882.565406 0.380133 0.619867
12372 nad4 1 30882.565406 0.380874 0.619126
12373 nad4 1 30882.565406 0.381616 0.618384
12374 nad4 1 30936.279048 0.382377 0.617623
12375 nad4 1 30936.279048 0.383119 0.616881
12376 nad4 1 30936.279048 0.383860 0.616140
12377 nad4 1 30965.882114 0.384614 0.615386
12378 nad4 1 30965.882114 0.385356 0.614644
12379 nad4 1 30965.882114 0.386097 0.613903
12380 nad4 1 30969.675288 0.386838 0.613162
12381 nad4 1 30969.675288 0.387579 0.612421
12382 nad4 1 30969.675288 0.388321 0.611679
12383 nad4 1 30975.263669 0.389060 0.610940
12384 nad4 1 30975.263669 0.389801 0.610199
12385 nad4 1 30975.263669 0.390542 0.609458
12386 nad4 1 31004.036493 0.391288 0.608712
12387 nad4 1 31004.036493 0.392029 0.607971
12388 nad4 1 31004.036493 0.392771 0.607229
12389 nad4 1 31071.443155 0.393489 0.606511
12390 nad4 1 31071.443155 0.394231 0.605769
12391 nad4 1 31071.443155 0.394972 0.605028
12392 nad4 1 31094.969731 0.395707 0.604293
12393 nad4 1 31094.969731 0.396448 0.603552
12394 nad4 1 31094.969731 0.397190 0.602810
12395 nad4 1 31291.678181 0.397970 0.602030
12396 nad4 1 31291.678181 0.398711 0.601289
12397 nad4 1 31291.678181 0.399453 0.600547
12398 nad4 1 31648.306896 0.400306 0.599694
12399 nad4 1 31648.306896 0.401047 0.598953
12400 nad4 1 31648.306896 0.401788 0.598212
12401 nad4 1 31761.990290 0.402509 0.597491
12402 nad4 1 31761.990290 0.403250 0.596750
12403 nad4 1 31761.990290 0.403991 0.596009
12404 nad4 1 31877.758444 0.404761 0.595239
12405 nad4 1 31877.758444 0.405502 0.594498
12406 nad4 1 31877.758444 0.406243 0.593757
12407 nad4 1 31892.072763 0.406987 0.593013
12408 nad4 1 31892.072763 0.407728 0.592272
12409 nad4 1 31892.072763 0.408469 0.591531
12410 nad4 1 31895.566258 0.409210 0.590790
12411 nad4 1 31895.566258 0.409951 0.590049
12412 nad4 1 31895.566258 0.410693 0.589307
12413 nad4 1 31900.713839 0.411433 0.588567
12414 nad4 1 31900.713839 0.412174 0.587826
12415 nad4 1 31900.713839 0.412915 0.587085
12416 nad4 1 31900.713839 0.413656 0.586344
12417 nad4 1 31900.713839 0.414398 0.585602
12418 nad4 1 31900.713839 0.415139 0.584861
12419 nad4 1 31942.509827 0.415886 0.584114
12420 nad4 1 31942.509827 0.416627 0.583373
12421 nad4 1 31942.509827 0.417368 0.582632
12422 nad4 1 32267.599962 0.418198 0.581802
12423 nad4 1 32267.599962 0.418939 0.581061
12424 nad4 1 32267.599962 0.419681 0.580319
12425 nad4 1 37047.609109 0.421711 0.578289
12426 nad4 1 37047.609109 0.422449 0.577551
12427 nad4 1 37047.609109 0.423187 0.576813
12428 nad4 1 37126.160952 0.423845 0.576155
12429 nad4 1 37126.160952 0.424583 0.575417
12430 nad4 1 37126.160952 0.425321 0.574679
12431 nad4 1 37308.506256 0.426074 0.573926
12432 nad4 1 37308.506256 0.426813 0.573187
12433 nad4 1 37308.506256 0.427551 0.572449
12434 nad4 1 37316.603166 0.428286 0.571714
12435 nad4 1 37316.603166 0.429025 0.570975
12436 nad4 1 37316.603166 0.429763 0.570237
12437 nad4 1 37316.603166 0.430501 0.569499
12438 nad4 1 37316.603166 0.431240 0.568760
12439 nad4 1 37316.603166 0.431978 0.568022
12440 nad4 1 37316.603166 0.432716 0.567284
12441 nad4 1 37316.603166 0.433455 0.566545
12442 nad4 1 37316.603166 0.434193 0.565807
12443 nad4 1 37316.603166 0.434931 0.565069
12444 nad4 1 37316.603166 0.435669 0.564331
12445 nad4 1 37316.603166 0.436408 0.563592
12446 nad4 1 37321.347893 0.437146 0.562854
12447 nad4 1 37321.347893 0.437885 0.562115
12448 nad4 1 37321.347893 0.438623 0.561377
12449 nad4 1 38307.805830 0.439402 0.560598
12450 nad4 1 38307.805830 0.440140 0.559860
12451 nad4 1 38307.805830 0.440879 0.559121
12452 nad4 1 38307.805830 0.441617 0.558383
12453 nad4 1 38307.805830 0.442355 0.557645
12454 nad4 1 38307.805830 0.443093 0.556907
12455 nad4 1 38307.805830 0.443832 0.556168
12456 nad4 1 38307.805830 0.444570 0.555430
12457 nad4 1 38307.805830 0.445308 0.554692
12458 nad4 1 38307.805830 0.446047 0.553953
12459 nad4 1 38307.805830 0.446785 0.553215
12460 nad4 1 38307.805830 0.447523 0.552477
12461 nad4 1 39372.731445 0.448358 0.551642
12462 nad4 1 39372.731445 0.449096 0.550904
12463 nad4 1 39372.731445 0.449834 0.550166
12464 nad4 1 39376.468994 0.450574 0.549426
12465 nad4 1 39376.468994 0.451312 0.548688
12466 nad4 1 39376.468994 0.452050 0.547950
12467 nad4 1 39538.382435 0.452724 0.547276
12468 nad4 1 39538.382435 0.453462 0.546538
12469 nad4 1 39538.382435 0.454200 0.545800
12470 nad4 1 39565.869851 0.454935 0.545065
12471 nad4 1 39565.869851 0.455673 0.544327
12472 nad4 1 39565.869851 0.456412 0.543588
12473 nad4 1 39565.869851 0.457150 0.542850
12474 nad4 1 39565.869851 0.457888 0.542112
12475 nad4 1 39565.869851 0.458627 0.541373
12476 nad4 1 39565.869851 0.459365 0.540635
12477 nad4 1 39565.869851 0.460104 0.539896
12478 nad4 1 39565.869851 0.460842 0.539158
12479 nad4 1 39565.869851 0.461580 0.538420
12480 nad4 1 39565.869851 0.462319 0.537681
12481 nad4 1 39565.869851 0.463057 0.536943
12482 nad4 1 39572.079750 0.463798 0.536202
12483 nad4 1 39572.079750 0.464536 0.535464
12484 nad4 1 39572.079750 0.465275 0.534725
12485 nad4 1 39572.079750 0.466013 0.533987
12486 nad4 1 39572.079750 0.466751 0.533249
12487 nad4 1 39572.079750 0.467490 0.532510
12488 nad4 1 39572.079750 0.468228 0.531772
12489 nad4 1 39572.079750 0.468967 0.531033
12490 nad4 1 39572.079750 0.469705 0.530295
12491 nad4 1 39572.079750 0.470443 0.529557
12492 nad4 1 39572.079750 0.471182 0.528818
12493 nad4 1 39572.079750 0.471920 0.528080
12494 nad4 1 39572.079750 0.472658 0.527342
12495 nad4 1 39572.079750 0.473397 0.526603
12496 nad4 1 39572.079750 0.474135 0.525865
12497 nad4 1 39572.079750 0.474874 0.525126
12498 nad4 1 39572.079750 0.475612 0.524388
12499 nad4 1 39572.079750 0.476350 0.523650
12500 nad4 1 39572.079750 0.477089 0.522911
12501 nad4 1 39572.079750 0.477827 0.522173
12502 nad4 1 39572.079750 0.478566 0.521434
12503 nad4 1 39572.079750 0.479304 0.520696
12504 nad4 1 39572.079750 0.480042 0.519958
12505 nad4 1 39572.079750 0.480781 0.519219
12506 nad4 1 39572.079750 0.481519 0.518481
12507 nad4 1 39572.079750 0.482258 0.517742
12508 nad4 1 39572.079750 0.482996 0.517004
12509 nad4 1 39572.079750 0.483734 0.516266
12510 nad4 1 39572.079750 0.484473 0.515527
12511 nad4 1 39572.079750 0.485211 0.514789
12512 nad4 1 39572.079750 0.485950 0.514050
12513 nad4 1 39572.079750 0.486688 0.513312
12514 nad4 1 39572.079750 0.487426 0.512574
12515 nad4 1 39572.079750 0.488165 0.511835
12516 nad4 1 39572.079750 0.488903 0.511097
12517 nad4 1 39572.079750 0.489642 0.510358
12518 nad4 1 39572.079750 0.490380 0.509620
12519 nad4 1 39572.079750 0.491118 0.508882
12520 nad4 1 39572.079750 0.491857 0.508143
12521 nad4 1 39572.079750 0.492595 0.507405
12522 nad4 1 39572.079750 0.493333 0.506667
12523 nad4 1 39572.079750 0.494072 0.505928
12524 nad4 1 39572.079750 0.494810 0.505190
12525 nad4 1 39572.079750 0.495549 0.504451
12526 nad4 1 39572.079750 0.496287 0.503713
12527 nad4 1 39572.079750 0.497025 0.502975
12528 nad4 1 39572.079750 0.497764 0.502236
12529 nad4 1 39572.079750 0.498502 0.501498
12530 nad4 1 39572.079750 0.499241 0.500759
12531 nad4 1 39572.079750 0.499979 0.500021
12532 nad4 1 39572.079750 0.500717 0.499283
12533 nad4 1 39572.079750 0.501456 0.498544
12534 nad4 1 39572.079750 0.502194 0.497806
12535 nad4 1 39572.079750 0.502933 0.497067
12536 nad4 1 39572.079750 0.503671 0.496329
12537 nad4 1 39572.079750 0.504409 0.495591
12538 nad4 1 39572.079750 0.505148 0.494852
12539 nad4 1 39572.079750 0.505886 0.494114
12540 nad4 1 39572.079750 0.506625 0.493375
12541 nad4 1 39572.079750 0.507363 0.492637
12542 nad4 1 39572.079750 0.508101 0.491899
12543 nad4 1 39572.079750 0.508840 0.491160
12544 nad4 1 39572.079750 0.509578 0.490422
12545 nad4 1 39572.079750 0.510317 0.489683
12546 nad4 1 39572.079750 0.511055 0.488945
12547 nad4 1 39572.079750 0.511793 0.488207
12548 nad4 1 39572.079750 0.512532 0.487468
12549 nad4 1 39572.079750 0.513270 0.486730
12550 nad4 1 39572.079750 0.514008 0.485992
12551 nad4 1 39572.079750 0.514747 0.485253
12552 nad4 1 39572.079750 0.515485 0.484515
12553 nad4 1 39572.079750 0.516224 0.483776
12554 nad4 1 39572.079750 0.516962 0.483038
12555 nad4 1 39572.079750 0.517700 0.482300
12556 nad4 1 39572.079750 0.518439 0.481561
12557 nad4 1 39572.079750 0.519177 0.480823
12558 nad4 1 39572.079750 0.519916 0.480084
12559 nad4 1 39572.079750 0.520654 0.479346
12560 nad4 1 39572.079750 0.521392 0.478608
12561 nad4 1 39572.079750 0.522131 0.477869
12562 nad4 1 39572.079750 0.522869 0.477131
12563 nad4 1 39572.079750 0.523608 0.476392
12564 nad4 1 39572.079750 0.524346 0.475654
12565 nad4 1 39572.079750 0.525084 0.474916
12566 nad4 1 39572.079750 0.525823 0.474177
12567 nad4 1 39572.079750 0.526561 0.473439
12568 nad4 1 39572.079750 0.527300 0.472700
12569 nad4 1 39572.079750 0.528038 0.471962
12570 nad4 1 39572.079750 0.528776 0.471224
12571 nad4 1 39572.079750 0.529515 0.470485
12572 nad4 1 39572.079750 0.530253 0.469747
12573 nad4 1 39572.079750 0.530992 0.469008
12574 nad4 1 39572.079750 0.531730 0.468270
12575 nad4 1 39572.079750 0.532468 0.467532
12576 nad4 1 39572.079750 0.533207 0.466793
12577 nad4 1 39572.079750 0.533945 0.466055
12578 nad4 1 39572.079750 0.534683 0.465317
12579 nad4 1 39572.079750 0.535422 0.464578
12580 nad4 1 39572.079750 0.536160 0.463840
12581 nad4 1 39572.079750 0.536899 0.463101
12582 nad4 1 39572.079750 0.537637 0.462363
12583 nad4 1 39572.079750 0.538375 0.461625
12584 nad4 1 39572.079750 0.539114 0.460886
12585 nad4 1 39572.079750 0.539852 0.460148
12586 nad4 1 39572.079750 0.540591 0.459409
12587 nad4 1 39572.079750 0.541329 0.458671
12588 nad4 1 39572.079750 0.542067 0.457933
12589 nad4 1 39572.079750 0.542806 0.457194
12590 nad4 1 39572.079750 0.543544 0.456456
12591 nad4 1 39572.079750 0.544283 0.455717
12592 nad4 1 39572.079750 0.545021 0.454979
12593 nad4 1 39572.079750 0.545759 0.454241
12594 nad4 1 39572.079750 0.546498 0.453502
12595 nad4 1 39572.079750 0.547236 0.452764
12596 nad4 1 39572.079750 0.547975 0.452025
12597 nad4 1 39572.079750 0.548713 0.451287
12598 nad4 1 39572.079750 0.549451 0.450549
12599 nad4 1 39572.079750 0.550190 0.449810
12600 nad4 1 39572.079750 0.550928 0.449072
12601 nad4 1 39572.079750 0.551667 0.448333
12602 nad4 1 39572.079750 0.552405 0.447595
12603 nad4 1 39572.079750 0.553143 0.446857
12604 nad4 1 39572.079750 0.553882 0.446118
12605 nad4 1 39572.079750 0.554620 0.445380
12606 nad4 1 39572.079750 0.555358 0.444642
12607 nad4 1 39572.079750 0.556097 0.443903
12608 nad4 1 39572.079750 0.556835 0.443165
12609 nad4 1 39572.079750 0.557574 0.442426
12610 nad4 1 39572.079750 0.558312 0.441688
12611 nad4 1 39572.079750 0.559050 0.440950
12612 nad4 1 39572.079750 0.559789 0.440211
12613 nad4 1 39572.079750 0.560527 0.439473
12614 nad4 1 39572.079750 0.561266 0.438734
12615 nad4 1 39572.079750 0.562004 0.437996
12616 nad4 1 39572.079750 0.562742 0.437258
12617 nad4 1 39572.079750 0.563481 0.436519
12618 nad4 1 39572.079750 0.564219 0.435781
12619 nad4 1 39572.079750 0.564958 0.435042
12620 nad4 1 39572.079750 0.565696 0.434304
12621 nad4 1 39572.079750 0.566434 0.433566
12622 nad4 1 39572.079750 0.567173 0.432827
12623 nad4 1 39572.079750 0.567911 0.432089
12624 nad4 1 39572.079750 0.568650 0.431350
12625 nad4 1 39572.079750 0.569388 0.430612
12626 nad4 1 39572.079750 0.570126 0.429874
12627 nad4 1 39572.079750 0.570865 0.429135
12628 nad4 1 39572.079750 0.571603 0.428397
12629 nad4 1 39572.079750 0.572342 0.427658
12630 nad4 1 39572.079750 0.573080 0.426920
12631 nad4 1 39572.079750 0.573818 0.426182
12632 nad4 1 39572.079750 0.574557 0.425443
12633 nad4 1 39572.079750 0.575295 0.424705
12634 nad4 1 39572.079750 0.576033 0.423967
12635 nad4 1 39572.079750 0.576772 0.423228
12636 nad4 1 39572.079750 0.577510 0.422490
12637 nad4 1 39572.079750 0.578249 0.421751
12638 nad4 1 39572.079750 0.578987 0.421013
12639 nad4 1 39572.079750 0.579725 0.420275
12640 nad4 1 39572.079750 0.580464 0.419536
12641 nad4 1 39572.079750 0.581202 0.418798
12642 nad4 1 39572.079750 0.581941 0.418059
12643 nad4 1 39572.079750 0.582679 0.417321
12644 nad4 1 39572.079750 0.583417 0.416583
12645 nad4 1 39572.079750 0.584156 0.415844
12646 nad4 1 39572.079750 0.584894 0.415106
12647 nad4 1 39572.079750 0.585633 0.414367
12648 nad4 1 39572.079750 0.586371 0.413629
12649 nad4 1 39572.079750 0.587109 0.412891
12650 nad4 1 39572.079750 0.587848 0.412152
12651 nad4 1 39572.079750 0.588586 0.411414
12652 nad4 1 39572.079750 0.589325 0.410675
12653 nad4 1 39572.079750 0.590063 0.409937
12654 nad4 1 39572.079750 0.590801 0.409199
12655 nad4 1 39572.079750 0.591540 0.408460
12656 nad4 1 39572.079750 0.592278 0.407722
12657 nad4 1 39572.079750 0.593017 0.406983
12658 nad4 1 39572.079750 0.593755 0.406245
12659 nad4 1 39572.079750 0.594493 0.405507
12660 nad4 1 39572.079750 0.595232 0.404768
12661 nad4 1 39572.079750 0.595970 0.404030
12662 nad4 1 39572.079750 0.596708 0.403292
12663 nad4 1 39572.079750 0.597447 0.402553
12664 nad4 1 39572.079750 0.598185 0.401815
12665 nad4 1 39572.079750 0.598924 0.401076
12666 nad4 1 39572.079750 0.599662 0.400338
12667 nad4 1 39572.079750 0.600400 0.399600
12668 nad4 1 39572.079750 0.601139 0.398861
12669 nad4 1 39572.079750 0.601877 0.398123
12670 nad4 1 39572.079750 0.602616 0.397384
12671 nad4 1 39572.079750 0.603354 0.396646
12672 nad4 1 39572.079750 0.604092 0.395908
12673 nad4 1 39572.079750 0.604831 0.395169
12674 nad4 1 39572.079750 0.605569 0.394431
12675 nad4 1 39572.079750 0.606308 0.393692
12676 nad4 1 39572.079750 0.607046 0.392954
12677 nad4 1 39572.079750 0.607784 0.392216
12678 nad4 1 39572.079750 0.608523 0.391477
12679 nad4 1 39572.079750 0.609261 0.390739
12680 nad4 1 39572.079750 0.610000 0.390000
12681 nad4 1 39572.079750 0.610738 0.389262
12682 nad4 1 39572.079750 0.611476 0.388524
12683 nad4 1 39572.079750 0.612215 0.387785
12684 nad4 1 39572.079750 0.612953 0.387047
12685 nad4 1 39572.079750 0.613692 0.386308
12686 nad4 1 39572.079750 0.614430 0.385570
12687 nad4 1 39572.079750 0.615168 0.384832
12688 nad4 1 39572.079750 0.615907 0.384093
12689 nad4 1 39572.079750 0.616645 0.383355
12690 nad4 1 39572.079750 0.617383 0.382617
12691 nad4 1 39572.079750 0.618122 0.381878
12692 nad4 1 39572.079750 0.618860 0.381140
12693 nad4 1 39572.079750 0.619599 0.380401
12694 nad4 1 39572.079750 0.620337 0.379663
12695 nad4 1 39569.556872 0.621074 0.378926
12696 nad4 1 39569.556872 0.621812 0.378188
12697 nad4 1 39569.556872 0.622551 0.377449
12698 nad4 1 39569.556872 0.623289 0.376711
12699 nad4 1 39569.556872 0.624028 0.375972
12700 nad4 1 39569.556872 0.624766 0.375234
12701 nad4 1 39557.113174 0.625508 0.374492
12702 nad4 1 39557.113174 0.626246 0.373754
12703 nad4 1 39557.113174 0.626984 0.373016
12704 nad4 1 39557.113174 0.627723 0.372277
12705 nad4 1 39557.113174 0.628461 0.371539
12706 nad4 1 39557.113174 0.629200 0.370800
12707 nad4 1 39557.113174 0.629938 0.370062
12708 nad4 1 39557.113174 0.630676 0.369324
12709 nad4 1 39557.113174 0.631415 0.368585
12710 nad4 1 39554.715234 0.632158 0.367842
12711 nad4 1 39554.715234 0.632896 0.367104
12712 nad4 1 39554.715234 0.633635 0.366365
12713 nad4 1 39540.531608 0.634371 0.365629
12714 nad4 1 39540.531608 0.635110 0.364890
12715 nad4 1 39540.531608 0.635848 0.364152
12716 nad4 1 39523.037322 0.636590 0.363410
12717 nad4 1 39523.037322 0.637328 0.362672
12718 nad4 1 39523.037322 0.638066 0.361934
12719 nad4 1 39249.391033 0.638870 0.361130
12720 nad4 1 39249.391033 0.639608 0.360392
12721 nad4 1 39249.391033 0.640347 0.359653
12722 nad4 1 39155.943095 0.641086 0.358914
12723 nad4 1 39155.943095 0.641824 0.358176
12724 nad4 1 39155.943095 0.642562 0.357438
12725 nad4 1 37985.787894 0.643462 0.356538
12726 nad4 1 37985.787894 0.644200 0.355800
12727 nad4 1 37985.787894 0.644937 0.355063
12728 nad4 1 37786.903688 0.645641 0.354359
12729 nad4 1 37786.903688 0.646378 0.353622
12730 nad4 1 37786.903688 0.647115 0.352885
12731 nad4 1 37748.154329 0.647845 0.352155
12732 nad4 1 37748.154329 0.648582 0.351418
12733 nad4 1 37748.154329 0.649320 0.350680
12734 nad4 1 36216.665883 0.650306 0.349694
12735 nad4 1 36216.665883 0.651043 0.348957
12736 nad4 1 36216.665883 0.651779 0.348221
12737 nad4 1 36143.109831 0.652570 0.347430
12738 nad4 1 36143.109831 0.653307 0.346693
12739 nad4 1 36143.109831 0.654043 0.345957
12740 nad4 1 35616.048508 0.654903 0.345097
12741 nad4 1 35616.048508 0.655640 0.344360
12742 nad4 1 35616.048508 0.656376 0.343624
12743 nad4 1 35586.687520 0.657113 0.342887
12744 nad4 1 35586.687520 0.657850 0.342150
12745 nad4 1 35586.687520 0.658586 0.341414
12746 nad4 1 35549.519888 0.659338 0.340662
12747 nad4 1 35549.519888 0.660074 0.339926
12748 nad4 1 35549.519888 0.660810 0.339190
12749 nad4 1 35546.119771 0.661545 0.338455
12750 nad4 1 35546.119771 0.662281 0.337719
12751 nad4 1 35546.119771 0.663018 0.336982
12752 nad4 1 35182.063264 0.663712 0.336288
12753 nad4 1 35182.063264 0.664448 0.335552
12754 nad4 1 35182.063264 0.665184 0.334816
12755 nad4 1 35122.205393 0.665913 0.334087
12756 nad4 1 35122.205393 0.666649 0.333351
12757 nad4 1 35122.205393 0.667385 0.332615
12758 nad4 1 35122.205393 0.668121 0.331879
12759 nad4 1 35122.205393 0.668857 0.331143
12760 nad4 1 35122.205393 0.669593 0.330407
12761 nad4 1 35107.099174 0.670334 0.329666
12762 nad4 1 35107.099174 0.671070 0.328930
12763 nad4 1 35107.099174 0.671807 0.328193
12764 nad4 1 35074.575762 0.672552 0.327448
12765 nad4 1 35074.575762 0.673289 0.326711
12766 nad4 1 35074.575762 0.674025 0.325975
12767 nad4 1 35074.575762 0.674761 0.325239
12768 nad4 1 35074.575762 0.675497 0.324503
12769 nad4 1 35074.575762 0.676233 0.323767
12770 nad4 1 35074.575762 0.676969 0.323031
12771 nad4 1 35074.575762 0.677705 0.322295
12772 nad4 1 35074.575762 0.678441 0.321559
12773 nad4 1 35067.256170 0.679167 0.320833
12774 nad4 1 35067.256170 0.679903 0.320097
12775 nad4 1 35067.256170 0.680639 0.319361
12776 nad4 1 35064.557200 0.681377 0.318623
12777 nad4 1 35064.557200 0.682113 0.317887
12778 nad4 1 35064.557200 0.682849 0.317151
12779 nad4 1 35064.557200 0.683585 0.316415
12780 nad4 1 35064.557200 0.684321 0.315679
12781 nad4 1 35064.557200 0.685057 0.314943
12782 nad4 1 35064.557200 0.685793 0.314207
12783 nad4 1 35064.557200 0.686529 0.313471
12784 nad4 1 35064.557200 0.687265 0.312735
12785 nad4 1 35064.557200 0.688001 0.311999
12786 nad4 1 35064.557200 0.688737 0.311263
12787 nad4 1 35064.557200 0.689473 0.310527
12788 nad4 1 35013.786022 0.690174 0.309826
12789 nad4 1 35013.786022 0.690910 0.309090
12790 nad4 1 35013.786022 0.691646 0.308354
12791 nad4 1 35005.875927 0.692370 0.307630
12792 nad4 1 35005.875927 0.693106 0.306894
12793 nad4 1 35005.875927 0.693842 0.306158
12794 nad4 1 35003.779017 0.694578 0.305422
12795 nad4 1 35003.779017 0.695314 0.304686
12796 nad4 1 35003.779017 0.696050 0.303950
12797 nad4 1 35003.779017 0.696786 0.303214
12798 nad4 1 35003.779017 0.697522 0.302478
12799 nad4 1 35003.779017 0.698258 0.301742
12800 nad4 1 35003.779017 0.698994 0.301006
12801 nad4 1 35003.779017 0.699729 0.300271
12802 nad4 1 35003.779017 0.700465 0.299535
12803 nad4 1 34879.019231 0.701173 0.298827
12804 nad4 1 34879.019231 0.701909 0.298091
12805 nad4 1 34879.019231 0.702644 0.297356
12806 nad4 1 34864.747059 0.703376 0.296624
12807 nad4 1 34864.747059 0.704111 0.295889
12808 nad4 1 34864.747059 0.704847 0.295153
12809 nad4 1 34864.747059 0.705583 0.294417
12810 nad4 1 34864.747059 0.706318 0.293682
12811 nad4 1 34864.747059 0.707054 0.292946
12812 nad4 1 34856.622351 0.707793 0.292207
12813 nad4 1 34856.622351 0.708529 0.291471
12814 nad4 1 34856.622351 0.709264 0.290736
12815 nad4 1 34848.335001 0.710004 0.289996
12816 nad4 1 34848.335001 0.710740 0.289260
12817 nad4 1 34848.335001 0.711476 0.288524
12818 nad4 1 34340.309138 0.711986 0.288014
12819 nad4 1 34340.309138 0.712721 0.287279
12820 nad4 1 34340.309138 0.713457 0.286543
12821 nad4 1 34337.610168 0.714195 0.285805
12822 nad4 1 34337.610168 0.714930 0.285070
12823 nad4 1 34337.610168 0.715666 0.284334
12824 nad4 1 34318.817023 0.716365 0.283635
12825 nad4 1 34318.817023 0.717100 0.282900
12826 nad4 1 34318.817023 0.717835 0.282165
12827 nad4 1 34318.817023 0.718570 0.281430
12828 nad4 1 34318.817023 0.719305 0.280695
12829 nad4 1 34318.817023 0.720040 0.279960
12830 nad4 1 34278.875625 0.720767 0.279233
12831 nad4 1 34278.875625 0.721502 0.278498
12832 nad4 1 34278.875625 0.722237 0.277763
12833 nad4 1 34270.077568 0.722978 0.277022
12834 nad4 1 34270.077568 0.723713 0.276287
12835 nad4 1 34270.077568 0.724449 0.275551
12836 nad4 1 34267.922666 0.725189 0.274811
12837 nad4 1 34267.922666 0.725924 0.274076
12838 nad4 1 34267.922666 0.726659 0.273341
12839 nad4 1 34262.342622 0.727391 0.272609
12840 nad4 1 34262.342622 0.728126 0.271874
12841 nad4 1 34262.342622 0.728862 0.271138
12842 nad4 1 34106.441225 0.729544 0.270456
12843 nad4 1 34106.441225 0.730279 0.269721
12844 nad4 1 34106.441225 0.731014 0.268986
12845 nad4 1 33670.523091 0.731772 0.268228
12846 nad4 1 33670.523091 0.732507 0.267493
12847 nad4 1 33670.523091 0.733242 0.266758
12848 nad4 1 33670.523091 0.733977 0.266023
12849 nad4 1 33670.523091 0.734712 0.265288
12850 nad4 1 33670.523091 0.735447 0.264553
12851 nad4 1 33649.398413 0.736179 0.263821
12852 nad4 1 33649.398413 0.736914 0.263086
12853 nad4 1 33649.398413 0.737648 0.262352
12854 nad4 1 33636.981612 0.738387 0.261613
12855 nad4 1 33636.981612 0.739122 0.260878
12856 nad4 1 33636.981612 0.739857 0.260143
12857 nad4 1 33616.572428 0.740594 0.259406
12858 nad4 1 33616.572428 0.741329 0.258671
12859 nad4 1 33616.572428 0.742063 0.257937
12860 nad4 1 33462.697571 0.742797 0.257203
12861 nad4 1 33462.697571 0.743532 0.256468
12862 nad4 1 33462.697571 0.744267 0.255733
12863 nad4 1 32761.012248 0.744798 0.255202
12864 nad4 1 32761.012248 0.745533 0.254467
12865 nad4 1 32761.012248 0.746267 0.253733
12866 nad4 1 32749.698692 0.746990 0.253010
12867 nad4 1 32749.698692 0.747724 0.252276
12868 nad4 1 32749.698692 0.748459 0.251541
12869 nad4 1 32542.395738 0.749114 0.250886
12870 nad4 1 32542.395738 0.749848 0.250152
12871 nad4 1 32542.395738 0.750582 0.249418
12872 nad4 1 32465.271646 0.751285 0.248715
12873 nad4 1 32465.271646 0.752019 0.247981
12874 nad4 1 32465.271646 0.752753 0.247247
12875 nad4 1 32465.271646 0.753487 0.246513
12876 nad4 1 32465.271646 0.754221 0.245779
12877 nad4 1 32465.271646 0.754955 0.245045
12878 nad4 1 32414.205987 0.755703 0.244297
12879 nad4 1 32414.205987 0.756437 0.243563
12880 nad4 1 32414.205987 0.757171 0.242829
12881 nad4 1 32414.205987 0.757905 0.242095
12882 nad4 1 32414.205987 0.758639 0.241361
12883 nad4 1 32414.205987 0.759373 0.240627
12884 nad4 1 31740.410489 0.759998 0.240002
12885 nad4 1 31740.410489 0.760732 0.239268
12886 nad4 1 31740.410489 0.761465 0.238535
12887 nad4 1 31726.020351 0.762193 0.237807
12888 nad4 1 31726.020351 0.762926 0.237074
12889 nad4 1 31726.020351 0.763659 0.236341
12890 nad4 1 31719.770859 0.764391 0.235609
12891 nad4 1 31719.770859 0.765124 0.234876
12892 nad4 1 31719.770859 0.765857 0.234143
12893 nad4 1 31532.620738 0.766583 0.233417
12894 nad4 1 31532.620738 0.767316 0.232684
12895 nad4 1 31532.620738 0.768049 0.231951
12896 nad4 1 31357.442708 0.768721 0.231279
12897 nad4 1 31357.442708 0.769453 0.230547
12898 nad4 1 31357.442708 0.770186 0.229814
12899 nad4 1 31343.843783 0.770913 0.229087
12900 nad4 1 31343.843783 0.771646 0.228354
12901 nad4 1 31343.843783 0.772379 0.227621
12902 nad4 1 31343.843783 0.773111 0.226889
12903 nad4 1 31343.843783 0.773844 0.226156
12904 nad4 1 31343.843783 0.774577 0.225423
12905 nad4 1 31343.843783 0.775309 0.224691
12906 nad4 1 31343.843783 0.776042 0.223958
12907 nad4 1 31343.843783 0.776775 0.223225
12908 nad4 1 31343.843783 0.777507 0.222493
12909 nad4 1 31343.843783 0.778240 0.221760
12910 nad4 1 31343.843783 0.778973 0.221027
12911 nad4 1 31343.843783 0.779705 0.220295
12912 nad4 1 31343.843783 0.780438 0.219562
12913 nad4 1 31343.843783 0.781171 0.218829
12914 nad4 1 31331.136832 0.781898 0.218102
12915 nad4 1 31331.136832 0.782631 0.217369
12916 nad4 1 31331.136832 0.783363 0.216637
12917 nad4 1 31317.781820 0.784096 0.215904
12918 nad4 1 31317.781820 0.784828 0.215172
12919 nad4 1 31317.781820 0.785561 0.214439
12920 nad4 1 31312.170986 0.786292 0.213708
12921 nad4 1 31312.170986 0.787025 0.212975
12922 nad4 1 31312.170986 0.787757 0.212243
12923 nad4 1 31297.549384 0.788484 0.211516
12924 nad4 1 31297.549384 0.789217 0.210783
12925 nad4 1 31297.549384 0.789949 0.210051
12926 nad4 1 31297.549384 0.790682 0.209318
12927 nad4 1 31297.549384 0.791415 0.208585
12928 nad4 1 31297.549384 0.792147 0.207853
12929 nad4 1 31297.549384 0.792880 0.207120
12930 nad4 1 31297.549384 0.793613 0.206387
12931 nad4 1 31297.549384 0.794345 0.205655
12932 nad4 1 31297.549384 0.795078 0.204922
12933 nad4 1 31297.549384 0.795810 0.204190
12934 nad4 1 31297.549384 0.796543 0.203457
12935 nad4 1 30092.425792 0.796980 0.203020
12936 nad4 1 30092.425792 0.797712 0.202288
12937 nad4 1 30092.425792 0.798444 0.201556
12938 nad4 1 30053.341938 0.799182 0.200818
12939 nad4 1 30053.341938 0.799914 0.200086
12940 nad4 1 30053.341938 0.800646 0.199354
12941 nad4 1 30053.341938 0.801379 0.198621
12942 nad4 1 30053.341938 0.802111 0.197889
12943 nad4 1 30053.341938 0.802843 0.197157
12944 nad4 1 30051.187036 0.803583 0.196417
12945 nad4 1 30051.187036 0.804315 0.195685
12946 nad4 1 30051.187036 0.805047 0.194953
12947 nad4 1 30042.738779 0.805772 0.194228
12948 nad4 1 30042.738779 0.806505 0.193495
12949 nad4 1 30042.738779 0.807237 0.192763
12950 nad4 1 30038.553027 0.807965 0.192035
12951 nad4 1 30038.553027 0.808697 0.191303
12952 nad4 1 30038.553027 0.809429 0.190571
12953 nad4 1 30038.553027 0.810161 0.189839
12954 nad4 1 30038.553027 0.810893 0.189107
12955 nad4 1 30038.553027 0.811625 0.188375
12956 nad4 1 29665.186350 0.812274 0.187726
12957 nad4 1 29665.186350 0.813006 0.186994
12958 nad4 1 29665.186350 0.813738 0.186262
12959 nad4 1 29302.992918 0.814311 0.185689
12960 nad4 1 29302.992918 0.815043 0.184957
12961 nad4 1 29302.992918 0.815775 0.184225
12962 nad4 1 29302.992918 0.816507 0.183493
12963 nad4 1 29302.992918 0.817239 0.182761
12964 nad4 1 29302.992918 0.817971 0.182029
12965 nad4 1 29294.180438 0.818705 0.181295
12966 nad4 1 29294.180438 0.819437 0.180563
12967 nad4 1 29294.180438 0.820169 0.179831
12968 nad4 1 29278.892874 0.820890 0.179110
12969 nad4 1 29278.892874 0.821622 0.178378
12970 nad4 1 29278.892874 0.822355 0.177645
12971 nad4 1 29060.289254 0.822994 0.177006
12972 nad4 1 29060.289254 0.823726 0.176274
12973 nad4 1 29060.289254 0.824458 0.175542
12974 nad4 1 29005.407790 0.825171 0.174829
12975 nad4 1 29005.407790 0.825903 0.174097
12976 nad4 1 29005.407790 0.826635 0.173365
12977 nad4 1 27526.704718 0.826639 0.173361
12978 nad4 1 27526.704718 0.827370 0.172630
12979 nad4 1 27526.704718 0.828101 0.171899
12980 nad4 1 27069.046365 0.828826 0.171174
12981 nad4 1 27069.046365 0.829557 0.170443
12982 nad4 1 27069.046365 0.830288 0.169712
12983 nad4 1 27069.046365 0.831019 0.168981
12984 nad4 1 27069.046365 0.831751 0.168249
12985 nad4 1 27069.046365 0.832482 0.167518
12986 nad4 1 27051.471429 0.833207 0.166793
12987 nad4 1 27051.471429 0.833938 0.166062
12988 nad4 1 27051.471429 0.834669 0.165331
12989 nad4 1 27040.484266 0.835396 0.164604
12990 nad4 1 27040.484266 0.836127 0.163873
12991 nad4 1 27040.484266 0.836858 0.163142
12992 nad4 1 27028.172000 0.837592 0.162408
12993 nad4 1 27028.172000 0.838323 0.161677
12994 nad4 1 27028.172000 0.839054 0.160946
12995 nad4 1 27025.473030 0.839789 0.160211
12996 nad4 1 27025.473030 0.840520 0.159480
12997 nad4 1 27025.473030 0.841251 0.158749
12998 nad4 1 27005.734529 0.841977 0.158023
12999 nad4 1 27005.734529 0.842708 0.157292
13000 nad4 1 27005.734529 0.843439 0.156561
13001 nad4 1 26996.556043 0.844169 0.155831
13002 nad4 1 26996.556043 0.844900 0.155100
13003 nad4 1 26996.556043 0.845631 0.154369
13004 nad4 1 26987.601366 0.846361 0.153639
13005 nad4 1 26987.601366 0.847093 0.152907
13006 nad4 1 26987.601366 0.847824 0.152176
13007 nad4 1 26977.511990 0.848555 0.151445
13008 nad4 1 26977.511990 0.849286 0.150714
13009 nad4 1 26977.511990 0.850017 0.149983
13010 nad4 1 26977.511990 0.850749 0.149251
13011 nad4 1 26977.511990 0.851480 0.148520
13012 nad4 1 26977.511990 0.852211 0.147789
13013 nad4 1 26977.511990 0.852942 0.147058
13014 nad4 1 26977.511990 0.853673 0.146327
13015 nad4 1 26977.511990 0.854404 0.145596
13016 nad4 1 26977.511990 0.855135 0.144865
13017 nad4 1 26977.511990 0.855866 0.144134
13018 nad4 1 26977.511990 0.856597 0.143403
13019 nad4 1 26977.511990 0.857328 0.142672
13020 nad4 1 26977.511990 0.858059 0.141941
13021 nad4 1 26977.511990 0.858790 0.141210
13022 nad4 1 26977.511990 0.859521 0.140479
13023 nad4 1 26977.511990 0.860253 0.139747
13024 nad4 1 26977.511990 0.860984 0.139016
13025 nad4 1 26977.511990 0.861715 0.138285
13026 nad4 1 26977.511990 0.862446 0.137554
13027 nad4 1 26977.511990 0.863177 0.136823
13028 nad4 1 26971.147474 0.863898 0.136102
13029 nad4 1 26971.147474 0.864629 0.135371
13030 nad4 1 26971.147474 0.865360 0.134640
13031 nad4 1 26964.340599 0.866090 0.133910
13032 nad4 1 26964.340599 0.866821 0.133179
13033 nad4 1 26964.340599 0.867552 0.132448
13034 nad4 1 26889.581551 0.868317 0.131683
13035 nad4 1 26889.581551 0.869048 0.130952
13036 nad4 1 26889.581551 0.869779 0.130221
13037 nad4 1 26889.581551 0.870510 0.129490
13038 nad4 1 26889.581551 0.871241 0.128759
13039 nad4 1 26889.581551 0.871973 0.128027
13040 nad4 1 26889.581551 0.872704 0.127296
13041 nad4 1 26889.581551 0.873435 0.126565
13042 nad4 1 26889.581551 0.874166 0.125834
13043 nad4 1 26889.581551 0.874897 0.125103
13044 nad4 1 26889.581551 0.875629 0.124371
13045 nad4 1 26889.581551 0.876360 0.123640
13046 nad4 1 26889.581551 0.877091 0.122909
13047 nad4 1 26889.581551 0.877822 0.122178
13048 nad4 1 26889.581551 0.878553 0.121447
13049 nad4 1 26889.581551 0.879284 0.120716
13050 nad4 1 26889.581551 0.880016 0.119984
13051 nad4 1 26889.581551 0.880747 0.119253
13052 nad4 1 17534.769642 0.879003 0.120997
13053 nad4 1 17534.769642 0.879732 0.120268
13054 nad4 1 17534.769642 0.880460 0.119540
13055 nad4 1 17534.769642 0.881189 0.118811
13056 nad4 1 17534.769642 0.881917 0.118083
13057 nad4 1 17534.769642 0.882646 0.117354
13058 nad4 1 17534.769642 0.883374 0.116626
13059 nad4 1 17534.769642 0.884103 0.115897
13060 nad4 1 17534.769642 0.884831 0.115169
13061 nad4 1 17436.471380 0.885504 0.114496
13062 nad4 1 17436.471380 0.886233 0.113767
13063 nad4 1 17436.471380 0.886961 0.113039
13064 nad4 1 17408.993724 0.887664 0.112336
13065 nad4 1 17408.993724 0.888393 0.111607
13066 nad4 1 17408.993724 0.889121 0.110879
13067 nad4 1 17394.568866 0.889847 0.110153
13068 nad4 1 17394.568866 0.890575 0.109425
13069 nad4 1 17394.568866 0.891304 0.108696
13070 nad4 1 17392.267836 0.892028 0.107972
13071 nad4 1 17392.267836 0.892756 0.107244
13072 nad4 1 17392.267836 0.893485 0.106515
13073 nad4 1 17374.683487 0.894202 0.105798
13074 nad4 1 17374.683487 0.894931 0.105069
13075 nad4 1 17374.683487 0.895659 0.104341
13076 nad4 1 17361.029840 0.896388 0.103612
13077 nad4 1 17361.029840 0.897116 0.102884
13078 nad4 1 17361.029840 0.897844 0.102156
13079 nad4 1 17352.659249 0.898584 0.101416
13080 nad4 1 17352.659249 0.899312 0.100688
13081 nad4 1 17352.659249 0.900041 0.099959
13082 nad4 1 17283.239043 0.900713 0.099287
13083 nad4 1 17283.239043 0.901442 0.098558
13084 nad4 1 17283.239043 0.902170 0.097830
13085 nad4 1 15511.346390 0.902179 0.097821
13086 nad4 1 15511.346390 0.902907 0.097093
13087 nad4 1 15511.346390 0.903634 0.096366
13088 nad4 1 15284.625807 0.904160 0.095840
13089 nad4 1 15284.625807 0.904887 0.095113
13090 nad4 1 15284.625807 0.905614 0.094386
13091 nad4 1 15163.273092 0.906294 0.093706
13092 nad4 1 15163.273092 0.907021 0.092979
13093 nad4 1 15163.273092 0.907748 0.092252
13094 nad4 1 14968.263305 0.908363 0.091637
13095 nad4 1 14968.263305 0.909090 0.090910
13096 nad4 1 14968.263305 0.909816 0.090184
13097 nad4 1 14924.214772 0.910535 0.089465
13098 nad4 1 14924.214772 0.911262 0.088738
13099 nad4 1 14924.214772 0.911989 0.088011
13100 nad4 1 14638.562759 0.912632 0.087368
13101 nad4 1 14638.562759 0.913359 0.086641
13102 nad4 1 14638.562759 0.914085 0.085915
13103 nad4 1 14568.625651 0.914773 0.085227
13104 nad4 1 14568.625651 0.915500 0.084500
13105 nad4 1 14568.625651 0.916226 0.083774
13106 nad4 1 14490.135607 0.916931 0.083069
13107 nad4 1 14490.135607 0.917657 0.082343
13108 nad4 1 14490.135607 0.918383 0.081617
13109 nad4 1 14380.989860 0.919041 0.080959
13110 nad4 1 14380.989860 0.919767 0.080233
13111 nad4 1 14380.989860 0.920494 0.079506
13112 nad4 1 13983.981873 0.921221 0.078779
13113 nad4 1 13983.981873 0.921947 0.078053
13114 nad4 1 13983.981873 0.922674 0.077326
13115 nad4 1 13871.772618 0.923360 0.076640
13116 nad4 1 13871.772618 0.924086 0.075914
13117 nad4 1 13871.772618 0.924813 0.075187
13118 nad4 1 13519.347196 0.925511 0.074489
13119 nad4 1 13519.347196 0.926237 0.073763
13120 nad4 1 13519.347196 0.926964 0.073036
13121 nad4 1 13342.292193 0.927593 0.072407
13122 nad4 1 13342.292193 0.928319 0.071681
13123 nad4 1 13342.292193 0.929046 0.070954
13124 nad4 1 12851.519459 0.929498 0.070502
13125 nad4 1 12851.519459 0.930224 0.069776
13126 nad4 1 12851.519459 0.930950 0.069050
13127 nad4 1 5556.712149 0.932032 0.067968
13128 nad4 1 5556.712149 0.932754 0.067246
13129 nad4 1 5556.712149 0.933475 0.066525
13130 nad4 1 1570.355795 0.937091 0.062909
13131 nad4 1 1570.355795 0.937819 0.062181
13132 nad4 1 1570.355795 0.938547 0.061453
13133 nad4 1 1553.924538 0.939325 0.060675
13134 nad4 1 1553.924538 0.940054 0.059946
13135 nad4 1 1553.924538 0.940782 0.059218
13136 nad4 1 1523.515224 0.941146 0.058854
13137 nad4 1 1523.515224 0.941874 0.058126
13138 nad4 1 1523.515224 0.942602 0.057398
13139 nad4 1 895.318925 0.940705 0.059295
13140 nad4 1 895.318925 0.941438 0.058562
13141 nad4 1 895.318925 0.942172 0.057828
13142 nad4 1 845.897769 0.943573 0.056427
13143 nad4 1 845.897769 0.944308 0.055692
13144 nad4 1 845.897769 0.945042 0.054958
13145 nad4 1 818.374043 0.945602 0.054398
13146 nad4 1 818.374043 0.946337 0.053663
13147 nad4 1 818.374043 0.947073 0.052927
13148 nad4 1 818.374043 0.947809 0.052191
13149 nad4 1 818.374043 0.948545 0.051455
13150 nad4 1 818.374043 0.949281 0.050719
13151 nad4 1 818.374043 0.950017 0.049983
13152 nad4 1 818.374043 0.950753 0.049247
13153 nad4 1 818.374043 0.951489 0.048511
13154 nad4 1 818.374043 0.952225 0.047775
13155 nad4 1 818.374043 0.952961 0.047039
13156 nad4 1 818.374043 0.953697 0.046303
13157 nad4 1 818.374043 0.954433 0.045567
13158 nad4 1 818.374043 0.955168 0.044832
13159 nad4 1 818.374043 0.955904 0.044096
13160 nad4 1 169.633809 0.961950 0.038050
13161 nad4 1 169.633809 0.962686 0.037314
13162 nad4 1 169.633809 0.963422 0.036578
13163 nad4 1 169.633809 0.964158 0.035842
13164 nad4 1 169.633809 0.964894 0.035106
13165 nad4 1 169.633809 0.965630 0.034370
13166 nad4 1 169.633809 0.966366 0.033634
13167 nad4 1 169.633809 0.967102 0.032898
13168 nad4 1 169.633809 0.967838 0.032162
13169 nad4 1 148.383688 0.969111 0.030889
13170 nad4 1 148.383688 0.969850 0.030150
13171 nad4 1 148.383688 0.970588 0.029412
13172 nad4 1 120.718539 0.966890 0.033110
13173 nad4 1 120.718539 0.967623 0.032377
13174 nad4 1 120.718539 0.968357 0.031643
13175 nad4 1 120.718539 0.969090 0.030910
13176 nad4 1 120.718539 0.969823 0.030177
13177 nad4 1 120.718539 0.970556 0.029444
13178 nad4 1 120.718539 0.971290 0.028710
13179 nad4 1 120.718539 0.972023 0.027977
13180 nad4 1 120.718539 0.972756 0.027244
13181 nad4 1 120.718539 0.973490 0.026510
13182 nad4 1 120.718539 0.974223 0.025777
13183 nad4 1 120.718539 0.974956 0.025044
13184 nad4 1 120.718539 0.975689 0.024311
13185 nad4 1 120.718539 0.976423 0.023577
13186 nad4 1 120.718539 0.977156 0.022844
13187 nad4 1 90.466662 0.975201 0.024799
13188 nad4 1 90.466662 0.975931 0.024069
13189 nad4 1 90.466662 0.976661 0.023339
13190 nad4 1 34.050342 0.975978 0.024022
13191 nad4 1 34.050342 0.976694 0.023306
13192 nad4 1 34.050342 0.977411 0.022589
13193 nad4 1 0.000000 0.000000 0.000000
13194 nad4 1 0.000000 0.000000 0.000000
13195 nad4 1 0.000000 0.000000 0.000000
13196 nad4 1 0.000000 0.000000 0.000000
13197 nad4 1 0.000000 0.000000 0.000000
13198 nad4 1 0.000000 0.000000 0.000000
13199 nad4 1 0.000000 0.000000 0.000000
13200 nad4 1 0.000000 0.000000 0.000000
13201 nad4 1 0.000000 0.000000 0.000000
13202 nad4 1 0.000000 0.000000 0.000000
13203 nad4 1 0.000000 0.000000 0.000000
13204 nad4 1 0.000000 0.000000 0.000000
13205 nad4 1 0.000000 0.000000 0.000000
13206 nad4 1 0.000000 0.000000 0.000000
13207 nad4 1 0.000000 0.000000 0.000000
13208 nad4 1 0.000000 0.000000 0.000000
13209 nad4 1 0.000000 0.000000 0.000000
13210 nad4 1 0.000000 0.000000 0.000000
13211 nad4 1 0.000000 0.000000 0.000000
13212 nad4 1 0.000000 0.000000 0.000000
13213 nad4 1 0.000000 0.000000 0.000000
13214 nad4 1 0.000000 0.000000 0.000000
13215 nad4 1 0.000000 0.000000 0.000000
13216 nad4 1 0.000000 0.000000 0.000000
13217 nad4 1 0.000000 0.000000 0.000000
13218 nad4 1 0.000000 0.000000 0.000000
13219 nad4 1 0.000000 0.000000 0.000000
13220 nad4 1 0.000000 0.000000 0.000000
13221 nad4 1 0.000000 0.000000 0.000000
13222 nad4 1 0.000000 0.000000 0.000000
13223 nad4 1 0.000000 0.000000 0.000000
13224 nad4 1 0.000000 0.000000 0.000000
13225 nad4 1 0.000000 0.000000 0.000000
13226 nad4 1 0.000000 0.000000 0.000000
13227 nad4 1 0.000000 0.000000 0.000000
13228 nad4 1 0.000000 0.000000 0.000000
13229 nad4 1 0.000000 0.000000 0.000000
13230 nad4 1 0.000000 0.000000 0.000000
13231 nad4 1 0.000000 0.000000 0.000000
13232 nad4 1 0.000000 0.000000 0.000000
13233 nad4 1 0.000000 0.000000 0.000000
13234 nad4 1 0.000000 0.000000 0.000000
13235 nad4 1 0.000000 0.000000 0.000000
13236 nad4 1 0.000000 0.000000 0.000000
13237 nad4 1 0.000000 0.000000 0.000000
13238 nad4 1 0.000000 0.000000 0.000000
13239 nad4 1 0.000000 0.000000 0.000000
13240 nad4 1 0.000000 0.000000 0.000000
13241 nad4 1 0.000000 0.000000 0.000000
13242 nad4 1 0.000000 0.000000 0.000000
13243 nad4 1 0.000000 0.000000 0.000000
13244 nad4 1 0.000000 0.000000 0.000000
13245 nad4 1 0.000000 0.000000 0.000000
13246 nad4 1 0.000000 0.000000 0.000000
13247 nad4 1 0.000000 0.000000 0.000000
13248 nad4 1 0.000000 0.000000 0.000000
13249 nad4 1 0.000000 0.000000 0.000000
13250 nad4 1 0.000000 0.000000 0.000000
13251 nad4 1 0.000000 0.000000 0.000000
13252 nad4 1 0.000000 0.000000 0.000000
13253 nad4 1 0.000000 0.000000 0.000000
13254 nad4 1 0.000000 0.000000 0.000000
13255 nad4 1 0.000000 0.000000 0.000000
13256 nad4 1 0.000000 0.000000 0.000000
13257 nad4 1 0.000000 0.000000 0.000000
13258 nad4 1 0.000000 0.000000 0.000000
13259 nad4 1 0.000000 0.000000 0.000000
13260 nad4 1 0.000000 0.000000 0.000000
13261 nad4 1 0.000000 0.000000 0.000000
13262 nad4 1 0.000000 0.000000 0.000000
13263 nad4 1 0.000000 0.000000 0.000000
13264 nad4 1 0.000000 0.000000 0.000000
13265 nad4 1 0.000000 0.000000 0.000000
13266 nad4 1 0.000000 0.000000 0.000000
13267 nad4 1 0.000000 0.000000 0.000000
13268 nad4 1 0.000000 0.000000 0.000000
13269 nad4 1 0.000000 0.000000 0.000000
13270 nad4 1 0.000000 0.000000 0.000000
13271 nad4 1 0.000000 0.000000 0.000000
13272 nad4 1 0.000000 0.000000 0.000000
13273 nad4 1 0.000000 0.000000 0.000000
13274 nad4 1 0.000000 0.000000 0.000000
13275 nad4 1 0.000000 0.000000 0.000000
13276 nad4 1 0.000000 0.000000 0.000000
13277 nad4 1 0.000000 0.000000 0.000000
13278 nad4 1 0.000000 0.000000 0.000000
13279 nad4 1 0.000000 0.000000 0.000000
13280 nad4 1 0.000000 0.000000 0.000000
13281 nad4 1 0.000000 0.000000 0.000000
13282 nad4 1 0.000000 0.000000 0.000000
13283 nad4 1 0.000000 0.000000 0.000000
13284 nad4 1 0.000000 0.000000 0.000000
13285 nad4 1 0.000000 0.000000 0.000000
13286 nad4 1 0.000000 0.000000 0.000000
13287 nad4 1 0.000000 0.000000 0.000000
13288 nad4 1 0.000000 0.000000 0.000000
13289 nad4 1 0.000000 0.000000 0.000000
13290 nad4 1 0.000000 0.000000 0.000000
13291 nad4 1 0.000000 0.000000 0.000000
13292 nad4 1 0.000000 0.000000 0.000000
13293 nad4 1 0.000000 0.000000 0.000000
13294 nad4 1 0.000000 0.000000 0.000000
13295 nad4 1 0.000000 0.000000 0.000000
13296 nad4 1 0.000000 0.000000 0.000000
13297 nad4 1 0.000000 0.000000 0.000000
13298 nad4 1 0.000000 0.000000 0.000000
13299 nad4 1 0.000000 0.000000 0.000000
13300 nad4 1 0.000000 0.000000 0.000000
13301 nad4 1 0.000000 0.000000 0.000000
13302 nad4 1 0.000000 0.000000 0.000000
13303 nad4 1 0.000000 0.000000 0.000000
13304 nad4 1 0.000000 0.000000 0.000000
13305 nad4 1 0.000000 0.000000 0.000000
13306 nad4 1 0.000000 0.000000 0.000000
13307 nad4 1 0.000000 0.000000 0.000000
13308 nad4 1 0.000000 0.000000 0.000000
13309 nad4 1 0.000000 0.000000 0.000000
13310 nad4 1 0.000000 0.000000 0.000000
13311 nad4 1 0.000000 0.000000 0.000000
13312 nad4 1 0.000000 0.000000 0.000000
13313 nad4 1 0.000000 0.000000 0.000000
13314 nad4 1 0.000000 0.000000 0.000000
13315 nad4 1 0.000000 0.000000 0.000000
13316 nad4 1 0.000000 0.000000 0.000000
13317 nad4 1 0.000000 0.000000 0.000000
13318 nad4 1 0.000000 0.000000 0.000000
13319 nad4 1 0.000000 0.000000 0.000000
13320 nad4 1 0.000000 0.000000 0.000000
13321 nad4 1 0.000000 0.000000 0.000000
13322 nad4 1 0.000000 0.000000 0.000000
13323 nad4 1 0.000000 0.000000 0.000000
13324 nad4 1 0.000000 0.000000 0.000000
13325 nad4 1 0.000000 0.000000 0.000000
13326 nad4 1 0.000000 0.000000 0.000000
13327 nad4 1 0.000000 0.000000 0.000000
13328 nad4 1 0.000000 0.000000 0.000000
13329 nad4 1 0.000000 0.000000 0.000000
13330 nad4 1 0.000000 0.000000 0.000000
13331 nad4 1 0.000000 0.000000 0.000000
13332 nad4 1 0.000000 0.000000 0.000000
13333 nad4 1 0.000000 0.000000 0.000000
13334 nad4 1 0.000000 0.000000 0.000000
13335 nad4 1 0.000000 0.000000 0.000000
13336 nad4 1 0.000000 0.000000 0.000000
13337 nad4 1 0.000000 0.000000 0.000000
13338 nad4 1 0.000000 0.000000 0.000000
13339 nad4 1 0.000000 0.000000 0.000000
13340 nad4 1 0.000000 0.000000 0.000000
13341 nad4 1 0.000000 0.000000 0.000000
13342 nad4 1 0.000000 0.000000 0.000000
13343 nad4 1 0.000000 0.000000 0.000000
13344 nad4 1 0.000000 0.000000 0.000000
13345 nad4 1 0.000000 0.000000 0.000000
13346 nad4 1 0.000000 0.000000 0.000000
13347 nad4 1 0.000000 0.000000 0.000000
13348 nad4 1 0.000000 0.000000 0.000000
13349 nad4 1 0.000000 0.000000 0.000000
13350 nad4 1 0.000000 0.000000 0.000000
13351 nad4 1 0.000000 0.000000 0.000000
13352 nad4 1 0.000000 0.000000 0.000000
13353 nad4 1 0.000000 0.000000 0.000000
13354 nad4 1 0.000000 0.000000 0.000000
13355 nad4 1 0.000000 0.000000 0.000000
13356 nad4 1 0.000000 0.000000 0.000000
13357 nad4 1 0.000000 0.000000 0.000000
13358 nad4 1 0.000000 0.000000 0.000000
13359 nad4 1 0.000000 0.000000 0.000000
13360 nad4 1 0.000000 0.000000 0.000000
13361 nad4 1 0.000000 0.000000 0.000000
13362 nad4 1 0.000000 0.000000 0.000000
13363 nad4 1 0.000000 0.000000 0.000000
13364 nad4 1 0.000000 0.000000 0.000000
13365 nad4 1 0.000000 0.000000 0.000000
13366 nad4 1 0.000000 0.000000 0.000000
13367 nad4 1 0.000000 0.977411 0.022589
13368 nad4 1 0.000000 0.000000 0.000000
9456 nad3 2 0.000000 0.000000 0.000000
9457 nad3 2 15.108463 0.097222 0.902778
9458 nad3 2 15.108463 0.099525 0.900475
9459 nad3 2 15.108463 0.101828 0.898172
9460 nad3 2 15.108463 0.104131 0.895869
9461 nad3 2 15.108463 0.106434 0.893566
9462 nad3 2 15.108463 0.108736 0.891264
9463 nad3 2 15.108463 0.111039 0.888961
9464 nad3 2 15.108463 0.113342 0.886658
9465 nad3 2 15.108463 0.115645 0.884355
9466 nad3 2 15.108463 0.117948 0.882052
9467 nad3 2 15.108463 0.120251 0.879749
9468 nad3 2 15.108463 0.122554 0.877446
9469 nad3 2 15.108463 0.124856 0.875144
9470 nad3 2 15.108463 0.127159 0.872841
9471 nad3 2 15.108463 0.129462 0.870538
9472 nad3 2 15.108463 0.131765 0.868235
9473 nad3 2 15.108463 0.134068 0.865932
9474 nad3 2 15.108463 0.136371 0.863629
9475 nad3 2 17.807433 0.098966 0.901034
9476 nad3 2 17.807433 0.101356 0.898644
9477 nad3 2 17.807433 0.103745 0.896255
9478 nad3 2 17.807433 0.106135 0.893865
9479 nad3 2 17.807433 0.108524 0.891476
9480 nad3 2 17.807433 0.110913 0.889087
9481 nad3 2 17.807433 0.113303 0.886697
9482 nad3 2 17.807433 0.115692 0.884308
9483 nad3 2 17.807433 0.118081 0.881919
9484 nad3 2 17.807433 0.120471 0.879529
9485 nad3 2 17.807433 0.122860 0.877140
9486 nad3 2 17.807433 0.125249 0.874751
9487 nad3 2 17.807433 0.127639 0.872361
9488 nad3 2 17.807433 0.130028 0.869972
9489 nad3 2 17.807433 0.132418 0.867582
9490 nad3 2 17.807433 0.134807 0.865193
9491 nad3 2 17.807433 0.137196 0.862804
9492 nad3 2 17.807433 0.139586 0.860414
9493 nad3 2 17.807433 0.141975 0.858025
9494 nad3 2 17.807433 0.144364 0.855636
9495 nad3 2 17.807433 0.146754 0.853246
9496 nad3 2 1699.678709 0.029152 0.970848
9497 nad3 2 1699.678709 0.031900 0.968100
9498 nad3 2 1699.678709 0.034647 0.965353
9499 nad3 2 3233.986199 0.035737 0.964263
9500 nad3 2 3233.986199 0.038490 0.961510
9501 nad3 2 3233.986199 0.041243 0.958757
9502 nad3 2 145294.065282 0.002231 0.997769
9503 nad3 2 145294.065282 0.005106 0.994894
9504 nad3 2 145294.065282 0.007982 0.992018
9505 nad3 2 148598.146623 0.011829 0.988171
9506 nad3 2 148598.146623 0.014703 0.985297
9507 nad3 2 148598.146623 0.017576 0.982424
9508 nad3 2 151467.914370 0.020681 0.979319
9509 nad3 2 151467.914370 0.023554 0.976446
9510 nad3 2 151467.914370 0.026426 0.973574
9511 nad3 2 152872.768038 0.029289 0.970711
9512 nad3 2 152872.768038 0.032162 0.967838
9513 nad3 2 152872.768038 0.035034 0.964966
9514 nad3 2 154081.204708 0.037777 0.962223
9515 nad3 2 154081.204708 0.040650 0.959350
9516 nad3 2 154081.204708 0.043523 0.956477
9517 nad3 2 154902.276748 0.046383 0.953617
9518 nad3 2 154902.276748 0.049256 0.950744
9519 nad3 2 154902.276748 0.052129 0.947871
9520 nad3 2 157660.792255 0.054840 0.945160
9521 nad3 2 157660.792255 0.057713 0.942287
9522 nad3 2 157660.792255 0.060587 0.939413
9523 nad3 2 158097.596827 0.063370 0.936630
9524 nad3 2 158097.596827 0.066243 0.933757
9525 nad3 2 158097.596827 0.069117 0.930883
9526 nad3 2 158300.160703 0.071972 0.928028
9527 nad3 2 158300.160703 0.074846 0.925154
9528 nad3 2 158300.160703 0.077720 0.922280
9529 nad3 2 159661.537341 0.080529 0.919471
9530 nad3 2 159661.537341 0.083403 0.916597
9531 nad3 2 159661.537341 0.086276 0.913724
9532 nad3 2 161644.371808 0.089286 0.910714
9533 nad3 2 161644.371808 0.092159 0.907841
9534 nad3 2 161644.371808 0.095033 0.904967
9535 nad3 2 165012.501346 0.097924 0.902076
9536 nad3 2 165012.501346 0.100797 0.899203
9537 nad3 2 165012.501346 0.103670 0.896330
9538 nad3 2 171450.227267 0.106455 0.893545
9539 nad3 2 171450.227267 0.109329 0.890671
9540 nad3 2 171450.227267 0.112203 0.887797
9541 nad3 2 173488.782856 0.115138 0.884862
9542 nad3 2 173488.782856 0.118011 0.881989
9543 nad3 2 173488.782856 0.120885 0.879115
9544 nad3 2 173860.689857 0.123772 0.876228
9545 nad3 2 173860.689857 0.126645 0.873355
9546 nad3 2 173860.689857 0.129518 0.870482
9547 nad3 2 177405.597104 0.132469 0.867531
9548 nad3 2 177405.597104 0.135342 0.864658
9549 nad3 2 177405.597104 0.138215 0.861785
9550 nad3 2 177997.094988 0.141088 0.858912
9551 nad3 2 177997.094988 0.143961 0.856039
9552 nad3 2 177997.094988 0.146834 0.853166
9553 nad3 2 181674.592020 0.149543 0.850457
9554 nad3 2 181674.592020 0.152416 0.847584
9555 nad3 2 181674.592020 0.155290 0.844710
9556 nad3 2 182720.717717 0.158199 0.841801
9557 nad3 2 182720.717717 0.161073 0.838927
9558 nad3 2 182720.717717 0.163946 0.836054
9559 nad3 2 188072.925706 0.166868 0.833132
9560 nad3 2 188072.925706 0.169741 0.830259
9561 nad3 2 188072.925706 0.172615 0.827385
9562 nad3 2 188926.316791 0.175477 0.824523
9563 nad3 2 188926.316791 0.178351 0.821649
9564 nad3 2 188926.316791 0.181224 0.818776
9565 nad3 2 193914.992488 0.184217 0.815783
9566 nad3 2 193914.992488 0.187090 0.812910
9567 nad3 2 193914.992488 0.189963 0.810037
9568 nad3 2 194357.315501 0.192844 0.807156
9569 nad3 2 194357.315501 0.195717 0.804283
9570 nad3 2 194357.315501 0.198590 0.801410
9571 nad3 2 194799.678094 0.201505 0.798495
9572 nad3 2 194799.678094 0.204378 0.795622
9573 nad3 2 194799.678094 0.207251 0.792749
9574 nad3 2 195435.314548 0.210191 0.789809
9575 nad3 2 195435.314548 0.213064 0.786936
9576 nad3 2 195435.314548 0.215936 0.784064
9577 nad3 2 199237.586738 0.219102 0.780898
9578 nad3 2 199237.586738 0.221974 0.778026
9579 nad3 2 199237.586738 0.224846 0.775154
9580 nad3 2 199306.133755 0.227705 0.772295
9581 nad3 2 199306.133755 0.230577 0.769423
9582 nad3 2 199306.133755 0.233449 0.766551
9583 nad3 2 201307.905234 0.236508 0.763492
9584 nad3 2 201307.905234 0.239379 0.760621
9585 nad3 2 201307.905234 0.242250 0.757750
9586 nad3 2 206373.258042 0.245506 0.754494
9587 nad3 2 206373.258042 0.248375 0.751625
9588 nad3 2 206373.258042 0.251245 0.748755
9589 nad3 2 206661.049737 0.254143 0.745857
9590 nad3 2 206661.049737 0.257013 0.742987
9591 nad3 2 206661.049737 0.259882 0.740118
9592 nad3 2 210519.593437 0.263055 0.736945
9593 nad3 2 210519.593437 0.265923 0.734077
9594 nad3 2 210519.593437 0.268791 0.731209
9595 nad3 2 232788.684889 0.273209 0.726791
9596 nad3 2 232788.684889 0.276071 0.723929
9597 nad3 2 232788.684889 0.278933 0.721067
9598 nad3 2 233110.198036 0.281903 0.718097
9599 nad3 2 233110.198036 0.284765 0.715235
9600 nad3 2 233110.198036 0.287626 0.712374
9601 nad3 2 233422.726174 0.290564 0.709436
9602 nad3 2 233422.726174 0.293425 0.706575
9603 nad3 2 233422.726174 0.296287 0.703713
9604 nad3 2 233585.727311 0.299189 0.700811
9605 nad3 2 233585.727311 0.302050 0.697950
9606 nad3 2 233585.727311 0.304912 0.695088
9607 nad3 2 233652.899662 0.307785 0.692215
9608 nad3 2 233652.899662 0.310646 0.689354
9609 nad3 2 233652.899662 0.313508 0.686492
9610 nad3 2 233716.318995 0.316369 0.683631
9611 nad3 2 233716.318995 0.319231 0.680769
9612 nad3 2 233716.318995 0.322092 0.677908
9613 nad3 2 233745.853045 0.324955 0.675045
9614 nad3 2 233745.853045 0.327817 0.672183
9615 nad3 2 233745.853045 0.330678 0.669322
9616 nad3 2 233750.412135 0.333541 0.666459
9617 nad3 2 233750.412135 0.336403 0.663597
9618 nad3 2 233750.412135 0.339264 0.660736
9619 nad3 2 233750.412135 0.342125 0.657875
9620 nad3 2 233750.412135 0.344987 0.655013
9621 nad3 2 233750.412135 0.347848 0.652152
9622 nad3 2 233750.412135 0.350709 0.649291
9623 nad3 2 233750.412135 0.353570 0.646430
9624 nad3 2 233750.412135 0.356432 0.643568
9625 nad3 2 233750.412135 0.359293 0.640707
9626 nad3 2 233750.412135 0.362154 0.637846
9627 nad3 2 233750.412135 0.365016 0.634984
9628 nad3 2 233750.412135 0.367877 0.632123
9629 nad3 2 233750.412135 0.370738 0.629262
9630 nad3 2 233750.412135 0.373599 0.626401
9631 nad3 2 233750.412135 0.376461 0.623539
9632 nad3 2 233750.412135 0.379322 0.620678
9633 nad3 2 233750.412135 0.382183 0.617817
9634 nad3 2 233750.412135 0.385044 0.614956
9635 nad3 2 233750.412135 0.387906 0.612094
9636 nad3 2 233750.412135 0.390767 0.609233
9637 nad3 2 233750.412135 0.393628 0.606372
9638 nad3 2 233750.412135 0.396490 0.603510
9639 nad3 2 233750.412135 0.399351 0.600649
9640 nad3 2 233750.412135 0.402212 0.597788
9641 nad3 2 233750.412135 0.405073 0.594927
9642 nad3 2 233750.412135 0.407935 0.592065
9643 nad3 2 233750.412135 0.410796 0.589204
9644 nad3 2 233750.412135 0.413657 0.586343
9645 nad3 2 233750.412135 0.416519 0.583481
9646 nad3 2 233750.412135 0.419380 0.580620
9647 nad3 2 233750.412135 0.422241 0.577759
9648 nad3 2 233750.412135 0.425102 0.574898
9649 nad3 2 233750.412135 0.427964 0.572036
9650 nad3 2 233750.412135 0.430825 0.569175
9651 nad3 2 233750.412135 0.433686 0.566314
9652 nad3 2 233750.412135 0.436548 0.563452
9653 nad3 2 233750.412135 0.439409 0.560591
9654 nad3 2 233750.412135 0.442270 0.557730
9655 nad3 2 233750.412135 0.445131 0.554869
9656 nad3 2 233750.412135 0.447993 0.552007
9657 nad3 2 233750.412135 0.450854 0.549146
9658 nad3 2 233750.412135 0.453715 0.546285
9659 nad3 2 233750.412135 0.456577 0.543423
9660 nad3 2 233750.412135 0.459438 0.540562
9661 nad3 2 233750.412135 0.462299 0.537701
9662 nad3 2 233750.412135 0.465160 0.534840
9663 nad3 2 233750.412135 0.468022 0.531978
9664 nad3 2 233750.412135 0.470883 0.529117
9665 nad3 2 233750.412135 0.473744 0.526256
9666 nad3 2 233750.412135 0.476606 0.523394
9667 nad3 2 233750.412135 0.479467 0.520533
9668 nad3 2 233750.412135 0.482328 0.517672
9669 nad3 2 233750.412135 0.485189 0.514811
9670 nad3 2 233750.412135 0.488051 0.511949
9671 nad3 2 233750.412135 0.490912 0.509088
9672 nad3 2 233750.412135 0.493773 0.506227
9673 nad3 2 233739.621650 0.496631 0.503369
9674 nad3 2 233739.621650 0.499492 0.500508
9675 nad3 2 233739.621650 0.502353 0.497647
9676 nad3 2 233747.825076 0.505215 0.494785
9677 nad3 2 233747.825076 0.508076 0.491924
9678 nad3 2 233747.825076 0.510937 0.489063
9679 nad3 2 233747.825076 0.513798 0.486202
9680 nad3 2 233747.825076 0.516660 0.483340
9681 nad3 2 233747.825076 0.519521 0.480479
9682 nad3 2 233741.939020 0.522382 0.477618
9683 nad3 2 233741.939020 0.525243 0.474757
9684 nad3 2 233741.939020 0.528105 0.471895
9685 nad3 2 233741.939020 0.530966 0.469034
9686 nad3 2 233741.939020 0.533827 0.466173
9687 nad3 2 233741.939020 0.536689 0.463311
9688 nad3 2 233741.939020 0.539550 0.460450
9689 nad3 2 233741.939020 0.542411 0.457589
9690 nad3 2 233741.939020 0.545272 0.454728
9691 nad3 2 233741.939020 0.548134 0.451866
9692 nad3 2 233741.939020 0.550995 0.449005
9693 nad3 2 233741.939020 0.553856 0.446144
9694 nad3 2 233741.939020 0.556718 0.443282
9695 nad3 2 233741.939020 0.559579 0.440421
9696 nad3 2 233741.939020 0.562440 0.437560
9697 nad3 2 233741.939020 0.565302 0.434698
9698 nad3 2 233741.939020 0.568163 0.431837
9699 nad3 2 233741.939020 0.571024 0.428976
9700 nad3 2 233733.042823 0.573887 0.426113
9701 nad3 2 233733.042823 0.576748 0.423252
9702 nad3 2 233733.042823 0.579609 0.420391
9703 nad3 2 233733.042823 0.582470 0.417530
9704 nad3 2 233733.042823 0.585332 0.414668
9705 nad3 2 233733.042823 0.588193 0.411807
9706 nad3 2 233699.162414 0.591053 0.408947
9707 nad3 2 233699.162414 0.593914 0.406086
9708 nad3 2 233699.162414 0.596776 0.403224
9709 nad3 2 233674.621806 0.599628 0.400372
9710 nad3 2 233674.621806 0.602489 0.397511
9711 nad3 2 233674.621806 0.605351 0.394649
9712 nad3 2 233674.621806 0.608212 0.391788
9713 nad3 2 233674.621806 0.611074 0.388926
9714 nad3 2 233674.621806 0.613935 0.386065
9715 nad3 2 233674.621806 0.616796 0.383204
9716 nad3 2 233674.621806 0.619658 0.380342
9717 nad3 2 233674.621806 0.622519 0.377481
9718 nad3 2 233674.621806 0.625380 0.374620
9719 nad3 2 233674.621806 0.628242 0.371758
9720 nad3 2 233674.621806 0.631103 0.368897
9721 nad3 2 233625.206410 0.633912 0.366088
9722 nad3 2 233625.206410 0.636773 0.363227
9723 nad3 2 233625.206410 0.639634 0.360366
9724 nad3 2 233494.189474 0.642497 0.357503
9725 nad3 2 233494.189474 0.645358 0.354642
9726 nad3 2 233494.189474 0.648219 0.351781
9727 nad3 2 233353.865877 0.650979 0.349021
9728 nad3 2 233353.865877 0.653840 0.346160
9729 nad3 2 233353.865877 0.656701 0.343299
9730 nad3 2 233163.181871 0.659455 0.340545
9731 nad3 2 233163.181871 0.662316 0.337684
9732 nad3 2 233163.181871 0.665177 0.334823
9733 nad3 2 233150.236966 0.668038 0.331962
9734 nad3 2 233150.236966 0.670899 0.329101
9735 nad3 2 233150.236966 0.673760 0.326240
9736 nad3 2 233140.624356 0.676622 0.323378
9737 nad3 2 233140.624356 0.679483 0.320517
9738 nad3 2 233140.624356 0.682344 0.317656
9739 nad3 2 233132.580524 0.685203 0.314797
9740 nad3 2 233132.580524 0.688064 0.311936
9741 nad3 2 233132.580524 0.690925 0.309075
9742 nad3 2 233132.580524 0.693786 0.306214
9743 nad3 2 233132.580524 0.696648 0.303352
9744 nad3 2 233132.580524 0.699509 0.300491
9745 nad3 2 233132.580524 0.702370 0.297630
9746 nad3 2 233132.580524 0.705231 0.294769
9747 nad3 2 233132.580524 0.708092 0.291908
9748 nad3 2 233072.834541 0.710936 0.289064
9749 nad3 2 233072.834541 0.713797 0.286203
9750 nad3 2 233072.834541 0.716658 0.283342
9751 nad3 2 233037.888359 0.719495 0.280505
9752 nad3 2 233037.888359 0.722356 0.277644
9753 nad3 2 233037.888359 0.725217 0.274783
9754 nad3 2 232990.248180 0.728081 0.271919
9755 nad3 2 232990.248180 0.730941 0.269059
9756 nad3 2 232990.248180 0.733802 0.266198
9757 nad3 2 232978.605502 0.736650 0.263350
9758 nad3 2 232978.605502 0.739511 0.260489
9759 nad3 2 232978.605502 0.742371 0.257629
9760 nad3 2 232962.939472 0.745228 0.254772
9761 nad3 2 232962.939472 0.748089 0.251911
9762 nad3 2 232962.939472 0.750949 0.249051
9763 nad3 2 232955.362718 0.753807 0.246193
9764 nad3 2 232955.362718 0.756668 0.243332
9765 nad3 2 232955.362718 0.759529 0.240471
9766 nad3 2 232946.095112 0.762388 0.237612
9767 nad3 2 232946.095112 0.765248 0.234752
9768 nad3 2 232946.095112 0.768109 0.231891
9769 nad3 2 232933.620157 0.770972 0.229028
9770 nad3 2 232933.620157 0.773832 0.226168
9771 nad3 2 232933.620157 0.776693 0.223307
9772 nad3 2 232909.227612 0.779546 0.220454
9773 nad3 2 232909.227612 0.782407 0.217593
9774 nad3 2 232909.227612 0.785268 0.214732
9775 nad3 2 232909.227612 0.788128 0.211872
9776 nad3 2 232909.227612 0.790989 0.209011
9777 nad3 2 232909.227612 0.793850 0.206150
9778 nad3 2 232900.115791 0.796712 0.203288
9779 nad3 2 232900.115791 0.799572 0.200428
9780 nad3 2 232900.115791 0.802433 0.197567
9781 nad3 2 232900.115791 0.805294 0.194706
9782 nad3 2 232900.115791 0.808154 0.191846
9783 nad3 2 232900.115791 0.811015 0.188985
9784 nad3 2 232900.115791 0.813876 0.186124
9785 nad3 2 232900.115791 0.816736 0.183264
9786 nad3 2 232900.115791 0.819597 0.180403
9787 nad3 2 232897.814761 0.822454 0.177546
9788 nad3 2 232897.814761 0.825315 0.174685
9789 nad3 2 232897.814761 0.828175 0.171825
9790 nad3 2 232897.814761 0.831036 0.168964
9791 nad3 2 232897.814761 0.833897 0.166103
9792 nad3 2 232897.814761 0.836757 0.163243
9793 nad3 2 232897.814761 0.839618 0.160382
9794 nad3 2 232897.814761 0.842479 0.157521
9795 nad3 2 232897.814761 0.845339 0.154661
9796 nad3 2 232894.537395 0.848195 0.151805
9797 nad3 2 232894.537395 0.851056 0.148944
9798 nad3 2 232894.537395 0.853916 0.146084
9799 nad3 2 232894.537395 0.856777 0.143223
9800 nad3 2 232894.537395 0.859638 0.140362
9801 nad3 2 232894.537395 0.862498 0.137502
9802 nad3 2 232886.272994 0.865357 0.134643
9803 nad3 2 232886.272994 0.868218 0.131782
9804 nad3 2 232886.272994 0.871079 0.128921
9805 nad3 2 232880.986485 0.873931 0.126069
9806 nad3 2 232880.986485 0.876791 0.123209
9807 nad3 2 232880.986485 0.879652 0.120348
9808 nad3 2 232880.986485 0.882513 0.117487
9809 nad3 2 232880.986485 0.885373 0.114627
9810 nad3 2 232880.986485 0.888234 0.111766
9811 nad3 2 232880.986485 0.891094 0.108906
9812 nad3 2 232880.986485 0.893955 0.106045
9813 nad3 2 232880.986485 0.896816 0.103184
9814 nad3 2 232868.350097 0.899674 0.100326
9815 nad3 2 232868.350097 0.902534 0.097466
9816 nad3 2 232868.350097 0.905395 0.094605
9817 nad3 2 232819.293719 0.908248 0.091752
9818 nad3 2 232819.293719 0.911108 0.088892
9819 nad3 2 232819.293719 0.913969 0.086031
9820 nad3 2 232819.293719 0.916829 0.083171
9821 nad3 2 232819.293719 0.919690 0.080310
9822 nad3 2 232819.293719 0.922550 0.077450
9823 nad3 2 232819.293719 0.925411 0.074589
9824 nad3 2 232819.293719 0.928271 0.071729
9825 nad3 2 232819.293719 0.931132 0.068868
9826 nad3 2 232819.293719 0.933992 0.066008
9827 nad3 2 232819.293719 0.936853 0.063147
9828 nad3 2 232819.293719 0.939714 0.060286
9829 nad3 2 232782.166056 0.942568 0.057432
9830 nad3 2 232782.166056 0.945428 0.054572
9831 nad3 2 232782.166056 0.948289 0.051711
9832 nad3 2 232742.582696 0.951151 0.048849
9833 nad3 2 232742.582696 0.954011 0.045989
9834 nad3 2 232742.582696 0.956872 0.043128
9835 nad3 2 232651.834410 0.959763 0.040237
9836 nad3 2 232651.834410 0.962624 0.037376
9837 nad3 2 232651.834410 0.965484 0.034516
9838 nad3 2 232519.215212 0.968334 0.031666
9839 nad3 2 232519.215212 0.971195 0.028805
9840 nad3 2 232519.215212 0.974055 0.025945
9841 nad3 2 220216.123936 0.976687 0.023313
9842 nad3 2 220216.123936 0.979552 0.020448
9843 nad3 2 220216.123936 0.982417 0.017583
9844 nad3 2 213705.310515 0.985300 0.014700
9845 nad3 2 213705.310515 0.988167 0.011833
9846 nad3 2 213705.310515 0.991034 0.008966
9847 nad3 2 744.537376 0.963009 0.036991
9848 nad3 2 744.537376 0.965796 0.034204
9849 nad3 2 744.537376 0.968583 0.031417
9850 nad3 2 258.298246 0.965965 0.034035
9851 nad3 2 258.298246 0.968690 0.031310
9852 nad3 2 258.298246 0.971415 0.028585
9853 nad3 2 159.684257 0.978162 0.021838
9854 nad3 2 159.684257 0.980927 0.019073
9855 nad3 2 159.684257 0.983693 0.016307
9856 nad3 2 0.000000 0.000000 0.000000
9878 nad4l 1 0.000000 0.000000 0.000000
9879 nad4l 1 2.698970 0.029126 0.970874
9880 nad4l 1 2.698970 0.032022 0.967978
9881 nad4l 1 2.698970 0.034918 0.965082
9882 nad4l 1 2.698970 0.037815 0.962185
9883 nad4l 1 2.698970 0.040711 0.959289
9884 nad4l 1 2.698970 0.043607 0.956393
9885 nad4l 1 2.698970 0.046503 0.953497
9886 nad4l 1 2.698970 0.049399 0.950601
9887 nad4l 1 2.698970 0.052295 0.947705
9888 nad4l 1 41.628792 0.021298 0.978702
9889 nad4l 1 41.628792 0.024298 0.975702
9890 nad4l 1 41.628792 0.027298 0.972702
9891 nad4l 1 41.628792 0.030298 0.969702
9892 nad4l 1 41.628792 0.033298 0.966702
9893 nad4l 1 41.628792 0.036298 0.963702
9894 nad4l 1 46.308646 0.033325 0.966675
9895 nad4l 1 46.308646 0.036305 0.963695
9896 nad4l 1 46.308646 0.039284 0.960716
9897 nad4l 1 46.308646 0.042264 0.957736
9898 nad4l 1 46.308646 0.045243 0.954757
9899 nad4l 1 46.308646 0.048223 0.951777
9900 nad4l 1 53.275222 0.044352 0.955648
9901 nad4l 1 53.275222 0.047360 0.952640
9902 nad4l 1 53.275222 0.050368 0.949632
9903 nad4l 1 81.584688 0.042722 0.957278
9904 nad4l 1 81.584688 0.045782 0.954218
9905 nad4l 1 81.584688 0.048842 0.951158
9906 nad4l 1 676.968357 0.013952 0.986048
9907 nad4l 1 676.968357 0.017161 0.982839
9908 nad4l 1 676.968357 0.020370 0.979630
9909 nad4l 1 1082.744753 0.016909 0.983091
9910 nad4l 1 1082.744753 0.020138 0.979862
9911 nad4l 1 1082.744753 0.023367 0.976633
9912 nad4l 1 1170.573309 0.026912 0.973088
9913 nad4l 1 1170.573309 0.030140 0.969860
9914 nad4l 1 1170.573309 0.033368 0.966632
9915 nad4l 1 1279.113079 0.034442 0.965558
9916 nad4l 1 1279.113079 0.037676 0.962324
9917 nad4l 1 1279.113079 0.040910 0.959090
9918 nad4l 1 102700.892092 0.001322 0.998678
9919 nad4l 1 102700.892092 0.004697 0.995303
9920 nad4l 1 102700.892092 0.008072 0.991928
9921 nad4l 1 103358.777013 0.011672 0.988328
9922 nad4l 1 103358.777013 0.015046 0.984954
9923 nad4l 1 103358.777013 0.018420 0.981580
9924 nad4l 1 103727.852955 0.021947 0.978053
9925 nad4l 1 103727.852955 0.025321 0.974679
9926 nad4l 1 103727.852955 0.028695 0.971305
9927 nad4l 1 104909.194565 0.032150 0.967850
9928 nad4l 1 104909.194565 0.035524 0.964476
9929 nad4l 1 104909.194565 0.038898 0.961102
9930 nad4l 1 106265.695270 0.042275 0.957725
9931 nad4l 1 106265.695270 0.045648 0.954352
9932 nad4l 1 106265.695270 0.049022 0.950978
9933 nad4l 1 107667.059235 0.052186 0.947814
9934 nad4l 1 107667.059235 0.055561 0.944439
9935 nad4l 1 107667.059235 0.058935 0.941065
9936 nad4l 1 108473.094320 0.062015 0.937985
9937 nad4l 1 108473.094320 0.065391 0.934609
9938 nad4l 1 108473.094320 0.068767 0.931233
9939 nad4l 1 109623.986726 0.071556 0.928444
9940 nad4l 1 109623.986726 0.074934 0.925066
9941 nad4l 1 109623.986726 0.078313 0.921687
9942 nad4l 1 110389.226915 0.081304 0.918696
9943 nad4l 1 110389.226915 0.084685 0.915315
9944 nad4l 1 110389.226915 0.088065 0.911935
9945 nad4l 1 111243.300832 0.091462 0.908538
9946 nad4l 1 111243.300832 0.094843 0.905157
9947 nad4l 1 111243.300832 0.098224 0.901776
9948 nad4l 1 123460.638257 0.101621 0.898379
9949 nad4l 1 123460.638257 0.105002 0.894998
9950 nad4l 1 123460.638257 0.108383 0.891617
9951 nad4l 1 130976.549810 0.111376 0.888624
9952 nad4l 1 130976.549810 0.114758 0.885242
9953 nad4l 1 130976.549810 0.118140 0.881860
9954 nad4l 1 131205.898122 0.121629 0.878371
9955 nad4l 1 131205.898122 0.125011 0.874989
9956 nad4l 1 131205.898122 0.128393 0.871607
9957 nad4l 1 131307.096372 0.131744 0.868256
9958 nad4l 1 131307.096372 0.135126 0.864874
9959 nad4l 1 131307.096372 0.138508 0.861492
9960 nad4l 1 131758.671223 0.141985 0.858015
9961 nad4l 1 131758.671223 0.145366 0.854634
9962 nad4l 1 131758.671223 0.148747 0.851253
9963 nad4l 1 132600.530977 0.151790 0.848210
9964 nad4l 1 132600.530977 0.155174 0.844826
9965 nad4l 1 132600.530977 0.158557 0.841443
9966 nad4l 1 132796.428923 0.161874 0.838126
9967 nad4l 1 132796.428923 0.165257 0.834743
9968 nad4l 1 132796.428923 0.168641 0.831359
9969 nad4l 1 133174.534978 0.171926 0.828074
9970 nad4l 1 133174.534978 0.175310 0.824690
9971 nad4l 1 133174.534978 0.178694 0.821306
9972 nad4l 1 133264.602677 0.182108 0.817892
9973 nad4l 1 133264.602677 0.185492 0.814508
9974 nad4l 1 133264.602677 0.188876 0.811124
9975 nad4l 1 133300.709661 0.192241 0.807759
9976 nad4l 1 133300.709661 0.195625 0.804375
9977 nad4l 1 133300.709661 0.199009 0.800991
9978 nad4l 1 133352.531428 0.202394 0.797606
9979 nad4l 1 133352.531428 0.205778 0.794222
9980 nad4l 1 133352.531428 0.209162 0.790838
9981 nad4l 1 133889.678231 0.212683 0.787317
9982 nad4l 1 133889.678231 0.216067 0.783933
9983 nad4l 1 133889.678231 0.219450 0.780550
9984 nad4l 1 138463.798700 0.223645 0.776355
9985 nad4l 1 138463.798700 0.227027 0.772973
9986 nad4l 1 138463.798700 0.230408 0.769592
9987 nad4l 1 138752.735605 0.233927 0.766073
9988 nad4l 1 138752.735605 0.237308 0.762692
9989 nad4l 1 138752.735605 0.240689 0.759311
9990 nad4l 1 138781.104783 0.244025 0.755975
9991 nad4l 1 138781.104783 0.247406 0.752594
9992 nad4l 1 138781.104783 0.250786 0.749214
9993 nad4l 1 138783.104783 0.254160 0.745840
9994 nad4l 1 138783.104783 0.257541 0.742459
9995 nad4l 1 138783.104783 0.260922 0.739078
9996 nad4l 1 138783.104783 0.264302 0.735698
9997 nad4l 1 138783.104783 0.267683 0.732317
9998 nad4l 1 138783.104783 0.271064 0.728936
9999 nad4l 1 138783.104783 0.274445 0.725555
10000 nad4l 1 138783.104783 0.277826 0.722174
10001 nad4l 1 138783.104783 0.281207 0.718793
10002 nad4l 1 138783.104783 0.284587 0.715413
10003 nad4l 1 138783.104783 0.287968 0.712032
10004 nad4l 1 138783.104783 0.291349 0.708651
10005 nad4l 1 138787.032901 0.294728 0.705272
10006 nad4l 1 138787.032901 0.298109 0.701891
10007 nad4l 1 138787.032901 0.301490 0.698510
10008 nad4l 1 138787.032901 0.304871 0.695129
10009 nad4l 1 138787.032901 0.308252 0.691748
10010 nad4l 1 138787.032901 0.311633 0.688367
10011 nad4l 1 138787.032901 0.315014 0.684986
10012 nad4l 1 138787.032901 0.318395 0.681605
10013 nad4l 1 138787.032901 0.321775 0.678225
10014 nad4l 1 138787.032901 0.325156 0.674844
10015 nad4l 1 138787.032901 0.328537 0.671463
10016 nad4l 1 138787.032901 0.331918 0.668082
10017 nad4l 1 138789.731871 0.335301 0.664699
10018 nad4l 1 138789.731871 0.338682 0.661318
10019 nad4l 1 138789.731871 0.342063 0.657937
10020 nad4l 1 138799.833673 0.345461 0.654539
10021 nad4l 1 138799.833673 0.348842 0.651158
10022 nad4l 1 138799.833673 0.352222 0.647778
10023 nad4l 1 138801.930583 0.355596 0.644404
10024 nad4l 1 138801.930583 0.358977 0.641023
10025 nad4l 1 138801.930583 0.362357 0.637643
10026 nad4l 1 138801.930583 0.365738 0.634262
10027 nad4l 1 138801.930583 0.369119 0.630881
10028 nad4l 1 138801.930583 0.372500 0.627500
10029 nad4l 1 138804.231613 0.375882 0.624118
10030 nad4l 1 138804.231613 0.379263 0.620737
10031 nad4l 1 138804.231613 0.382644 0.617356
10032 nad4l 1 138804.231613 0.386024 0.613976
10033 nad4l 1 138804.231613 0.389405 0.610595
10034 nad4l 1 138804.231613 0.392786 0.607214
10035 nad4l 1 138806.231613 0.396163 0.603837
10036 nad4l 1 138806.231613 0.399543 0.600457
10037 nad4l 1 138806.231613 0.402924 0.597076
10038 nad4l 1 138811.046921 0.406306 0.593694
10039 nad4l 1 138811.046921 0.409686 0.590314
10040 nad4l 1 138811.046921 0.413067 0.586933
10041 nad4l 1 138811.046921 0.416448 0.583552
10042 nad4l 1 138811.046921 0.419829 0.580171
10043 nad4l 1 138811.046921 0.423210 0.576790
10044 nad4l 1 138811.046921 0.426590 0.573410
10045 nad4l 1 138811.046921 0.429971 0.570029
10046 nad4l 1 138811.046921 0.433352 0.566648
10047 nad4l 1 138811.046921 0.436733 0.563267
10048 nad4l 1 138811.046921 0.440114 0.559886
10049 nad4l 1 138811.046921 0.443494 0.556506
10050 nad4l 1 138813.569800 0.446872 0.553128
10051 nad4l 1 138813.569800 0.450252 0.549748
10052 nad4l 1 138813.569800 0.453633 0.546367
10053 nad4l 1 138813.569800 0.457014 0.542986
10054 nad4l 1 138813.569800 0.460395 0.539605
10055 nad4l 1 138813.569800 0.463776 0.536224
10056 nad4l 1 138813.569800 0.467157 0.532843
10057 nad4l 1 138813.569800 0.470537 0.529463
10058 nad4l 1 138813.569800 0.473918 0.526082
10059 nad4l 1 138818.331754 0.477309 0.522691
10060 nad4l 1 138818.331754 0.480689 0.519311
10061 nad4l 1 138818.331754 0.484070 0.515930
10062 nad4l 1 138822.164437 0.487458 0.512542
10063 nad4l 1 138822.164437 0.490839 0.509161
10064 nad4l 1 138822.164437 0.494220 0.505780
10065 nad4l 1 138822.164437 0.497600 0.502400
10066 nad4l 1 138822.164437 0.500981 0.499019
10067 nad4l 1 138822.164437 0.504362 0.495638
10068 nad4l 1 138827.349523 0.507741 0.492259
10069 nad4l 1 138827.349523 0.511122 0.488878
10070 nad4l 1 138827.349523 0.514503 0.485497
10071 nad4l 1 138831.632686 0.517881 0.482119
10072 nad4l 1 138831.632686 0.521262 0.478738
10073 nad4l 1 138831.632686 0.524642 0.475358
10074 nad4l 1 138864.387865 0.528023 0.471977
10075 nad4l 1 138864.387865 0.531404 0.468596
10076 nad4l 1 138864.387865 0.534784 0.465216
10077 nad4l 1 138864.387865 0.538165 0.461835
10078 nad4l 1 138864.387865 0.541546 0.458454
10079 nad4l 1 138864.387865 0.544927 0.455073
10080 nad4l 1 138864.387865 0.548307 0.451693
10081 nad4l 1 138864.387865 0.551688 0.448312
10082 nad4l 1 138864.387865 0.555069 0.444931
10083 nad4l 1 138866.910743 0.558450 0.441550
10084 nad4l 1 138866.910743 0.561831 0.438169
10085 nad4l 1 138866.910743 0.565211 0.434789
10086 nad4l 1 138866.910743 0.568592 0.431408
10087 nad4l 1 138866.910743 0.571973 0.428027
10088 nad4l 1 138866.910743 0.575354 0.424646
10089 nad4l 1 138866.910743 0.578734 0.421266
10090 nad4l 1 138866.910743 0.582115 0.417885
10091 nad4l 1 138866.910743 0.585496 0.414504
10092 nad4l 1 138879.825289 0.588878 0.411122
10093 nad4l 1 138879.825289 0.592258 0.407742
10094 nad4l 1 138879.825289 0.595639 0.404361
10095 nad4l 1 138953.947192 0.599004 0.400996
10096 nad4l 1 138953.947192 0.602385 0.397615
10097 nad4l 1 138953.947192 0.605766 0.394234
10098 nad4l 1 139057.017314 0.609080 0.390920
10099 nad4l 1 139057.017314 0.612460 0.387540
10100 nad4l 1 139057.017314 0.615841 0.384159
10101 nad4l 1 139203.320036 0.619285 0.380715
10102 nad4l 1 139203.320036 0.622666 0.377334
10103 nad4l 1 139203.320036 0.626047 0.373953
10104 nad4l 1 139213.971318 0.629429 0.370571
10105 nad4l 1 139213.971318 0.632810 0.367190
10106 nad4l 1 139213.971318 0.636192 0.363808
10107 nad4l 1 139223.128709 0.639569 0.360431
10108 nad4l 1 139223.128709 0.642950 0.357050
10109 nad4l 1 139223.128709 0.646332 0.353668
10110 nad4l 1 139223.128709 0.649713 0.350287
10111 nad4l 1 139223.128709 0.653094 0.346906
10112 nad4l 1 139223.128709 0.656475 0.343525
10113 nad4l 1 139225.526649 0.659858 0.340142
10114 nad4l 1 139225.526649 0.663239 0.336761
10115 nad4l 1 139225.526649 0.666620 0.333380
10116 nad4l 1 139267.556383 0.670002 0.329998
10117 nad4l 1 139267.556383 0.673383 0.326617
10118 nad4l 1 139267.556383 0.676764 0.323236
10119 nad4l 1 139267.556383 0.680145 0.319855
10120 nad4l 1 139267.556383 0.683526 0.316474
10121 nad4l 1 139267.556383 0.686907 0.313093
10122 nad4l 1 139267.556383 0.690288 0.309712
10123 nad4l 1 139267.556383 0.693669 0.306331
10124 nad4l 1 139267.556383 0.697051 0.302949
10125 nad4l 1 139267.556383 0.700432 0.299568
10126 nad4l 1 139267.556383 0.703813 0.296187
10127 nad4l 1 139267.556383 0.707194 0.292806
10128 nad4l 1 139267.556383 0.710575 0.289425
10129 nad4l 1 139267.556383 0.713956 0.286044
10130 nad4l 1 139267.556383 0.717337 0.282663
10131 nad4l 1 139267.556383 0.720718 0.279282
10132 nad4l 1 139267.556383 0.724099 0.275901
10133 nad4l 1 139267.556383 0.727480 0.272520
10134 nad4l 1 139264.556383 0.730864 0.269136
10135 nad4l 1 139264.556383 0.734245 0.265755
10136 nad4l 1 139264.556383 0.737626 0.262374
10137 nad4l 1 139264.556383 0.741007 0.258993
10138 nad4l 1 139264.556383 0.744389 0.255611
10139 nad4l 1 139264.556383 0.747770 0.252230
10140 nad4l 1 139264.556383 0.751151 0.248849
10141 nad4l 1 139264.556383 0.754532 0.245468
10142 nad4l 1 139264.556383 0.757913 0.242087
10143 nad4l 1 139264.556383 0.761294 0.238706
10144 nad4l 1 139264.556383 0.764675 0.235325
10145 nad4l 1 139264.556383 0.768056 0.231944
10146 nad4l 1 139264.556383 0.771437 0.228563
10147 nad4l 1 139264.556383 0.774818 0.225182
10148 nad4l 1 139264.556383 0.778199 0.221801
10149 nad4l 1 139264.556383 0.781581 0.218419
10150 nad4l 1 139264.556383 0.784962 0.215038
10151 nad4l 1 139264.556383 0.788343 0.211657
10152 nad4l 1 139264.556383 0.791724 0.208276
10153 nad4l 1 139264.556383 0.795105 0.204895
10154 nad4l 1 139264.556383 0.798486 0.201514
10155 nad4l 1 139246.489505 0.801922 0.198078
10156 nad4l 1 139246.489505 0.805303 0.194697
10157 nad4l 1 139246.489505 0.808685 0.191315
10158 nad4l 1 139246.489505 0.812066 0.187934
10159 nad4l 1 139246.489505 0.815448 0.184552
10160 nad4l 1 139246.489505 0.818829 0.181171
10161 nad4l 1 139246.489505 0.822211 0.177789
10162 nad4l 1 139246.489505 0.825592 0.174408
10163 nad4l 1 139246.489505 0.828974 0.171026
10164 nad4l 1 139246.489505 0.832355 0.167645
10165 nad4l 1 139246.489505 0.835737 0.164263
10166 nad4l 1 139246.489505 0.839118 0.160882
10167 nad4l 1 139238.026064 0.842501 0.157499
10168 nad4l 1 139238.026064 0.845882 0.154118
10169 nad4l 1 139238.026064 0.849264 0.150736
10170 nad4l 1 139238.026064 0.852645 0.147355
10171 nad4l 1 139238.026064 0.856027 0.143973
10172 nad4l 1 139238.026064 0.859408 0.140592
10173 nad4l 1 139206.385083 0.862791 0.137209
10174 nad4l 1 139206.385083 0.866173 0.133827
10175 nad4l 1 139206.385083 0.869554 0.130446
10176 nad4l 1 139013.824387 0.872941 0.127059
10177 nad4l 1 139013.824387 0.876323 0.123677
10178 nad4l 1 139013.824387 0.879704 0.120296
10179 nad4l 1 139013.824387 0.883086 0.116914
10180 nad4l 1 139013.824387 0.886468 0.113532
10181 nad4l 1 139013.824387 0.889849 0.110151
10182 nad4l 1 138972.274080 0.893221 0.106779
10183 nad4l 1 138972.274080 0.896602 0.103398
10184 nad4l 1 138972.274080 0.899984 0.100016
10185 nad4l 1 138941.375727 0.903357 0.096643
10186 nad4l 1 138941.375727 0.906738 0.093262
10187 nad4l 1 138941.375727 0.910119 0.089881
10188 nad4l 1 138889.149998 0.913493 0.086507
10189 nad4l 1 138889.149998 0.916874 0.083126
10190 nad4l 1 138889.149998 0.920255 0.079745
10191 nad4l 1 138865.199816 0.923635 0.076365
10192 nad4l 1 138865.199816 0.927017 0.072983
10193 nad4l 1 138865.199816 0.930398 0.069602
10194 nad4l 1 138848.865090 0.933772 0.066228
10195 nad4l 1 138848.865090 0.937153 0.062847
10196 nad4l 1 138848.865090 0.940535 0.059465
10197 nad4l 1 138782.954890 0.943907 0.056093
10198 nad4l 1 138782.954890 0.947289 0.052711
10199 nad4l 1 138782.954890 0.950670 0.049330
10200 nad4l 1 138669.556726 0.954084 0.045916
10201 nad4l 1 138669.556726 0.957466 0.042534
10202 nad4l 1 138669.556726 0.960847 0.039153
10203 nad4l 1 138376.343867 0.964173 0.035827
10204 nad4l 1 138376.343867 0.967554 0.032446
10205 nad4l 1 138376.343867 0.970934 0.029066
10206 nad4l 1 134973.464958 0.972801 0.027199
10207 nad4l 1 134973.464958 0.976176 0.023824
10208 nad4l 1 134973.464958 0.979550 0.020450
10209 nad4l 1 133528.528502 0.982981 0.017019
10210 nad4l 1 133528.528502 0.986355 0.013645
10211 nad4l 1 133528.528502 0.989728 0.010272
10212 nad4l 1 36.607882 0.921873 0.078127
10213 nad4l 1 36.607882 0.924940 0.075060
10214 nad4l 1 36.607882 0.928008 0.071992
10215 nad4l 1 36.607882 0.931075 0.068925
10216 nad4l 1 36.607882 0.934142 0.065858
10217 nad4l 1 36.607882 0.937210 0.062790
10218 nad4l 1 18.835768 0.931633 0.068367
10219 nad4l 1 18.835768 0.934658 0.065342
10220 nad4l 1 18.835768 0.937683 0.062317
10221 nad4l 1 15.476250 0.936891 0.063109
10222 nad4l 1 15.476250 0.939892 0.060108
10223 nad4l 1 15.476250 0.942893 0.057107
10224 nad4l 1 10.796396 0.939390 0.060610
10225 nad4l 1 10.796396 0.942425 0.057575
10226 nad4l 1 10.796396 0.945461 0.054539
10227 nad4l 1 6.677781 0.948739 0.051261
10228 nad4l 1 6.677781 0.951775 0.048225
10229 nad4l 1 6.677781 0.954810 0.045190
10230 nad4l 1 2.698970 0.931415 0.068585
10231 nad4l 1 2.698970 0.934364 0.065636
10232 nad4l 1 2.698970 0.937314 0.062686
10233 nad4l 1 2.698970 0.940263 0.059737
10234 nad4l 1 2.698970 0.943212 0.056788
10235 nad4l 1 2.698970 0.946161 0.053839
10236 nad4l 1 2.698970 0.949110 0.050890
10237 nad4l 1 2.698970 0.952060 0.047940
10238 nad4l 1 2.698970 0.955009 0.044991
10239 nad4l 1 0.000000 0.000000 0.000000
7806 atp8 2 0.000000 0.000000 0.000000
7807 atp8 2 14820.138950 0.000000 1.000000
7808 atp8 2 14820.138950 0.004968 0.995032
7809 atp8 2 14820.138950 0.009936 0.990064
7810 atp8 2 14820.138950 0.014905 0.985095
7811 atp8 2 14820.138950 0.019873 0.980127
7812 atp8 2 14820.138950 0.024841 0.975159
7813 atp8 2 14820.138950 0.029809 0.970191
7814 atp8 2 14820.138950 0.034778 0.965222
7815 atp8 2 14820.138950 0.039746 0.960254
7816 atp8 2 14820.138950 0.044714 0.955286
7817 atp8 2 14820.138950 0.049682 0.950318
7818 atp8 2 14820.138950 0.054650 0.945350
7819 atp8 2 14820.138950 0.059619 0.940381
7820 atp8 2 14820.138950 0.064587 0.935413
7821 atp8 2 14820.138950 0.069555 0.930445
7822 atp8 2 14820.138950 0.074523 0.925477
7823 atp8 2 14820.138950 0.079492 0.920508
7824 atp8 2 14820.138950 0.084460 0.915540
7825 atp8 2 14820.138950 0.089428 0.910572
7826 atp8 2 14820.138950 0.094396 0.905604
7827 atp8 2 14820.138950 0.099364 0.900636
7828 atp8 2 14820.138950 0.104333 0.895667
7829 atp8 2 14820.138950 0.109301 0.890699
7830 atp8 2 14820.138950 0.114269 0.885731
7831 atp8 2 14820.138950 0.119237 0.880763
7832 atp8 2 14820.138950 0.124206 0.875794
7833 atp8 2 14820.138950 0.129174 0.870826
7834 atp8 2 14820.138950 0.134142 0.865858
7835 atp8 2 14820.138950 0.139110 0.860890
7836 atp8 2 14820.138950 0.144078 0.855922
7837 atp8 2 14820.138950 0.149047 0.850953
7838 atp8 2 14820.138950 0.154015 0.845985
7839 atp8 2 14820.138950 0.158983 0.841017
7840 atp8 2 14820.138950 0.163951 0.836049
7841 atp8 2 14820.138950 0.168920 0.831080
7842 atp8 2 14820.138950 0.173888 0.826112
7843 atp8 2 14820.138950 0.178856 0.821144
7844 atp8 2 14820.138950 0.183824 0.816176
7845 atp8 2 14820.138950 0.188792 0.811208
7846 atp8 2 14820.138950 0.193761 0.806239
7847 atp8 2 14820.138950 0.198729 0.801271
7848 atp8 2 14820.138950 0.203697 0.796303
7849 atp8 2 14820.138950 0.208665 0.791335
7850 atp8 2 14820.138950 0.213634 0.786366
7851 atp8 2 14820.138950 0.218602 0.781398
7852 atp8 2 14820.138950 0.223570 0.776430
7853 atp8 2 14820.138950 0.228538 0.771462
7854 atp8 2 14820.138950 0.233506 0.766494
7855 atp8 2 14820.138950 0.238475 0.761525
7856 atp8 2 14820.138950 0.243443 0.756557
7857 atp8 2 14820.138950 0.248411 0.751589
7858 atp8 2 14820.138950 0.253379 0.746621
7859 atp8 2 14820.138950 0.258348 0.741652
7860 atp8 2 14820.138950 0.263316 0.736684
7861 atp8 2 14820.138950 0.268284 0.731716
7862 atp8 2 14820.138950 0.273252 0.726748
7863 atp8 2 14820.138950 0.278220 0.721780
7864 atp8 2 14820.138950 0.283189 0.716811
7865 atp8 2 14820.138950 0.288157 0.711843
7866 atp8 2 14820.138950 0.293125 0.706875
7867 atp8 2 14820.138950 0.298093 0.701907
7868 atp8 2 14820.138950 0.303062 0.696938
7869 atp8 2 14820.138950 0.308030 0.691970
7870 atp8 2 14820.138950 0.312998 0.687002
7871 atp8 2 14820.138950 0.317966 0.682034
7872 atp8 2 14820.138950 0.322934 0.677066
7873 atp8 2 14820.138950 0.327903 0.672097
7874 atp8 2 14820.138950 0.332871 0.667129
7875 atp8 2 14820.138950 0.337839 0.662161
7876 atp8 2 14820.138950 0.342807 0.657193
7877 atp8 2 14820.138950 0.347776 0.652224
7878 atp8 2 14820.138950 0.352744 0.647256
7879 atp8 2 14820.138950 0.357712 0.642288
7880 atp8 2 14820.138950 0.362680 0.637320
7881 atp8 2 14820.138950 0.367648 0.632352
7882 atp8 2 14820.138950 0.372617 0.627383
7883 atp8 2 14820.138950 0.377585 0.622415
7884 atp8 2 14820.138950 0.382553 0.617447
7885 atp8 2 14820.138950 0.387521 0.612479
7886 atp8 2 14820.138950 0.392490 0.607510
7887 atp8 2 14820.138950 0.397458 0.602542
7888 atp8 2 14820.138950 0.402426 0.597574
7889 atp8 2 14820.138950 0.407394 0.592606
7890 atp8 2 14820.138950 0.412362 0.587638
7891 atp8 2 14820.138950 0.417331 0.582669
7892 atp8 2 14820.138950 0.422299 0.577701
7893 atp8 2 14820.138950 0.427267 0.572733
7894 atp8 2 14820.138950 0.432235 0.567765
7895 atp8 2 14820.138950 0.437204 0.562796
7896 atp8 2 14820.138950 0.442172 0.557828
7897 atp8 2 14820.138950 0.447140 0.552860
7898 atp8 2 14820.138950 0.452108 0.547892
7899 atp8 2 14820.138950 0.457076 0.542924
7900 atp8 2 14820.138950 0.462045 0.537955
7901 atp8 2 14820.138950 0.467013 0.532987
7902 atp8 2 14820.138950 0.471981 0.528019
7903 atp8 2 14820.138950 0.476949 0.523051
7904 atp8 2 14820.138950 0.481918 0.518082
7905 atp8 2 14820.138950 0.486886 0.513114
7906 atp8 2 14820.138950 0.491854 0.508146
7907 atp8 2 14820.138950 0.496822 0.503178
7908 atp8 2 14820.138950 0.501790 0.498210
7909 atp8 2 14820.138950 0.506759 0.493241
7910 atp8 2 14820.138950 0.511727 0.488273
7911 atp8 2 14820.138950 0.516695 0.483305
7912 atp8 2 14820.138950 0.521663 0.478337
7913 atp8 2 14820.138950 0.526632 0.473368
7914 atp8 2 14820.138950 0.531600 0.468400
7915 atp8 2 14820.138950 0.536568 0.463432
7916 atp8 2 14820.138950 0.541536 0.458464
7917 atp8 2 14820.138950 0.546504 0.453496
7918 atp8 2 14820.138950 0.551473 0.448527
7919 atp8 2 14820.138950 0.556441 0.443559
7920 atp8 2 14820.138950 0.561409 0.438591
7921 atp8 2 14820.138950 0.566377 0.433623
7922 atp8 2 14820.138950 0.571346 0.428654
7923 atp8 2 14820.138950 0.576314 0.423686
7924 atp8 2 14820.138950 0.581282 0.418718
7925 atp8 2 14820.138950 0.586250 0.413750
7926 atp8 2 14820.138950 0.591218 0.408782
7927 atp8 2 14820.138950 0.596187 0.403813
7928 atp8 2 14820.138950 0.601155 0.398845
7929 atp8 2 14820.138950 0.606123 0.393877
7930 atp8 2 14820.138950 0.611091 0.388909
7931 atp8 2 14820.138950 0.616060 0.383940
7932 atp8 2 14820.138950 0.621028 0.378972
7933 atp8 2 14820.138950 0.625996 0.374004
7934 atp8 2 14820.138950 0.630964 0.369036
7935 atp8 2 14820.138950 0.635932 0.364068
7936 atp8 2 14820.138950 0.640901 0.359099
7937 atp8 2 14820.138950 0.645869 0.354131
7938 atp8 2 14820.138950 0.650837 0.349163
7939 atp8 2 14820.138950 0.655805 0.344195
7940 atp8 2 14820.138950 0.660774 0.339226
7941 atp8 2 14820.138950 0.665742 0.334258
7942 atp8 2 14820.138950 0.670710 0.329290
7943 atp8 2 14820.138950 0.675678 0.324322
7944 atp8 2 14820.138950 0.680647 0.319353
7945 atp8 2 14820.138950 0.685615 0.314385
7946 atp8 2 14820.138950 0.690583 0.309417
7947 atp8 2 14820.138950 0.695551 0.304449
7948 atp8 2 14820.138950 0.700519 0.299481
7949 atp8 2 14820.138950 0.705488 0.294512
7950 atp8 2 14820.138950 0.710456 0.289544
7951 atp8 2 14820.138950 0.715424 0.284576
7952 atp8 2 14820.138950 0.720392 0.279608
7953 atp8 2 14820.138950 0.725361 0.274639
7954 atp8 2 14820.138950 0.730329 0.269671
7955 atp8 2 14820.138950 0.735297 0.264703
7956 atp8 2 14820.138950 0.740265 0.259735
7957 atp8 2 14820.138950 0.745233 0.254767
7958 atp8 2 14820.138950 0.750202 0.249798
7959 atp8 2 14820.138950 0.755170 0.244830
7960 atp8 2 14814.917101 0.759746 0.240254
7961 atp8 2 14814.917101 0.764711 0.235289
7962 atp8 2 14814.917101 0.769677 0.230323
7963 atp8 2 14780.272285 0.772421 0.227579
7964 atp8 2 14780.272285 0.777372 0.222628
7965 atp8 2 14780.272285 0.782324 0.217676
7966 atp8 2 14780.272285 0.787275 0.212725
7967 atp8 2 14780.272285 0.792227 0.207773
7968 atp8 2 14780.272285 0.797178 0.202822
7969 atp8 2 14780.272285 0.802129 0.197871
7970 atp8 2 14780.272285 0.807081 0.192919
7971 atp8 2 14780.272285 0.812032 0.187968
7972 atp8 2 14780.272285 0.816984 0.183016
7973 atp8 2 14780.272285 0.821935 0.178065
7974 atp8 2 14780.272285 0.826887 0.173113
7975 atp8 2 14768.749406 0.831096 0.168904
7976 atp8 2 14768.749406 0.836043 0.163957
7977 atp8 2 14768.749406 0.840990 0.159010
7978 atp8 2 14768.749406 0.845937 0.154063
7979 atp8 2 14768.749406 0.850884 0.149116
7980 atp8 2 14768.749406 0.855831 0.144169
7981 atp8 2 14768.749406 0.860778 0.139222
7982 atp8 2 14768.749406 0.865725 0.134275
7983 atp8 2 14768.749406 0.870672 0.129328
7984 atp8 2 14705.769006 0.875629 0.124371
7985 atp8 2 14705.769006 0.880576 0.119424
7986 atp8 2 14705.769006 0.885523 0.114477
7987 atp8 2 14705.769006 0.890470 0.109530
7988 atp8 2 14705.769006 0.895417 0.104583
7989 atp8 2 14705.769006 0.900364 0.099636
7990 atp8 2 14552.416524 0.905130 0.094870
7991 atp8 2 14552.416524 0.910076 0.089924
7992 atp8 2 14552.416524 0.915022 0.084978
7993 atp8 2 14211.220855 0.919091 0.080909
7994 atp8 2 14211.220855 0.924033 0.075967
7995 atp8 2 14211.220855 0.928974 0.071026
7996 atp8 2 13194.051821 0.931112 0.068888
7997 atp8 2 13194.051821 0.936038 0.063962
7998 atp8 2 13194.051821 0.940965 0.059035
7999 atp8 2 12834.018349 0.945762 0.054238
8000 atp8 2 12834.018349 0.950688 0.049312
8001 atp8 2 12834.018349 0.955614 0.044386
8002 atp8 2 7974.597435 0.956426 0.043574
8003 atp8 2 7974.597435 0.961331 0.038669
8004 atp8 2 7974.597435 0.966236 0.033764
8005 atp8 2 7921.139005 0.970974 0.029026
8006 atp8 2 7921.139005 0.975878 0.024122
8007 atp8 2 7921.139005 0.980782 0.019218
8008 atp8 2 0.000000 0.000000 0.000000
8009 atp8 2 0.000000 0.000000 0.000000
8010 atp8 2 0.000000 0.954581 0.045419
8011 atp8 2 0.000000 0.000000 0.000000
3794 nad2 1 0.000000 0.000000 0.000000
3795 nad2 1 25.070581 0.184158 0.815842
3796 nad2 1 25.070581 0.184841 0.815159
3797 nad2 1 25.070581 0.185523 0.814477
3798 nad2 1 25.070581 0.186205 0.813795
3799 nad2 1 25.070581 0.186887 0.813113
3800 nad2 1 25.070581 0.187569 0.812431
3801 nad2 1 25.070581 0.188252 0.811748
3802 nad2 1 25.070581 0.188934 0.811066
3803 nad2 1 25.070581 0.189616 0.810384
3804 nad2 1 25.070581 0.190298 0.809702
3805 nad2 1 25.070581 0.190980 0.809020
3806 nad2 1 25.070581 0.191663 0.808337
3807 nad2 1 25.070581 0.192345 0.807655
3808 nad2 1 25.070581 0.193027 0.806973
3809 nad2 1 25.070581 0.193709 0.806291
3810 nad2 1 25.070581 0.194391 0.805609
3811 nad2 1 25.070581 0.195074 0.804926
3812 nad2 1 25.070581 0.195756 0.804244
3813 nad2 1 25.070581 0.196438 0.803562
3814 nad2 1 25.070581 0.197120 0.802880
3815 nad2 1 25.070581 0.197802 0.802198
3816 nad2 1 25.070581 0.198485 0.801515
3817 nad2 1 25.070581 0.199167 0.800833
3818 nad2 1 25.070581 0.199849 0.800151
3819 nad2 1 25.070581 0.200531 0.799469
3820 nad2 1 25.070581 0.201213 0.798787
3821 nad2 1 25.070581 0.201896 0.798104
3822 nad2 1 25.070581 0.202578 0.797422
3823 nad2 1 25.070581 0.203260 0.796740
3824 nad2 1 25.070581 0.203942 0.796058
3825 nad2 1 25.070581 0.204624 0.795376
3826 nad2 1 25.070581 0.205307 0.794693
3827 nad2 1 25.070581 0.205989 0.794011
3828 nad2 1 25.070581 0.206671 0.793329
3829 nad2 1 25.070581 0.207353 0.792647
3830 nad2 1 25.070581 0.208035 0.791965
3831 nad2 1 25.070581 0.208718 0.791282
3832 nad2 1 25.070581 0.209400 0.790600
3833 nad2 1 25.070581 0.210082 0.789918
3834 nad2 1 25.070581 0.210764 0.789236
3835 nad2 1 25.070581 0.211446 0.788554
3836 nad2 1 25.070581 0.212129 0.787871
3837 nad2 1 25.070581 0.212811 0.787189
3838 nad2 1 25.070581 0.213493 0.786507
3839 nad2 1 25.070581 0.214175 0.785825
3840 nad2 1 25.070581 0.214857 0.785143
3841 nad2 1 25.070581 0.215540 0.784460
3842 nad2 1 25.070581 0.216222 0.783778
3843 nad2 1 25.070581 0.216904 0.783096
3844 nad2 1 25.070581 0.217586 0.782414
3845 nad2 1 25.070581 0.218268 0.781732
3846 nad2 1 25.070581 0.218951 0.781049
3847 nad2 1 25.070581 0.219633 0.780367
3848 nad2 1 25.070581 0.220315 0.779685
3849 nad2 1 25.070581 0.220997 0.779003
3850 nad2 1 25.070581 0.221679 0.778321
3851 nad2 1 25.070581 0.222362 0.777638
3852 nad2 1 25.070581 0.223044 0.776956
3853 nad2 1 25.070581 0.223726 0.776274
3854 nad2 1 25.070581 0.224408 0.775592
3855 nad2 1 25.070581 0.225090 0.774910
3856 nad2 1 25.070581 0.225773 0.774227
3857 nad2 1 25.070581 0.226455 0.773545
3858 nad2 1 25.070581 0.227137 0.772863
3859 nad2 1 25.070581 0.227819 0.772181
3860 nad2 1 25.070581 0.228501 0.771499
3861 nad2 1 25.070581 0.229184 0.770816
3862 nad2 1 25.070581 0.229866 0.770134
3863 nad2 1 25.070581 0.230548 0.769452
3864 nad2 1 25.070581 0.231230 0.768770
3865 nad2 1 25.070581 0.231912 0.768088
3866 nad2 1 25.070581 0.232595 0.767405
3867 nad2 1 25.070581 0.233277 0.766723
3868 nad2 1 25.070581 0.233959 0.766041
3869 nad2 1 25.070581 0.234641 0.765359
3870 nad2 1 400.034559 0.026147 0.973853
3871 nad2 1 400.034559 0.027030 0.972970
3872 nad2 1 400.034559 0.027912 0.972088
3873 nad2 1 400.034559 0.028795 0.971205
3874 nad2 1 400.034559 0.029678 0.970322
3875 nad2 1 400.034559 0.030561 0.969439
3876 nad2 1 400.034559 0.031443 0.968557
3877 nad2 1 400.034559 0.032326 0.967674
3878 nad2 1 400.034559 0.033209 0.966791
3879 nad2 1 400.034559 0.034091 0.965909
3880 nad2 1 400.034559 0.034974 0.965026
3881 nad2 1 400.034559 0.035857 0.964143
3882 nad2 1 400.034559 0.036739 0.963261
3883 nad2 1 400.034559 0.037622 0.962378
3884 nad2 1 400.034559 0.038505 0.961495
3885 nad2 1 400.034559 0.039388 0.960612
3886 nad2 1 400.034559 0.040270 0.959730
3887 nad2 1 400.034559 0.041153 0.958847
3888 nad2 1 441.540087 0.047933 0.952067
3889 nad2 1 441.540087 0.048809 0.951191
3890 nad2 1 441.540087 0.049686 0.950314
3891 nad2 1 516.207751 0.063990 0.936010
3892 nad2 1 516.207751 0.064853 0.935147
3893 nad2 1 516.207751 0.065716 0.934284
3894 nad2 1 516.207751 0.066578 0.933422
3895 nad2 1 516.207751 0.067441 0.932559
3896 nad2 1 516.207751 0.068304 0.931696
3897 nad2 1 516.207751 0.069167 0.930833
3898 nad2 1 516.207751 0.070029 0.929971
3899 nad2 1 516.207751 0.070892 0.929108
3900 nad2 1 516.207751 0.071755 0.928245
3901 nad2 1 516.207751 0.072618 0.927382
3902 nad2 1 516.207751 0.073480 0.926520
3903 nad2 1 516.207751 0.074343 0.925657
3904 nad2 1 516.207751 0.075206 0.924794
3905 nad2 1 516.207751 0.076068 0.923932
3906 nad2 1 516.207751 0.076931 0.923069
3907 nad2 1 516.207751 0.077794 0.922206
3908 nad2 1 516.207751 0.078657 0.921343
3909 nad2 1 578.488752 0.083489 0.916511
3910 nad2 1 578.488752 0.084349 0.915651
3911 nad2 1 578.488752 0.085208 0.914792
3912 nad2 1 1088.433070 0.079763 0.920237
3913 nad2 1 1088.433070 0.080630 0.919370
3914 nad2 1 1088.433070 0.081498 0.918502
3915 nad2 1 1365.996421 0.110265 0.889735
3916 nad2 1 1365.996421 0.111103 0.888897
3917 nad2 1 1365.996421 0.111941 0.888059
3918 nad2 1 1905.275539 0.087794 0.912206
3919 nad2 1 1905.275539 0.088662 0.911338
3920 nad2 1 1905.275539 0.089530 0.910470
3921 nad2 1 7663.512106 0.035706 0.964294
3922 nad2 1 7663.512106 0.036631 0.963369
3923 nad2 1 7663.512106 0.037556 0.962444
3924 nad2 1 240274.513021 0.002375 0.997625
3925 nad2 1 240274.513021 0.003333 0.996667
3926 nad2 1 240274.513021 0.004291 0.995709
3927 nad2 1 253174.930467 0.005442 0.994558
3928 nad2 1 253174.930467 0.006400 0.993600
3929 nad2 1 253174.930467 0.007357 0.992643
3930 nad2 1 258679.397344 0.008383 0.991617
3931 nad2 1 258679.397344 0.009341 0.990659
3932 nad2 1 258679.397344 0.010299 0.989701
3933 nad2 1 262996.695037 0.011286 0.988714
3934 nad2 1 262996.695037 0.012244 0.987756
3935 nad2 1 262996.695037 0.013202 0.986798
3936 nad2 1 266742.780411 0.014284 0.985716
3937 nad2 1 266742.780411 0.015242 0.984758
3938 nad2 1 266742.780411 0.016200 0.983800
3939 nad2 1 277035.757941 0.017175 0.982825
3940 nad2 1 277035.757941 0.018133 0.981867
3941 nad2 1 277035.757941 0.019091 0.980909
3942 nad2 1 281439.570960 0.020159 0.979841
3943 nad2 1 281439.570960 0.021117 0.978883
3944 nad2 1 281439.570960 0.022075 0.977925
3945 nad2 1 284267.728632 0.023003 0.976997
3946 nad2 1 284267.728632 0.023962 0.976038
3947 nad2 1 284267.728632 0.024920 0.975080
3948 nad2 1 310152.870366 0.025926 0.974074
3949 nad2 1 310152.870366 0.026885 0.973115
3950 nad2 1 310152.870366 0.027843 0.972157
3951 nad2 1 334318.373007 0.028831 0.971169
3952 nad2 1 334318.373007 0.029790 0.970210
3953 nad2 1 334318.373007 0.030748 0.969252
3954 nad2 1 358249.628799 0.031573 0.968427
3955 nad2 1 358249.628799 0.032532 0.967468
3956 nad2 1 358249.628799 0.033491 0.966509
3957 nad2 1 388286.837612 0.034332 0.965668
3958 nad2 1 388286.837612 0.035291 0.964709
3959 nad2 1 388286.837612 0.036251 0.963749
3960 nad2 1 404403.741022 0.037258 0.962742
3961 nad2 1 404403.741022 0.038217 0.961783
3962 nad2 1 404403.741022 0.039177 0.960823
3963 nad2 1 405956.270455 0.040149 0.959851
3964 nad2 1 405956.270455 0.041109 0.958891
3965 nad2 1 405956.270455 0.042068 0.957932
3966 nad2 1 407851.274133 0.043020 0.956980
3967 nad2 1 407851.274133 0.043979 0.956021
3968 nad2 1 407851.274133 0.044939 0.955061
3969 nad2 1 493471.787343 0.045424 0.954576
3970 nad2 1 493471.787343 0.046384 0.953616
3971 nad2 1 493471.787343 0.047344 0.952656
3972 nad2 1 505126.508324 0.048229 0.951771
3973 nad2 1 505126.508324 0.049189 0.950811
3974 nad2 1 505126.508324 0.050149 0.949851
3975 nad2 1 506607.915842 0.051082 0.948918
3976 nad2 1 506607.915842 0.052042 0.947958
3977 nad2 1 506607.915842 0.053002 0.946998
3978 nad2 1 518220.565406 0.053931 0.946069
3979 nad2 1 518220.565406 0.054891 0.945109
3980 nad2 1 518220.565406 0.055851 0.944149
3981 nad2 1 519582.407726 0.056819 0.943181
3982 nad2 1 519582.407726 0.057779 0.942221
3983 nad2 1 519582.407726 0.058739 0.941261
3984 nad2 1 520765.001803 0.059686 0.940314
3985 nad2 1 520765.001803 0.060646 0.939354
3986 nad2 1 520765.001803 0.061606 0.938394
3987 nad2 1 521466.554716 0.062561 0.937439
3988 nad2 1 521466.554716 0.063521 0.936479
3989 nad2 1 521466.554716 0.064481 0.935519
3990 nad2 1 543656.212840 0.065476 0.934524
3991 nad2 1 543656.212840 0.066437 0.933563
3992 nad2 1 543656.212840 0.067397 0.932603
3993 nad2 1 546270.491637 0.068371 0.931629
3994 nad2 1 546270.491637 0.069331 0.930669
3995 nad2 1 546270.491637 0.070291 0.929709
3996 nad2 1 550382.329758 0.071834 0.928166
3997 nad2 1 550382.329758 0.072794 0.927206
3998 nad2 1 550382.329758 0.073753 0.926247
3999 nad2 1 553413.163881 0.074727 0.925273
4000 nad2 1 553413.163881 0.075687 0.924313
4001 nad2 1 553413.163881 0.076647 0.923353
4002 nad2 1 553638.583439 0.077598 0.922402
4003 nad2 1 553638.583439 0.078558 0.921442
4004 nad2 1 553638.583439 0.079518 0.920482
4005 nad2 1 553683.631364 0.080493 0.919507
4006 nad2 1 553683.631364 0.081453 0.918547
4007 nad2 1 553683.631364 0.082412 0.917588
4008 nad2 1 554110.930142 0.083381 0.916619
4009 nad2 1 554110.930142 0.084341 0.915659
4010 nad2 1 554110.930142 0.085301 0.914699
4011 nad2 1 556242.961538 0.086391 0.913609
4012 nad2 1 556242.961538 0.087350 0.912650
4013 nad2 1 556242.961538 0.088310 0.911690
4014 nad2 1 556309.732933 0.089268 0.910732
4015 nad2 1 556309.732933 0.090228 0.909772
4016 nad2 1 556309.732933 0.091187 0.908813
4017 nad2 1 556502.968898 0.092149 0.907851
4018 nad2 1 556502.968898 0.093108 0.906892
4019 nad2 1 556502.968898 0.094068 0.905932
4020 nad2 1 556555.606125 0.095023 0.904977
4021 nad2 1 556555.606125 0.095983 0.904017
4022 nad2 1 556555.606125 0.096943 0.903057
4023 nad2 1 556597.521978 0.097903 0.902097
4024 nad2 1 556597.521978 0.098863 0.901137
4025 nad2 1 556597.521978 0.099822 0.900178
4026 nad2 1 556597.521978 0.100782 0.899218
4027 nad2 1 556597.521978 0.101742 0.898258
4028 nad2 1 556597.521978 0.102701 0.897299
4029 nad2 1 556618.929150 0.103660 0.896340
4030 nad2 1 556618.929150 0.104620 0.895380
4031 nad2 1 556618.929150 0.105579 0.894421
4032 nad2 1 556654.065895 0.106537 0.893463
4033 nad2 1 556654.065895 0.107497 0.892503
4034 nad2 1 556654.065895 0.108456 0.891544
4035 nad2 1 556666.603497 0.109415 0.890585
4036 nad2 1 556666.603497 0.110375 0.889625
4037 nad2 1 556666.603497 0.111335 0.888665
4038 nad2 1 556700.331656 0.112293 0.887707
4039 nad2 1 556700.331656 0.113252 0.886748
4040 nad2 1 556700.331656 0.114212 0.885788
4041 nad2 1 556703.966168 0.115171 0.884829
4042 nad2 1 556703.966168 0.116131 0.883869
4043 nad2 1 556703.966168 0.117090 0.882910
4044 nad2 1 556703.966168 0.118050 0.881950
4045 nad2 1 556703.966168 0.119009 0.880991
4046 nad2 1 556703.966168 0.119969 0.880031
4047 nad2 1 556851.622490 0.120933 0.879067
4048 nad2 1 556851.622490 0.121892 0.878108
4049 nad2 1 556851.622490 0.122852 0.877148
4050 nad2 1 556886.370932 0.123803 0.876197
4051 nad2 1 556886.370932 0.124763 0.875237
4052 nad2 1 556886.370932 0.125722 0.874278
4053 nad2 1 556900.462984 0.126679 0.873321
4054 nad2 1 556900.462984 0.127638 0.872362
4055 nad2 1 556900.462984 0.128598 0.871402
4056 nad2 1 556964.491085 0.129653 0.870347
4057 nad2 1 556964.491085 0.130612 0.869388
4058 nad2 1 556964.491085 0.131572 0.868428
4059 nad2 1 557060.001266 0.132598 0.867402
4060 nad2 1 557060.001266 0.133557 0.866443
4061 nad2 1 557060.001266 0.134517 0.865483
4062 nad2 1 557092.192110 0.135493 0.864507
4063 nad2 1 557092.192110 0.136452 0.863548
4064 nad2 1 557092.192110 0.137411 0.862589
4065 nad2 1 557104.851666 0.138370 0.861630
4066 nad2 1 557104.851666 0.139329 0.860671
4067 nad2 1 557104.851666 0.140289 0.859711
4068 nad2 1 557149.513210 0.141247 0.858753
4069 nad2 1 557149.513210 0.142207 0.857793
4070 nad2 1 557149.513210 0.143166 0.856834
4071 nad2 1 557149.513210 0.144125 0.855875
4072 nad2 1 557149.513210 0.145085 0.854915
4073 nad2 1 557149.513210 0.146044 0.853956
4074 nad2 1 557207.105810 0.146979 0.853021
4075 nad2 1 557207.105810 0.147938 0.852062
4076 nad2 1 557207.105810 0.148897 0.851103
4077 nad2 1 557264.810755 0.149863 0.850137
4078 nad2 1 557264.810755 0.150822 0.849178
4079 nad2 1 557264.810755 0.151781 0.848219
4080 nad2 1 557279.301418 0.152741 0.847259
4081 nad2 1 557279.301418 0.153701 0.846299
4082 nad2 1 557279.301418 0.154660 0.845340
4083 nad2 1 557327.581355 0.155619 0.844381
4084 nad2 1 557327.581355 0.156578 0.843422
4085 nad2 1 557327.581355 0.157538 0.842462
4086 nad2 1 557327.581355 0.158497 0.841503
4087 nad2 1 557327.581355 0.159456 0.840544
4088 nad2 1 557327.581355 0.160416 0.839584
4089 nad2 1 557331.156473 0.161377 0.838623
4090 nad2 1 557331.156473 0.162337 0.837663
4091 nad2 1 557331.156473 0.163296 0.836704
4092 nad2 1 557331.156473 0.164255 0.835745
4093 nad2 1 557331.156473 0.165215 0.834785
4094 nad2 1 557331.156473 0.166174 0.833826
4095 nad2 1 557340.261050 0.167134 0.832866
4096 nad2 1 557340.261050 0.168093 0.831907
4097 nad2 1 557340.261050 0.169053 0.830947
4098 nad2 1 557342.960020 0.170017 0.829983
4099 nad2 1 557342.960020 0.170977 0.829023
4100 nad2 1 557342.960020 0.171936 0.828064
4101 nad2 1 557342.960020 0.172895 0.827105
4102 nad2 1 557342.960020 0.173855 0.826145
4103 nad2 1 557342.960020 0.174814 0.825186
4104 nad2 1 557342.960020 0.175774 0.824226
4105 nad2 1 557342.960020 0.176733 0.823267
4106 nad2 1 557342.960020 0.177692 0.822308
4107 nad2 1 557342.960020 0.178652 0.821348
4108 nad2 1 557342.960020 0.179611 0.820389
4109 nad2 1 557342.960020 0.180571 0.819429
4110 nad2 1 557342.960020 0.181530 0.818470
4111 nad2 1 557342.960020 0.182489 0.817511
4112 nad2 1 557342.960020 0.183449 0.816551
4113 nad2 1 557342.960020 0.184408 0.815592
4114 nad2 1 557342.960020 0.185368 0.814632
4115 nad2 1 557342.960020 0.186327 0.813673
4116 nad2 1 557328.712207 0.187287 0.812713
4117 nad2 1 557328.712207 0.188246 0.811754
4118 nad2 1 557328.712207 0.189205 0.810795
4119 nad2 1 557328.712207 0.190165 0.809835
4120 nad2 1 557328.712207 0.191124 0.808876
4121 nad2 1 557328.712207 0.192084 0.807916
4122 nad2 1 557328.712207 0.193043 0.806957
4123 nad2 1 557328.712207 0.194002 0.805998
4124 nad2 1 557328.712207 0.194962 0.805038
4125 nad2 1 557328.712207 0.195921 0.804079
4126 nad2 1 557328.712207 0.196881 0.803119
4127 nad2 1 557328.712207 0.197840 0.802160
4128 nad2 1 557328.712207 0.198799 0.801201
4129 nad2 1 557328.712207 0.199759 0.800241
4130 nad2 1 557328.712207 0.200718 0.799282
4131 nad2 1 557328.712207 0.201678 0.798322
4132 nad2 1 557328.712207 0.202637 0.797363
4133 nad2 1 557328.712207 0.203596 0.796404
4134 nad2 1 557328.712207 0.204556 0.795444
4135 nad2 1 557328.712207 0.205515 0.794485
4136 nad2 1 557328.712207 0.206475 0.793525
4137 nad2 1 557328.712207 0.207434 0.792566
4138 nad2 1 557328.712207 0.208393 0.791607
4139 nad2 1 557328.712207 0.209353 0.790647
4140 nad2 1 557328.712207 0.210312 0.789688
4141 nad2 1 557328.712207 0.211272 0.788728
4142 nad2 1 557328.712207 0.212231 0.787769
4143 nad2 1 557332.413354 0.213190 0.786810
4144 nad2 1 557332.413354 0.214150 0.785850
4145 nad2 1 557332.413354 0.215109 0.784891
4146 nad2 1 557332.413354 0.216069 0.783931
4147 nad2 1 557332.413354 0.217028 0.782972
4148 nad2 1 557332.413354 0.217987 0.782013
4149 nad2 1 557332.413354 0.218947 0.781053
4150 nad2 1 557332.413354 0.219906 0.780094
4151 nad2 1 557332.413354 0.220866 0.779134
4152 nad2 1 557332.413354 0.221825 0.778175
4153 nad2 1 557332.413354 0.222785 0.777215
4154 nad2 1 557332.413354 0.223744 0.776256
4155 nad2 1 557332.413354 0.224703 0.775297
4156 nad2 1 557332.413354 0.225663 0.774337
4157 nad2 1 557332.413354 0.226622 0.773378
4158 nad2 1 557332.413354 0.227582 0.772418
4159 nad2 1 557332.413354 0.228541 0.771459
4160 nad2 1 557332.413354 0.229500 0.770500
4161 nad2 1 557332.413354 0.230460 0.769540
4162 nad2 1 557332.413354 0.231419 0.768581
4163 nad2 1 557332.413354 0.232379 0.767621
4164 nad2 1 557332.413354 0.233338 0.766662
4165 nad2 1 557332.413354 0.234297 0.765703
4166 nad2 1 557332.413354 0.235257 0.764743
4167 nad2 1 557332.413354 0.236216 0.763784
4168 nad2 1 557332.413354 0.237176 0.762824
4169 nad2 1 557332.413354 0.238135 0.761865
4170 nad2 1 557332.413354 0.239094 0.760906
4171 nad2 1 557332.413354 0.240054 0.759946
4172 nad2 1 557332.413354 0.241013 0.758987
4173 nad2 1 557332.413354 0.241973 0.758027
4174 nad2 1 557332.413354 0.242932 0.757068
4175 nad2 1 557332.413354 0.243891 0.756109
4176 nad2 1 557350.515178 0.244851 0.755149
4177 nad2 1 557350.515178 0.245810 0.754190
4178 nad2 1 557350.515178 0.246770 0.753230
4179 nad2 1 557350.515178 0.247729 0.752271
4180 nad2 1 557350.515178 0.248689 0.751311
4181 nad2 1 557350.515178 0.249648 0.750352
4182 nad2 1 557356.279649 0.250603 0.749397
4183 nad2 1 557356.279649 0.251563 0.748437
4184 nad2 1 557356.279649 0.252522 0.747478
4185 nad2 1 557356.279649 0.253481 0.746519
4186 nad2 1 557356.279649 0.254441 0.745559
4187 nad2 1 557356.279649 0.255400 0.744600
4188 nad2 1 557363.660556 0.256359 0.743641
4189 nad2 1 557363.660556 0.257319 0.742681
4190 nad2 1 557363.660556 0.258278 0.741722
4191 nad2 1 557363.660556 0.259237 0.740763
4192 nad2 1 557363.660556 0.260197 0.739803
4193 nad2 1 557363.660556 0.261156 0.738844
4194 nad2 1 557363.660556 0.262116 0.737884
4195 nad2 1 557363.660556 0.263075 0.736925
4196 nad2 1 557363.660556 0.264035 0.735965
4197 nad2 1 557363.660556 0.264994 0.735006
4198 nad2 1 557363.660556 0.265953 0.734047
4199 nad2 1 557363.660556 0.266913 0.733087
4200 nad2 1 557375.796045 0.267863 0.732137
4201 nad2 1 557375.796045 0.268822 0.731178
4202 nad2 1 557375.796045 0.269782 0.730218
4203 nad2 1 557375.796045 0.270741 0.729259
4204 nad2 1 557375.796045 0.271700 0.728300
4205 nad2 1 557375.796045 0.272660 0.727340
4206 nad2 1 557375.796045 0.273619 0.726381
4207 nad2 1 557375.796045 0.274579 0.725421
4208 nad2 1 557375.796045 0.275538 0.724462
4209 nad2 1 557381.318923 0.276489 0.723511
4210 nad2 1 557381.318923 0.277449 0.722551
4211 nad2 1 557381.318923 0.278408 0.721592
4212 nad2 1 557387.394127 0.279368 0.720632
4213 nad2 1 557387.394127 0.280327 0.719673
4214 nad2 1 557387.394127 0.281287 0.718713
4215 nad2 1 557436.083245 0.282187 0.717813
4216 nad2 1 557436.083245 0.283147 0.716853
4217 nad2 1 557436.083245 0.284107 0.715893
4218 nad2 1 557454.211672 0.285063 0.714937
4219 nad2 1 557454.211672 0.286023 0.713977
4220 nad2 1 557454.211672 0.286983 0.713017
4221 nad2 1 557458.007552 0.287938 0.712062
4222 nad2 1 557458.007552 0.288898 0.711102
4223 nad2 1 557458.007552 0.289858 0.710142
4224 nad2 1 557460.405492 0.290814 0.709186
4225 nad2 1 557460.405492 0.291774 0.708226
4226 nad2 1 557460.405492 0.292734 0.707266
4227 nad2 1 557460.405492 0.293694 0.706306
4228 nad2 1 557460.405492 0.294654 0.705346
4229 nad2 1 557460.405492 0.295614 0.704386
4230 nad2 1 557465.150219 0.296566 0.703434
4231 nad2 1 557465.150219 0.297526 0.702474
4232 nad2 1 557465.150219 0.298486 0.701514
4233 nad2 1 557457.311587 0.299446 0.700554
4234 nad2 1 557457.311587 0.300406 0.699594
4235 nad2 1 557457.311587 0.301366 0.698634
4236 nad2 1 557462.697746 0.302326 0.697674
4237 nad2 1 557462.697746 0.303286 0.696714
4238 nad2 1 557462.697746 0.304246 0.695754
4239 nad2 1 557462.697746 0.305206 0.694794
4240 nad2 1 557462.697746 0.306166 0.693834
4241 nad2 1 557462.697746 0.307126 0.692874
4242 nad2 1 557462.697746 0.308086 0.691914
4243 nad2 1 557462.697746 0.309047 0.690953
4244 nad2 1 557462.697746 0.310007 0.689993
4245 nad2 1 557462.697746 0.310967 0.689033
4246 nad2 1 557462.697746 0.311927 0.688073
4247 nad2 1 557462.697746 0.312887 0.687113
4248 nad2 1 557462.697746 0.313847 0.686153
4249 nad2 1 557462.697746 0.314807 0.685193
4250 nad2 1 557462.697746 0.315767 0.684233
4251 nad2 1 557462.697746 0.316727 0.683273
4252 nad2 1 557462.697746 0.317687 0.682313
4253 nad2 1 557462.697746 0.318647 0.681353
4254 nad2 1 557462.697746 0.319607 0.680393
4255 nad2 1 557462.697746 0.320567 0.679433
4256 nad2 1 557462.697746 0.321527 0.678473
4257 nad2 1 557462.697746 0.322488 0.677512
4258 nad2 1 557462.697746 0.323448 0.676552
4259 nad2 1 557462.697746 0.324408 0.675592
4260 nad2 1 557462.697746 0.325368 0.674632
4261 nad2 1 557462.697746 0.326328 0.673672
4262 nad2 1 557462.697746 0.327288 0.672712
4263 nad2 1 557462.697746 0.328248 0.671752
4264 nad2 1 557462.697746 0.329208 0.670792
4265 nad2 1 557462.697746 0.330168 0.669832
4266 nad2 1 557462.697746 0.331128 0.668872
4267 nad2 1 557462.697746 0.332088 0.667912
4268 nad2 1 557462.697746 0.333048 0.666952
4269 nad2 1 557462.697746 0.334008 0.665992
4270 nad2 1 557462.697746 0.334969 0.665031
4271 nad2 1 557462.697746 0.335929 0.664071
4272 nad2 1 557462.697746 0.336889 0.663111
4273 nad2 1 557462.697746 0.337849 0.662151
4274 nad2 1 557462.697746 0.338809 0.661191
4275 nad2 1 557462.697746 0.339769 0.660231
4276 nad2 1 557462.697746 0.340729 0.659271
4277 nad2 1 557462.697746 0.341689 0.658311
4278 nad2 1 557462.697746 0.342649 0.657351
4279 nad2 1 557462.697746 0.343609 0.656391
4280 nad2 1 557462.697746 0.344569 0.655431
4281 nad2 1 557462.697746 0.345529 0.654471
4282 nad2 1 557462.697746 0.346489 0.653511
4283 nad2 1 557462.697746 0.347450 0.652550
4284 nad2 1 557462.697746 0.348410 0.651590
4285 nad2 1 557462.697746 0.349370 0.650630
4286 nad2 1 557462.697746 0.350330 0.649670
4287 nad2 1 557462.697746 0.351290 0.648710
4288 nad2 1 557462.697746 0.352250 0.647750
4289 nad2 1 557462.697746 0.353210 0.646790
4290 nad2 1 557462.697746 0.354170 0.645830
4291 nad2 1 557462.697746 0.355130 0.644870
4292 nad2 1 557462.697746 0.356090 0.643910
4293 nad2 1 557462.697746 0.357050 0.642950
4294 nad2 1 557462.697746 0.358010 0.641990
4295 nad2 1 557462.697746 0.358970 0.641030
4296 nad2 1 557462.697746 0.359930 0.640070
4297 nad2 1 557462.697746 0.360891 0.639109
4298 nad2 1 557462.697746 0.361851 0.638149
4299 nad2 1 557462.697746 0.362811 0.637189
4300 nad2 1 557462.697746 0.363771 0.636229
4301 nad2 1 557462.697746 0.364731 0.635269
4302 nad2 1 557462.697746 0.365691 0.634309
4303 nad2 1 557462.697746 0.366651 0.633349
4304 nad2 1 557462.697746 0.367611 0.632389
4305 nad2 1 557462.697746 0.368571 0.631429
4306 nad2 1 557462.697746 0.369531 0.630469
4307 nad2 1 557462.697746 0.370491 0.629509
4308 nad2 1 557462.697746 0.371451 0.628549
4309 nad2 1 557462.697746 0.372411 0.627589
4310 nad2 1 557462.697746 0.373372 0.626628
4311 nad2 1 557462.697746 0.374332 0.625668
4312 nad2 1 557462.697746 0.375292 0.624708
4313 nad2 1 557462.697746 0.376252 0.623748
4314 nad2 1 557462.697746 0.377212 0.622788
4315 nad2 1 557462.697746 0.378172 0.621828
4316 nad2 1 557462.697746 0.379132 0.620868
4317 nad2 1 557462.697746 0.380092 0.619908
4318 nad2 1 557462.697746 0.381052 0.618948
4319 nad2 1 557462.697746 0.382012 0.617988
4320 nad2 1 557462.697746 0.382972 0.617028
4321 nad2 1 557462.697746 0.383932 0.616068
4322 nad2 1 557462.697746 0.384892 0.615108
4323 nad2 1 557462.697746 0.385852 0.614148
4324 nad2 1 557462.697746 0.386813 0.613187
4325 nad2 1 557462.697746 0.387773 0.612227
4326 nad2 1 557459.697746 0.388733 0.611267
4327 nad2 1 557459.697746 0.389693 0.610307
4328 nad2 1 557459.697746 0.390653 0.609347
4329 nad2 1 557456.697746 0.391614 0.608386
4330 nad2 1 557456.697746 0.392574 0.607426
4331 nad2 1 557456.697746 0.393534 0.606466
4332 nad2 1 557456.697746 0.394494 0.605506
4333 nad2 1 557456.697746 0.395454 0.604546
4334 nad2 1 557456.697746 0.396414 0.603586
4335 nad2 1 557456.697746 0.397374 0.602626
4336 nad2 1 557456.697746 0.398334 0.601666
4337 nad2 1 557456.697746 0.399294 0.600706
4338 nad2 1 557456.697746 0.400254 0.599746
4339 nad2 1 557456.697746 0.401214 0.598786
4340 nad2 1 557456.697746 0.402175 0.597825
4341 nad2 1 557456.697746 0.403135 0.596865
4342 nad2 1 557456.697746 0.404095 0.595905
4343 nad2 1 557456.697746 0.405055 0.594945
4344 nad2 1 557456.697746 0.406015 0.593985
4345 nad2 1 557456.697746 0.406975 0.593025
4346 nad2 1 557456.697746 0.407935 0.592065
4347 nad2 1 557430.536595 0.408894 0.591106
4348 nad2 1 557430.536595 0.409854 0.590146
4349 nad2 1 557430.536595 0.410814 0.589186
4350 nad2 1 557427.536595 0.411775 0.588225
4351 nad2 1 557427.536595 0.412735 0.587265
4352 nad2 1 557427.536595 0.413695 0.586305
4353 nad2 1 557404.875746 0.414652 0.585348
4354 nad2 1 557404.875746 0.415612 0.584388
4355 nad2 1 557404.875746 0.416572 0.583428
4356 nad2 1 557359.969731 0.417528 0.582472
4357 nad2 1 557359.969731 0.418488 0.581512
4358 nad2 1 557359.969731 0.419448 0.580552
4359 nad2 1 557359.969731 0.420407 0.579593
4360 nad2 1 557359.969731 0.421367 0.578633
4361 nad2 1 557359.969731 0.422327 0.577673
4362 nad2 1 557352.756483 0.423287 0.576713
4363 nad2 1 557352.756483 0.424247 0.575753
4364 nad2 1 557352.756483 0.425207 0.574793
4365 nad2 1 557352.756483 0.426167 0.573833
4366 nad2 1 557352.756483 0.427126 0.572874
4367 nad2 1 557352.756483 0.428086 0.571914
4368 nad2 1 557352.756483 0.429046 0.570954
4369 nad2 1 557352.756483 0.430006 0.569994
4370 nad2 1 557352.756483 0.430966 0.569034
4371 nad2 1 557352.756483 0.431925 0.568075
4372 nad2 1 557352.756483 0.432885 0.567115
4373 nad2 1 557352.756483 0.433845 0.566155
4374 nad2 1 557352.756483 0.434805 0.565195
4375 nad2 1 557352.756483 0.435765 0.564235
4376 nad2 1 557352.756483 0.436725 0.563275
4377 nad2 1 557352.756483 0.437684 0.562316
4378 nad2 1 557352.756483 0.438644 0.561356
4379 nad2 1 557352.756483 0.439604 0.560396
4380 nad2 1 557352.756483 0.440564 0.559436
4381 nad2 1 557352.756483 0.441524 0.558476
4382 nad2 1 557352.756483 0.442484 0.557516
4383 nad2 1 557352.756483 0.443443 0.556557
4384 nad2 1 557352.756483 0.444403 0.555597
4385 nad2 1 557352.756483 0.445363 0.554637
4386 nad2 1 557352.756483 0.446323 0.553677
4387 nad2 1 557352.756483 0.447283 0.552717
4388 nad2 1 557352.756483 0.448243 0.551757
4389 nad2 1 557352.756483 0.449202 0.550798
4390 nad2 1 557352.756483 0.450162 0.549838
4391 nad2 1 557352.756483 0.451122 0.548878
4392 nad2 1 557352.756483 0.452082 0.547918
4393 nad2 1 557352.756483 0.453042 0.546958
4394 nad2 1 557352.756483 0.454001 0.545999
4395 nad2 1 557352.756483 0.454961 0.545039
4396 nad2 1 557352.756483 0.455921 0.544079
4397 nad2 1 557352.756483 0.456881 0.543119
4398 nad2 1 557314.840920 0.457825 0.542175
4399 nad2 1 557314.840920 0.458785 0.541215
4400 nad2 1 557314.840920 0.459744 0.540256
4401 nad2 1 557314.840920 0.460704 0.539296
4402 nad2 1 557314.840920 0.461664 0.538336
4403 nad2 1 557314.840920 0.462623 0.537377
4404 nad2 1 557312.141950 0.463582 0.536418
4405 nad2 1 557312.141950 0.464542 0.535458
4406 nad2 1 557312.141950 0.465501 0.534499
4407 nad2 1 557312.141950 0.466461 0.533539
4408 nad2 1 557312.141950 0.467421 0.532579
4409 nad2 1 557312.141950 0.468380 0.531620
4410 nad2 1 557312.141950 0.469340 0.530660
4411 nad2 1 557312.141950 0.470299 0.529701
4412 nad2 1 557312.141950 0.471259 0.528741
4413 nad2 1 557312.141950 0.472218 0.527782
4414 nad2 1 557312.141950 0.473178 0.526822
4415 nad2 1 557312.141950 0.474137 0.525863
4416 nad2 1 557312.141950 0.475097 0.524903
4417 nad2 1 557312.141950 0.476057 0.523943
4418 nad2 1 557312.141950 0.477016 0.522984
4419 nad2 1 557312.141950 0.477976 0.522024
4420 nad2 1 557312.141950 0.478935 0.521065
4421 nad2 1 557312.141950 0.479895 0.520105
4422 nad2 1 557309.442980 0.480844 0.519156
4423 nad2 1 557309.442980 0.481804 0.518196
4424 nad2 1 557309.442980 0.482764 0.517236
4425 nad2 1 557309.442980 0.483723 0.516277
4426 nad2 1 557309.442980 0.484683 0.515317
4427 nad2 1 557309.442980 0.485642 0.514358
4428 nad2 1 557309.442980 0.486602 0.513398
4429 nad2 1 557309.442980 0.487561 0.512439
4430 nad2 1 557309.442980 0.488521 0.511479
4431 nad2 1 557309.442980 0.489480 0.510520
4432 nad2 1 557309.442980 0.490440 0.509560
4433 nad2 1 557309.442980 0.491399 0.508601
4434 nad2 1 557309.442980 0.492359 0.507641
4435 nad2 1 557309.442980 0.493318 0.506682
4436 nad2 1 557309.442980 0.494278 0.505722
4437 nad2 1 557309.442980 0.495238 0.504762
4438 nad2 1 557309.442980 0.496197 0.503803
4439 nad2 1 557309.442980 0.497157 0.502843
4440 nad2 1 557309.442980 0.498116 0.501884
4441 nad2 1 557309.442980 0.499076 0.500924
4442 nad2 1 557309.442980 0.500035 0.499965
4443 nad2 1 557309.442980 0.500995 0.499005
4444 nad2 1 557309.442980 0.501954 0.498046
4445 nad2 1 557309.442980 0.502914 0.497086
4446 nad2 1 557309.442980 0.503873 0.496127
4447 nad2 1 557309.442980 0.504833 0.495167
4448 nad2 1 557309.442980 0.505792 0.494208
4449 nad2 1 557309.442980 0.506752 0.493248
4450 nad2 1 557309.442980 0.507712 0.492288
4451 nad2 1 557309.442980 0.508671 0.491329
4452 nad2 1 557309.442980 0.509631 0.490369
4453 nad2 1 557309.442980 0.510590 0.489410
4454 nad2 1 557309.442980 0.511550 0.488450
4455 nad2 1 557309.442980 0.512509 0.487491
4456 nad2 1 557309.442980 0.513469 0.486531
4457 nad2 1 557309.442980 0.514428 0.485572
4458 nad2 1 557309.442980 0.515388 0.484612
4459 nad2 1 557309.442980 0.516347 0.483653
4460 nad2 1 557309.442980 0.517307 0.482693
4461 nad2 1 557309.442980 0.518267 0.481733
4462 nad2 1 557309.442980 0.519226 0.480774
4463 nad2 1 557309.442980 0.520186 0.479814
4464 nad2 1 557309.442980 0.521145 0.478855
4465 nad2 1 557309.442980 0.522105 0.477895
4466 nad2 1 557309.442980 0.523064 0.476936
4467 nad2 1 557309.442980 0.524024 0.475976
4468 nad2 1 557309.442980 0.524983 0.475017
4469 nad2 1 557309.442980 0.525943 0.474057
4470 nad2 1 557309.442980 0.526902 0.473098
4471 nad2 1 557309.442980 0.527862 0.472138
4472 nad2 1 557309.442980 0.528821 0.471179
4473 nad2 1 557309.442980 0.529781 0.470219
4474 nad2 1 557309.442980 0.530741 0.469259
4475 nad2 1 557309.442980 0.531700 0.468300
4476 nad2 1 557309.442980 0.532660 0.467340
4477 nad2 1 557309.442980 0.533619 0.466381
4478 nad2 1 557309.442980 0.534579 0.465421
4479 nad2 1 557309.442980 0.535538 0.464462
4480 nad2 1 557309.442980 0.536498 0.463502
4481 nad2 1 557309.442980 0.537457 0.462543
4482 nad2 1 557303.532885 0.538416 0.461584
4483 nad2 1 557303.532885 0.539376 0.460624
4484 nad2 1 557303.532885 0.540336 0.459664
4485 nad2 1 557303.532885 0.541295 0.458705
4486 nad2 1 557303.532885 0.542255 0.457745
4487 nad2 1 557303.532885 0.543214 0.456786
4488 nad2 1 557280.418188 0.544165 0.455835
4489 nad2 1 557280.418188 0.545124 0.454876
4490 nad2 1 557280.418188 0.546084 0.453916
4491 nad2 1 557197.666698 0.547030 0.452970
4492 nad2 1 557197.666698 0.547989 0.452011
4493 nad2 1 557197.666698 0.548949 0.451051
4494 nad2 1 556953.377864 0.549876 0.450124
4495 nad2 1 556953.377864 0.550835 0.449165
4496 nad2 1 556953.377864 0.551795 0.448205
4497 nad2 1 556949.012341 0.552751 0.447249
4498 nad2 1 556949.012341 0.553711 0.446289
4499 nad2 1 556949.012341 0.554670 0.445330
4500 nad2 1 556927.442416 0.555626 0.444374
4501 nad2 1 556927.442416 0.556586 0.443414
4502 nad2 1 556927.442416 0.557545 0.442455
4503 nad2 1 556923.001125 0.558503 0.441497
4504 nad2 1 556923.001125 0.559462 0.440538
4505 nad2 1 556923.001125 0.560421 0.439579
4506 nad2 1 556875.010473 0.561376 0.438624
4507 nad2 1 556875.010473 0.562335 0.437665
4508 nad2 1 556875.010473 0.563294 0.436706
4509 nad2 1 556875.010473 0.564254 0.435746
4510 nad2 1 556875.010473 0.565213 0.434787
4511 nad2 1 556875.010473 0.566172 0.433828
4512 nad2 1 556836.484287 0.567130 0.432870
4513 nad2 1 556836.484287 0.568089 0.431911
4514 nad2 1 556836.484287 0.569048 0.430952
4515 nad2 1 556836.484287 0.570008 0.429992
4516 nad2 1 556836.484287 0.570967 0.429033
4517 nad2 1 556836.484287 0.571927 0.428073
4518 nad2 1 556836.484287 0.572886 0.427114
4519 nad2 1 556836.484287 0.573845 0.426155
4520 nad2 1 556836.484287 0.574805 0.425195
4521 nad2 1 556810.802351 0.575764 0.424236
4522 nad2 1 556810.802351 0.576723 0.423277
4523 nad2 1 556810.802351 0.577683 0.422317
4524 nad2 1 556810.802351 0.578642 0.421358
4525 nad2 1 556810.802351 0.579601 0.420399
4526 nad2 1 556810.802351 0.580561 0.419439
4527 nad2 1 556810.802351 0.581520 0.418480
4528 nad2 1 556810.802351 0.582479 0.417521
4529 nad2 1 556810.802351 0.583439 0.416561
4530 nad2 1 556773.939071 0.584397 0.415603
4531 nad2 1 556773.939071 0.585356 0.414644
4532 nad2 1 556773.939071 0.586315 0.413685
4533 nad2 1 556773.939071 0.587275 0.412725
4534 nad2 1 556773.939071 0.588234 0.411766
4535 nad2 1 556773.939071 0.589194 0.410806
4536 nad2 1 556773.939071 0.590153 0.409847
4537 nad2 1 556773.939071 0.591112 0.408888
4538 nad2 1 556773.939071 0.592072 0.407928
4539 nad2 1 556773.939071 0.593031 0.406969
4540 nad2 1 556773.939071 0.593990 0.406010
4541 nad2 1 556773.939071 0.594950 0.405050
4542 nad2 1 556773.939071 0.595909 0.404091
4543 nad2 1 556773.939071 0.596868 0.403132
4544 nad2 1 556773.939071 0.597828 0.402172
4545 nad2 1 556684.292868 0.598791 0.401209
4546 nad2 1 556684.292868 0.599751 0.400249
4547 nad2 1 556684.292868 0.600710 0.399290
4548 nad2 1 556664.318174 0.601669 0.398331
4549 nad2 1 556664.318174 0.602629 0.397371
4550 nad2 1 556664.318174 0.603588 0.396412
4551 nad2 1 556656.712626 0.604543 0.395457
4552 nad2 1 556656.712626 0.605503 0.394497
4553 nad2 1 556656.712626 0.606462 0.393538
4554 nad2 1 556652.015822 0.607417 0.392583
4555 nad2 1 556652.015822 0.608376 0.391624
4556 nad2 1 556652.015822 0.609336 0.390664
4557 nad2 1 556615.607998 0.610295 0.389705
4558 nad2 1 556615.607998 0.611255 0.388745
4559 nad2 1 556615.607998 0.612214 0.387786
4560 nad2 1 556615.607998 0.613173 0.386827
4561 nad2 1 556615.607998 0.614133 0.385867
4562 nad2 1 556615.607998 0.615092 0.384908
4563 nad2 1 556615.607998 0.616051 0.383949
4564 nad2 1 556615.607998 0.617011 0.382989
4565 nad2 1 556615.607998 0.617970 0.382030
4566 nad2 1 556183.551667 0.618893 0.381107
4567 nad2 1 556183.551667 0.619852 0.380148
4568 nad2 1 556183.551667 0.620811 0.379189
4569 nad2 1 556174.459615 0.621771 0.378229
4570 nad2 1 556174.459615 0.622730 0.377270
4571 nad2 1 556174.459615 0.623689 0.376311
4572 nad2 1 556171.057311 0.624642 0.375358
4573 nad2 1 556171.057311 0.625602 0.374398
4574 nad2 1 556171.057311 0.626561 0.373439
4575 nad2 1 556171.057311 0.627520 0.372480
4576 nad2 1 556171.057311 0.628479 0.371521
4577 nad2 1 556171.057311 0.629439 0.370561
4578 nad2 1 555664.863785 0.630399 0.369601
4579 nad2 1 555664.863785 0.631359 0.368641
4580 nad2 1 555664.863785 0.632318 0.367682
4581 nad2 1 555658.317103 0.633274 0.366726
4582 nad2 1 555658.317103 0.634234 0.365766
4583 nad2 1 555658.317103 0.635193 0.364807
4584 nad2 1 555658.317103 0.636152 0.363848
4585 nad2 1 555658.317103 0.637111 0.362889
4586 nad2 1 555658.317103 0.638071 0.361929
4587 nad2 1 555608.817065 0.639024 0.360976
4588 nad2 1 555608.817065 0.639983 0.360017
4589 nad2 1 555608.817065 0.640942 0.359058
4590 nad2 1 555513.321870 0.641854 0.358146
4591 nad2 1 555513.321870 0.642813 0.357187
4592 nad2 1 555513.321870 0.643772 0.356228
4593 nad2 1 555513.321870 0.644732 0.355268
4594 nad2 1 555513.321870 0.645691 0.354309
4595 nad2 1 555513.321870 0.646650 0.353350
4596 nad2 1 555513.321870 0.647609 0.352391
4597 nad2 1 555513.321870 0.648568 0.351432
4598 nad2 1 555513.321870 0.649528 0.350472
4599 nad2 1 555405.354645 0.650481 0.349519
4600 nad2 1 555405.354645 0.651440 0.348560
4601 nad2 1 555405.354645 0.652400 0.347600
4602 nad2 1 555234.239688 0.653352 0.346648
4603 nad2 1 555234.239688 0.654311 0.345689
4604 nad2 1 555234.239688 0.655271 0.344729
4605 nad2 1 555234.239688 0.656230 0.343770
4606 nad2 1 555234.239688 0.657189 0.342811
4607 nad2 1 555234.239688 0.658148 0.341852
4608 nad2 1 555234.239688 0.659107 0.340893
4609 nad2 1 555234.239688 0.660066 0.339934
4610 nad2 1 555234.239688 0.661026 0.338974
4611 nad2 1 555172.991337 0.661993 0.338007
4612 nad2 1 555172.991337 0.662952 0.337048
4613 nad2 1 555172.991337 0.663912 0.336088
4614 nad2 1 555172.991337 0.664871 0.335129
4615 nad2 1 555172.991337 0.665830 0.334170
4616 nad2 1 555172.991337 0.666789 0.333211
4617 nad2 1 555027.943055 0.667740 0.332260
4618 nad2 1 555027.943055 0.668700 0.331300
4619 nad2 1 555027.943055 0.669659 0.330341
4620 nad2 1 555027.943055 0.670618 0.329382
4621 nad2 1 555027.943055 0.671577 0.328423
4622 nad2 1 555027.943055 0.672536 0.327464
4623 nad2 1 555027.943055 0.673496 0.326504
4624 nad2 1 555027.943055 0.674455 0.325545
4625 nad2 1 555027.943055 0.675414 0.324586
4626 nad2 1 555027.943055 0.676373 0.323627
4627 nad2 1 555027.943055 0.677332 0.322668
4628 nad2 1 555027.943055 0.678291 0.321709
4629 nad2 1 554987.996133 0.679249 0.320751
4630 nad2 1 554987.996133 0.680208 0.319792
4631 nad2 1 554987.996133 0.681167 0.318833
4632 nad2 1 554987.996133 0.682126 0.317874
4633 nad2 1 554987.996133 0.683085 0.316915
4634 nad2 1 554987.996133 0.684045 0.315955
4635 nad2 1 554958.013167 0.685002 0.314998
4636 nad2 1 554958.013167 0.685961 0.314039
4637 nad2 1 554958.013167 0.686920 0.313080
4638 nad2 1 554958.013167 0.687879 0.312121
4639 nad2 1 554958.013167 0.688838 0.311162
4640 nad2 1 554958.013167 0.689797 0.310203
4641 nad2 1 554958.013167 0.690757 0.309243
4642 nad2 1 554958.013167 0.691716 0.308284
4643 nad2 1 554958.013167 0.692675 0.307325
4644 nad2 1 554958.013167 0.693634 0.306366
4645 nad2 1 554958.013167 0.694593 0.305407
4646 nad2 1 554958.013167 0.695552 0.304448
4647 nad2 1 554958.013167 0.696512 0.303488
4648 nad2 1 554958.013167 0.697471 0.302529
4649 nad2 1 554958.013167 0.698430 0.301570
4650 nad2 1 554958.013167 0.699389 0.300611
4651 nad2 1 554958.013167 0.700348 0.299652
4652 nad2 1 554958.013167 0.701308 0.298692
4653 nad2 1 554958.013167 0.702267 0.297733
4654 nad2 1 554958.013167 0.703226 0.296774
4655 nad2 1 554958.013167 0.704185 0.295815
4656 nad2 1 554958.013167 0.705144 0.294856
4657 nad2 1 554958.013167 0.706103 0.293897
4658 nad2 1 554958.013167 0.707063 0.292937
4659 nad2 1 554958.013167 0.708022 0.291978
4660 nad2 1 554958.013167 0.708981 0.291019
4661 nad2 1 554958.013167 0.709940 0.290060
4662 nad2 1 554962.068191 0.710900 0.289100
4663 nad2 1 554962.068191 0.711859 0.288141
4664 nad2 1 554962.068191 0.712819 0.287181
4665 nad2 1 554962.068191 0.713778 0.286222
4666 nad2 1 554962.068191 0.714737 0.285263
4667 nad2 1 554962.068191 0.715696 0.284304
4668 nad2 1 554962.068191 0.716655 0.283345
4669 nad2 1 554962.068191 0.717614 0.282386
4670 nad2 1 554962.068191 0.718574 0.281426
4671 nad2 1 554962.068191 0.719533 0.280467
4672 nad2 1 554962.068191 0.720492 0.279508
4673 nad2 1 554962.068191 0.721451 0.278549
4674 nad2 1 554940.996074 0.722383 0.277617
4675 nad2 1 554940.996074 0.723342 0.276658
4676 nad2 1 554940.996074 0.724301 0.275699
4677 nad2 1 554940.996074 0.725261 0.274739
4678 nad2 1 554940.996074 0.726220 0.273780
4679 nad2 1 554940.996074 0.727179 0.272821
4680 nad2 1 554940.996074 0.728138 0.271862
4681 nad2 1 554940.996074 0.729097 0.270903
4682 nad2 1 554940.996074 0.730056 0.269944
4683 nad2 1 554909.148363 0.731015 0.268985
4684 nad2 1 554909.148363 0.731974 0.268026
4685 nad2 1 554909.148363 0.732933 0.267067
4686 nad2 1 554909.148363 0.733892 0.266108
4687 nad2 1 554909.148363 0.734851 0.265149
4688 nad2 1 554909.148363 0.735810 0.264190
4689 nad2 1 554902.126086 0.736767 0.263233
4690 nad2 1 554902.126086 0.737726 0.262274
4691 nad2 1 554902.126086 0.738685 0.261315
4692 nad2 1 554902.126086 0.739644 0.260356
4693 nad2 1 554902.126086 0.740603 0.259397
4694 nad2 1 554902.126086 0.741563 0.258437
4695 nad2 1 554902.126086 0.742522 0.257478
4696 nad2 1 554902.126086 0.743481 0.256519
4697 nad2 1 554902.126086 0.744440 0.255560
4698 nad2 1 554864.871598 0.745397 0.254603
4699 nad2 1 554864.871598 0.746356 0.253644
4700 nad2 1 554864.871598 0.747315 0.252685
4701 nad2 1 554830.989620 0.748264 0.251736
4702 nad2 1 554830.989620 0.749223 0.250777
4703 nad2 1 554830.989620 0.750182 0.249818
4704 nad2 1 554830.989620 0.751141 0.248859
4705 nad2 1 554830.989620 0.752100 0.247900
4706 nad2 1 554830.989620 0.753059 0.246941
4707 nad2 1 554830.989620 0.754018 0.245982
4708 nad2 1 554830.989620 0.754977 0.245023
4709 nad2 1 554830.989620 0.755936 0.244064
4710 nad2 1 554409.252477 0.756851 0.243149
4711 nad2 1 554409.252477 0.757810 0.242190
4712 nad2 1 554409.252477 0.758769 0.241231
4713 nad2 1 554100.934471 0.759727 0.240273
4714 nad2 1 554100.934471 0.760686 0.239314
4715 nad2 1 554100.934471 0.761645 0.238355
4716 nad2 1 554100.934471 0.762604 0.237396
4717 nad2 1 554100.934471 0.763563 0.236437
4718 nad2 1 554100.934471 0.764523 0.235477
4719 nad2 1 554097.233324 0.765480 0.234520
4720 nad2 1 554097.233324 0.766439 0.233561
4721 nad2 1 554097.233324 0.767398 0.232602
4722 nad2 1 553806.054949 0.768337 0.231663
4723 nad2 1 553806.054949 0.769296 0.230704
4724 nad2 1 553806.054949 0.770255 0.229745
4725 nad2 1 553524.483629 0.771200 0.228800
4726 nad2 1 553524.483629 0.772159 0.227841
4727 nad2 1 553524.483629 0.773118 0.226882
4728 nad2 1 553466.979963 0.774074 0.225926
4729 nad2 1 553466.979963 0.775033 0.224967
4730 nad2 1 553466.979963 0.775992 0.224008
4731 nad2 1 553376.616007 0.776947 0.223053
4732 nad2 1 553376.616007 0.777906 0.222094
4733 nad2 1 553376.616007 0.778865 0.221135
4734 nad2 1 553328.792098 0.779823 0.220177
4735 nad2 1 553328.792098 0.780782 0.219218
4736 nad2 1 553328.792098 0.781741 0.218259
4737 nad2 1 553225.845633 0.782691 0.217309
4738 nad2 1 553225.845633 0.783650 0.216350
4739 nad2 1 553225.845633 0.784609 0.215391
4740 nad2 1 553030.438863 0.785552 0.214448
4741 nad2 1 553030.438863 0.786511 0.213489
4742 nad2 1 553030.438863 0.787470 0.212530
4743 nad2 1 552771.031979 0.788419 0.211581
4744 nad2 1 552771.031979 0.789378 0.210622
4745 nad2 1 552771.031979 0.790337 0.209663
4746 nad2 1 552729.595061 0.791293 0.208707
4747 nad2 1 552729.595061 0.792252 0.207748
4748 nad2 1 552729.595061 0.793211 0.206789
4749 nad2 1 552670.395091 0.794171 0.205829
4750 nad2 1 552670.395091 0.795130 0.204870
4751 nad2 1 552670.395091 0.796089 0.203911
4752 nad2 1 552638.452035 0.797038 0.202962
4753 nad2 1 552638.452035 0.797997 0.202003
4754 nad2 1 552638.452035 0.798956 0.201044
4755 nad2 1 552494.922319 0.799903 0.200097
4756 nad2 1 552494.922319 0.800862 0.199138
4757 nad2 1 552494.922319 0.801821 0.198179
4758 nad2 1 552494.922319 0.802780 0.197220
4759 nad2 1 552494.922319 0.803739 0.196261
4760 nad2 1 552494.922319 0.804698 0.195302
4761 nad2 1 552494.922319 0.805657 0.194343
4762 nad2 1 552494.922319 0.806616 0.193384
4763 nad2 1 552494.922319 0.807575 0.192425
4764 nad2 1 552414.965012 0.808532 0.191468
4765 nad2 1 552414.965012 0.809491 0.190509
4766 nad2 1 552414.965012 0.810450 0.189550
4767 nad2 1 552389.490692 0.811403 0.188597
4768 nad2 1 552389.490692 0.812362 0.187638
4769 nad2 1 552389.490692 0.813321 0.186679
4770 nad2 1 552256.357466 0.814273 0.185727
4771 nad2 1 552256.357466 0.815232 0.184768
4772 nad2 1 552256.357466 0.816191 0.183809
4773 nad2 1 552256.357466 0.817150 0.182850
4774 nad2 1 552256.357466 0.818109 0.181891
4775 nad2 1 552256.357466 0.819068 0.180932
4776 nad2 1 552218.403871 0.820020 0.179980
4777 nad2 1 552218.403871 0.820979 0.179021
4778 nad2 1 552218.403871 0.821938 0.178062
4779 nad2 1 552218.403871 0.822897 0.177103
4780 nad2 1 552218.403871 0.823856 0.176144
4781 nad2 1 552218.403871 0.824815 0.175185
4782 nad2 1 551841.972987 0.825749 0.174251
4783 nad2 1 551841.972987 0.826708 0.173292
4784 nad2 1 551841.972987 0.827666 0.172334
4785 nad2 1 551748.271494 0.828624 0.171376
4786 nad2 1 551748.271494 0.829583 0.170417
4787 nad2 1 551748.271494 0.830542 0.169458
4788 nad2 1 551748.271494 0.831501 0.168499
4789 nad2 1 551748.271494 0.832459 0.167541
4790 nad2 1 551748.271494 0.833418 0.166582
4791 nad2 1 551527.028527 0.834340 0.165660
4792 nad2 1 551527.028527 0.835298 0.164702
4793 nad2 1 551527.028527 0.836257 0.163743
4794 nad2 1 551441.105619 0.837193 0.162807
4795 nad2 1 551441.105619 0.838151 0.161849
4796 nad2 1 551441.105619 0.839110 0.160890
4797 nad2 1 551357.862635 0.840049 0.159951
4798 nad2 1 551357.862635 0.841008 0.158992
4799 nad2 1 551357.862635 0.841967 0.158033
4800 nad2 1 550819.290665 0.842887 0.157113
4801 nad2 1 550819.290665 0.843846 0.156154
4802 nad2 1 550819.290665 0.844804 0.155196
4803 nad2 1 550631.724701 0.845743 0.154257
4804 nad2 1 550631.724701 0.846702 0.153298
4805 nad2 1 550631.724701 0.847661 0.152339
4806 nad2 1 550129.646728 0.848574 0.151426
4807 nad2 1 550129.646728 0.849533 0.150467
4808 nad2 1 550129.646728 0.850492 0.149508
4809 nad2 1 545537.473896 0.851265 0.148735
4810 nad2 1 545537.473896 0.852224 0.147776
4811 nad2 1 545537.473896 0.853184 0.146816
4812 nad2 1 540401.572555 0.854378 0.145622
4813 nad2 1 540401.572555 0.855338 0.144662
4814 nad2 1 540401.572555 0.856298 0.143702
4815 nad2 1 537521.931337 0.857059 0.142941
4816 nad2 1 537521.931337 0.858019 0.141981
4817 nad2 1 537521.931337 0.858979 0.141021
4818 nad2 1 535022.976801 0.859849 0.140151
4819 nad2 1 535022.976801 0.860808 0.139192
4820 nad2 1 535022.976801 0.861768 0.138232
4821 nad2 1 528680.414157 0.862481 0.137519
4822 nad2 1 528680.414157 0.863440 0.136560
4823 nad2 1 528680.414157 0.864400 0.135600
4824 nad2 1 528360.288408 0.865344 0.134656
4825 nad2 1 528360.288408 0.866303 0.133697
4826 nad2 1 528360.288408 0.867262 0.132738
4827 nad2 1 525562.654355 0.868114 0.131886
4828 nad2 1 525562.654355 0.869073 0.130927
4829 nad2 1 525562.654355 0.870032 0.129968
4830 nad2 1 523129.692822 0.870804 0.129196
4831 nad2 1 523129.692822 0.871762 0.128238
4832 nad2 1 523129.692822 0.872721 0.127279
4833 nad2 1 521774.481987 0.873608 0.126392
4834 nad2 1 521774.481987 0.874567 0.125433
4835 nad2 1 521774.481987 0.875525 0.124475
4836 nad2 1 521301.220441 0.876430 0.123570
4837 nad2 1 521301.220441 0.877389 0.122611
4838 nad2 1 521301.220441 0.878348 0.121652
4839 nad2 1 519661.968260 0.879306 0.120694
4840 nad2 1 519661.968260 0.880265 0.119735
4841 nad2 1 519661.968260 0.881223 0.118777
4842 nad2 1 519103.398331 0.882183 0.117817
4843 nad2 1 519103.398331 0.883141 0.116859
4844 nad2 1 519103.398331 0.884100 0.115900
4845 nad2 1 517782.913828 0.885034 0.114966
4846 nad2 1 517782.913828 0.885993 0.114007
4847 nad2 1 517782.913828 0.886952 0.113048
4848 nad2 1 513234.265128 0.887817 0.112183
4849 nad2 1 513234.265128 0.888776 0.111224
4850 nad2 1 513234.265128 0.889734 0.110266
4851 nad2 1 512191.598199 0.890653 0.109347
4852 nad2 1 512191.598199 0.891612 0.108388
4853 nad2 1 512191.598199 0.892570 0.107430
4854 nad2 1 511789.806125 0.893516 0.106484
4855 nad2 1 511789.806125 0.894474 0.105526
4856 nad2 1 511789.806125 0.895433 0.104567
4857 nad2 1 510305.722890 0.896279 0.103721
4858 nad2 1 510305.722890 0.897237 0.102763
4859 nad2 1 510305.722890 0.898196 0.101804
4860 nad2 1 509277.206029 0.899088 0.100912
4861 nad2 1 509277.206029 0.900047 0.099953
4862 nad2 1 509277.206029 0.901005 0.098995
4863 nad2 1 506185.460476 0.901788 0.098212
4864 nad2 1 506185.460476 0.902746 0.097254
4865 nad2 1 506185.460476 0.903705 0.096295
4866 nad2 1 491315.193121 0.904687 0.095313
4867 nad2 1 491315.193121 0.905646 0.094354
4868 nad2 1 491315.193121 0.906604 0.093396
4869 nad2 1 480408.796315 0.907563 0.092437
4870 nad2 1 480408.796315 0.908522 0.091478
4871 nad2 1 480408.796315 0.909481 0.090519
4872 nad2 1 478574.727697 0.910363 0.089637
4873 nad2 1 478574.727697 0.911321 0.088679
4874 nad2 1 478574.727697 0.912280 0.087720
4875 nad2 1 474684.900053 0.913217 0.086783
4876 nad2 1 474684.900053 0.914176 0.085824
4877 nad2 1 474684.900053 0.915135 0.084865
4878 nad2 1 466326.488768 0.916008 0.083992
4879 nad2 1 466326.488768 0.916967 0.083033
4880 nad2 1 466326.488768 0.917925 0.082075
4881 nad2 1 461246.637695 0.918922 0.081078
4882 nad2 1 461246.637695 0.919880 0.080120
4883 nad2 1 461246.637695 0.920839 0.079161
4884 nad2 1 439504.861596 0.922035 0.077965
4885 nad2 1 439504.861596 0.922994 0.077006
4886 nad2 1 439504.861596 0.923953 0.076047
4887 nad2 1 436318.918511 0.924948 0.075052
4888 nad2 1 436318.918511 0.925907 0.074093
4889 nad2 1 436318.918511 0.926866 0.073134
4890 nad2 1 430804.189247 0.927845 0.072155
4891 nad2 1 430804.189247 0.928804 0.071196
4892 nad2 1 430804.189247 0.929763 0.070237
4893 nad2 1 405904.855113 0.930951 0.069049
4894 nad2 1 405904.855113 0.931910 0.068090
4895 nad2 1 405904.855113 0.932870 0.067130
4896 nad2 1 395414.390466 0.933638 0.066362
4897 nad2 1 395414.390466 0.934597 0.065403
4898 nad2 1 395414.390466 0.935556 0.064444
4899 nad2 1 390490.594534 0.936466 0.063534
4900 nad2 1 390490.594534 0.937425 0.062575
4901 nad2 1 390490.594534 0.938384 0.061616
4902 nad2 1 387869.180594 0.939298 0.060702
4903 nad2 1 387869.180594 0.940257 0.059743
4904 nad2 1 387869.180594 0.941216 0.058784
4905 nad2 1 385228.269290 0.942206 0.057794
4906 nad2 1 385228.269290 0.943165 0.056835
4907 nad2 1 385228.269290 0.944124 0.055876
4908 nad2 1 383734.871325 0.945063 0.054937
4909 nad2 1 383734.871325 0.946022 0.053978
4910 nad2 1 383734.871325 0.946981 0.053019
4911 nad2 1 381477.451470 0.947915 0.052085
4912 nad2 1 381477.451470 0.948874 0.051126
4913 nad2 1 381477.451470 0.949833 0.050167
4914 nad2 1 378396.286123 0.950727 0.049273
4915 nad2 1 378396.286123 0.951686 0.048314
4916 nad2 1 378396.286123 0.952645 0.047355
4917 nad2 1 376427.124721 0.953523 0.046477
4918 nad2 1 376427.124721 0.954482 0.045518
4919 nad2 1 376427.124721 0.955441 0.044559
4920 nad2 1 367627.022672 0.956323 0.043677
4921 nad2 1 367627.022672 0.957282 0.042718
4922 nad2 1 367627.022672 0.958241 0.041759
4923 nad2 1 361682.245886 0.959175 0.040825
4924 nad2 1 361682.245886 0.960134 0.039866
4925 nad2 1 361682.245886 0.961092 0.038908
4926 nad2 1 355742.036316 0.962007 0.037993
4927 nad2 1 355742.036316 0.962966 0.037034
4928 nad2 1 355742.036316 0.963924 0.036076
4929 nad2 1 354652.073283 0.964812 0.035188
4930 nad2 1 354652.073283 0.965770 0.034230
4931 nad2 1 354652.073283 0.966729 0.033271
4932 nad2 1 352302.059719 0.967610 0.032390
4933 nad2 1 352302.059719 0.968569 0.031431
4934 nad2 1 352302.059719 0.969528 0.030472
4935 nad2 1 351193.272202 0.970439 0.029561
4936 nad2 1 351193.272202 0.971398 0.028602
4937 nad2 1 351193.272202 0.972356 0.027644
4938 nad2 1 348203.369668 0.973167 0.026833
4939 nad2 1 348203.369668 0.974126 0.025874
4940 nad2 1 348203.369668 0.975084 0.024916
4941 nad2 1 343970.838509 0.975977 0.024023
4942 nad2 1 343970.838509 0.976936 0.023064
4943 nad2 1 343970.838509 0.977894 0.022106
4944 nad2 1 179959.922190 0.978547 0.021453
4945 nad2 1 179959.922190 0.979504 0.020496
4946 nad2 1 179959.922190 0.980461 0.019539
4947 nad2 1 158189.077616 0.981549 0.018451
4948 nad2 1 158189.077616 0.982506 0.017494
4949 nad2 1 158189.077616 0.983463 0.016537
4950 nad2 1 149949.161201 0.984292 0.015708
4951 nad2 1 149949.161201 0.985249 0.014751
4952 nad2 1 149949.161201 0.986205 0.013795
4953 nad2 1 73197.325773 0.987109 0.012891
4954 nad2 1 73197.325773 0.988063 0.011937
4955 nad2 1 73197.325773 0.989017 0.010983
4956 nad2 1 7092.741256 0.990844 0.009156
4957 nad2 1 7092.741256 0.991796 0.008204
4958 nad2 1 7092.741256 0.992747 0.007253
4959 nad2 1 5605.362273 0.995129 0.004871
4960 nad2 1 5605.362273 0.996090 0.003910
4961 nad2 1 5605.362273 0.997052 0.002948
4962 nad2 1 0.000000 0.000000 0.000000
4963 nad2 1 0.000000 0.000000 0.000000
4964 nad2 1 0.000000 0.997052 0.002948
4965 nad2 1 0.000000 0.000000 0.000000
10270 nad2 1 0.000000 0.000000 0.000000
10271 nad2 1 4.395774 0.139785 0.860215
10272 nad2 1 4.395774 0.140406 0.859594
10273 nad2 1 4.395774 0.141026 0.858974
10274 nad2 1 4.395774 0.141647 0.858353
10275 nad2 1 4.395774 0.142268 0.857732
10276 nad2 1 4.395774 0.142888 0.857112
10277 nad2 1 4.395774 0.143509 0.856491
10278 nad2 1 4.395774 0.144129 0.855871
10279 nad2 1 4.395774 0.144750 0.855250
10280 nad2 1 4.395774 0.145371 0.854629
10281 nad2 1 4.395774 0.145991 0.854009
10282 nad2 1 4.395774 0.146612 0.853388
10283 nad2 1 4.395774 0.147233 0.852767
10284 nad2 1 4.395774 0.147853 0.852147
10285 nad2 1 4.395774 0.148474 0.851526
10286 nad2 1 4.395774 0.149095 0.850905
10287 nad2 1 4.395774 0.149715 0.850285
10288 nad2 1 4.395774 0.150336 0.849664
10289 nad2 1 4.395774 0.150957 0.849043
10290 nad2 1 4.395774 0.151577 0.848423
10291 nad2 1 4.395774 0.152198 0.847802
10292 nad2 1 4.395774 0.152819 0.847181
10293 nad2 1 4.395774 0.153439 0.846561
10294 nad2 1 4.395774 0.154060 0.845940
10295 nad2 1 4.395774 0.154680 0.845320
10296 nad2 1 4.395774 0.155301 0.844699
10297 nad2 1 4.395774 0.155922 0.844078
10298 nad2 1 7.897463 0.102184 0.897816
10299 nad2 1 7.897463 0.102852 0.897148
10300 nad2 1 7.897463 0.103521 0.896479
10301 nad2 1 7.897463 0.104189 0.895811
10302 nad2 1 7.897463 0.104857 0.895143
10303 nad2 1 7.897463 0.105525 0.894475
10304 nad2 1 7.897463 0.106193 0.893807
10305 nad2 1 7.897463 0.106861 0.893139
10306 nad2 1 7.897463 0.107529 0.892471
10307 nad2 1 7.897463 0.108198 0.891802
10308 nad2 1 7.897463 0.108866 0.891134
10309 nad2 1 7.897463 0.109534 0.890466
10310 nad2 1 7.897463 0.110202 0.889798
10311 nad2 1 7.897463 0.110870 0.889130
10312 nad2 1 7.897463 0.111538 0.888462
10313 nad2 1 9.994373 0.102090 0.897910
10314 nad2 1 9.994373 0.102767 0.897233
10315 nad2 1 9.994373 0.103443 0.896557
10316 nad2 1 9.994373 0.104120 0.895880
10317 nad2 1 9.994373 0.104796 0.895204
10318 nad2 1 9.994373 0.105473 0.894527
10319 nad2 1 9.994373 0.106149 0.893851
10320 nad2 1 9.994373 0.106826 0.893174
10321 nad2 1 9.994373 0.107502 0.892498
10322 nad2 1 9.994373 0.108179 0.891821
10323 nad2 1 9.994373 0.108855 0.891145
10324 nad2 1 9.994373 0.109532 0.890468
10325 nad2 1 9.994373 0.110208 0.889792
10326 nad2 1 9.994373 0.110885 0.889115
10327 nad2 1 9.994373 0.111561 0.888439
10328 nad2 1 9.994373 0.112238 0.887762
10329 nad2 1 9.994373 0.112914 0.887086
10330 nad2 1 9.994373 0.113591 0.886409
10331 nad2 1 9.994373 0.114267 0.885733
10332 nad2 1 9.994373 0.114944 0.885056
10333 nad2 1 9.994373 0.115620 0.884380
10334 nad2 1 9.994373 0.116297 0.883703
10335 nad2 1 9.994373 0.116973 0.883027
10336 nad2 1 9.994373 0.117650 0.882350
10337 nad2 1 9.994373 0.118326 0.881674
10338 nad2 1 9.994373 0.119003 0.880997
10339 nad2 1 9.994373 0.119679 0.880321
10340 nad2 1 9.994373 0.120356 0.879644
10341 nad2 1 9.994373 0.121032 0.878968
10342 nad2 1 9.994373 0.121709 0.878291
10343 nad2 1 9.994373 0.122385 0.877615
10344 nad2 1 9.994373 0.123062 0.876938
10345 nad2 1 9.994373 0.123738 0.876262
10346 nad2 1 12.392313 0.125416 0.874584
10347 nad2 1 12.392313 0.126093 0.873907
10348 nad2 1 12.392313 0.126770 0.873230
10349 nad2 1 12.392313 0.127446 0.872554
10350 nad2 1 12.392313 0.128123 0.871877
10351 nad2 1 12.392313 0.128800 0.871200
10352 nad2 1 12.392313 0.129476 0.870524
10353 nad2 1 12.392313 0.130153 0.869847
10354 nad2 1 12.392313 0.130829 0.869171
10355 nad2 1 12.392313 0.131506 0.868494
10356 nad2 1 12.392313 0.132183 0.867817
10357 nad2 1 12.392313 0.132859 0.867141
10358 nad2 1 12.392313 0.133536 0.866464
10359 nad2 1 12.392313 0.134213 0.865787
10360 nad2 1 12.392313 0.134889 0.865111
10361 nad2 1 12.392313 0.135566 0.864434
10362 nad2 1 12.392313 0.136243 0.863757
10363 nad2 1 12.392313 0.136919 0.863081
10364 nad2 1 12.392313 0.137596 0.862404
10365 nad2 1 12.392313 0.138273 0.861727
10366 nad2 1 12.392313 0.138949 0.861051
10367 nad2 1 12.392313 0.139626 0.860374
10368 nad2 1 12.392313 0.140302 0.859698
10369 nad2 1 12.392313 0.140979 0.859021
10370 nad2 1 12.392313 0.141656 0.858344
10371 nad2 1 12.392313 0.142332 0.857668
10372 nad2 1 12.392313 0.143009 0.856991
10373 nad2 1 12.392313 0.143686 0.856314
10374 nad2 1 12.392313 0.144362 0.855638
10375 nad2 1 12.392313 0.145039 0.854961
10376 nad2 1 12.392313 0.145716 0.854284
10377 nad2 1 12.392313 0.146392 0.853608
10378 nad2 1 12.392313 0.147069 0.852931
10379 nad2 1 12.392313 0.147745 0.852255
10380 nad2 1 12.392313 0.148422 0.851578
10381 nad2 1 12.392313 0.149099 0.850901
10382 nad2 1 12.392313 0.149775 0.850225
10383 nad2 1 12.392313 0.150452 0.849548
10384 nad2 1 12.392313 0.151129 0.848871
10385 nad2 1 12.392313 0.151805 0.848195
10386 nad2 1 12.392313 0.152482 0.847518
10387 nad2 1 12.392313 0.153159 0.846841
10388 nad2 1 12.392313 0.153835 0.846165
10389 nad2 1 12.392313 0.154512 0.845488
10390 nad2 1 12.392313 0.155188 0.844812
10391 nad2 1 12.392313 0.155865 0.844135
10392 nad2 1 12.392313 0.156542 0.843458
10393 nad2 1 12.392313 0.157218 0.842782
10394 nad2 1 12.392313 0.157895 0.842105
10395 nad2 1 12.392313 0.158572 0.841428
10396 nad2 1 12.392313 0.159248 0.840752
10397 nad2 1 12.392313 0.159925 0.840075
10398 nad2 1 12.392313 0.160602 0.839398
10399 nad2 1 12.392313 0.161278 0.838722
10400 nad2 1 12.392313 0.161955 0.838045
10401 nad2 1 12.392313 0.162631 0.837369
10402 nad2 1 12.392313 0.163308 0.836692
10403 nad2 1 12.392313 0.163985 0.836015
10404 nad2 1 12.392313 0.164661 0.835339
10405 nad2 1 12.392313 0.165338 0.834662
10406 nad2 1 12.392313 0.166015 0.833985
10407 nad2 1 12.392313 0.166691 0.833309
10408 nad2 1 12.392313 0.167368 0.832632
10409 nad2 1 12.392313 0.168045 0.831955
10410 nad2 1 12.392313 0.168721 0.831279
10411 nad2 1 12.392313 0.169398 0.830602
10412 nad2 1 12.392313 0.170075 0.829925
10413 nad2 1 12.392313 0.170751 0.829249
10414 nad2 1 12.392313 0.171428 0.828572
10415 nad2 1 12.392313 0.172104 0.827896
10416 nad2 1 12.392313 0.172781 0.827219
10417 nad2 1 12.392313 0.173458 0.826542
10418 nad2 1 12.392313 0.174134 0.825866
10419 nad2 1 12.392313 0.174811 0.825189
10420 nad2 1 12.392313 0.175488 0.824512
10421 nad2 1 12.392313 0.176164 0.823836
10422 nad2 1 12.392313 0.176841 0.823159
10423 nad2 1 12.392313 0.177518 0.822482
10424 nad2 1 12.392313 0.178194 0.821806
10425 nad2 1 12.392313 0.178871 0.821129
10426 nad2 1 12.392313 0.179547 0.820453
10427 nad2 1 12.392313 0.180224 0.819776
10428 nad2 1 12.392313 0.180901 0.819099
10429 nad2 1 12.392313 0.181577 0.818423
10430 nad2 1 12.392313 0.182254 0.817746
10431 nad2 1 12.392313 0.182931 0.817069
10432 nad2 1 12.392313 0.183607 0.816393
10433 nad2 1 12.392313 0.184284 0.815716
10434 nad2 1 12.392313 0.184961 0.815039
10435 nad2 1 12.392313 0.185637 0.814363
10436 nad2 1 12.392313 0.186314 0.813686
10437 nad2 1 12.392313 0.186990 0.813010
10438 nad2 1 12.392313 0.187667 0.812333
10439 nad2 1 12.392313 0.188344 0.811656
10440 nad2 1 12.392313 0.189020 0.810980
10441 nad2 1 12.392313 0.189697 0.810303
10442 nad2 1 12.392313 0.190374 0.809626
10443 nad2 1 12.392313 0.191050 0.808950
10444 nad2 1 12.392313 0.191727 0.808273
10445 nad2 1 12.392313 0.192404 0.807596
10446 nad2 1 12.392313 0.193080 0.806920
10447 nad2 1 12.392313 0.193757 0.806243
10448 nad2 1 12.392313 0.194434 0.805566
10449 nad2 1 12.392313 0.195110 0.804890
10450 nad2 1 12.392313 0.195787 0.804213
10451 nad2 1 12.392313 0.196463 0.803537
10452 nad2 1 12.392313 0.197140 0.802860
10453 nad2 1 12.392313 0.197817 0.802183
10454 nad2 1 12.392313 0.198493 0.801507
10455 nad2 1 12.392313 0.199170 0.800830
10456 nad2 1 12.392313 0.199847 0.800153
10457 nad2 1 12.392313 0.200523 0.799477
10458 nad2 1 12.392313 0.201200 0.798800
10459 nad2 1 12.392313 0.201877 0.798123
10460 nad2 1 12.392313 0.202553 0.797447
10461 nad2 1 12.392313 0.203230 0.796770
10462 nad2 1 12.392313 0.203906 0.796094
10463 nad2 1 12.392313 0.204583 0.795417
10464 nad2 1 12.392313 0.205260 0.794740
10465 nad2 1 12.392313 0.205936 0.794064
10466 nad2 1 39.350630 0.061092 0.938908
10467 nad2 1 39.350630 0.061899 0.938101
10468 nad2 1 39.350630 0.062706 0.937294
10469 nad2 1 39.350630 0.063513 0.936487
10470 nad2 1 39.350630 0.064319 0.935681
10471 nad2 1 39.350630 0.065126 0.934874
10472 nad2 1 39.350630 0.065933 0.934067
10473 nad2 1 39.350630 0.066740 0.933260
10474 nad2 1 39.350630 0.067547 0.932453
10475 nad2 1 41.572479 0.075378 0.924622
10476 nad2 1 41.572479 0.076178 0.923822
10477 nad2 1 41.572479 0.076979 0.923021
10478 nad2 1 52.163795 0.065296 0.934704
10479 nad2 1 52.163795 0.066111 0.933889
10480 nad2 1 52.163795 0.066927 0.933073
10481 nad2 1 52.163795 0.067742 0.932258
10482 nad2 1 52.163795 0.068557 0.931443
10483 nad2 1 52.163795 0.069372 0.930628
10484 nad2 1 52.163795 0.070187 0.929813
10485 nad2 1 52.163795 0.071002 0.928998
10486 nad2 1 52.163795 0.071817 0.928183
10487 nad2 1 54.862765 0.069715 0.930285
10488 nad2 1 54.862765 0.070532 0.929468
10489 nad2 1 54.862765 0.071350 0.928650
10490 nad2 1 71.479864 0.061122 0.938878
10491 nad2 1 71.479864 0.061951 0.938049
10492 nad2 1 71.479864 0.062781 0.937219
10493 nad2 1 76.994995 0.060135 0.939865
10494 nad2 1 76.994995 0.060969 0.939031
10495 nad2 1 76.994995 0.061802 0.938198
10496 nad2 1 79.994995 0.060780 0.939220
10497 nad2 1 79.994995 0.061615 0.938385
10498 nad2 1 79.994995 0.062451 0.937549
10499 nad2 1 93.137663 0.056797 0.943203
10500 nad2 1 93.137663 0.057644 0.942356
10501 nad2 1 93.137663 0.058491 0.941509
10502 nad2 1 109.104239 0.052293 0.947707
10503 nad2 1 109.104239 0.053146 0.946854
10504 nad2 1 109.104239 0.054000 0.946000
10505 nad2 1 109.104239 0.054853 0.945147
10506 nad2 1 109.104239 0.055707 0.944293
10507 nad2 1 109.104239 0.056560 0.943440
10508 nad2 1 109.104239 0.057413 0.942587
10509 nad2 1 109.104239 0.058267 0.941733
10510 nad2 1 109.104239 0.059120 0.940880
10511 nad2 1 109.104239 0.059973 0.940027
10512 nad2 1 109.104239 0.060827 0.939173
10513 nad2 1 109.104239 0.061680 0.938320
10514 nad2 1 109.104239 0.062533 0.937467
10515 nad2 1 109.104239 0.063387 0.936613
10516 nad2 1 109.104239 0.064240 0.935760
10517 nad2 1 111.201149 0.064324 0.935676
10518 nad2 1 111.201149 0.065178 0.934822
10519 nad2 1 111.201149 0.066032 0.933968
10520 nad2 1 111.201149 0.066886 0.933114
10521 nad2 1 111.201149 0.067740 0.932260
10522 nad2 1 111.201149 0.068594 0.931406
10523 nad2 1 111.201149 0.069448 0.930552
10524 nad2 1 111.201149 0.070302 0.929698
10525 nad2 1 111.201149 0.071156 0.928844
10526 nad2 1 140.948453 0.066635 0.933365
10527 nad2 1 140.948453 0.067493 0.932507
10528 nad2 1 140.948453 0.068351 0.931649
10529 nad2 1 150.029375 0.068262 0.931738
10530 nad2 1 150.029375 0.069120 0.930880
10531 nad2 1 150.029375 0.069979 0.930021
10532 nad2 1 150.029375 0.070837 0.929163
10533 nad2 1 150.029375 0.071695 0.928305
10534 nad2 1 150.029375 0.072554 0.927446
10535 nad2 1 150.029375 0.073412 0.926588
10536 nad2 1 150.029375 0.074271 0.925729
10537 nad2 1 150.029375 0.075129 0.924871
10538 nad2 1 154.184277 0.075435 0.924565
10539 nad2 1 154.184277 0.076294 0.923706
10540 nad2 1 154.184277 0.077153 0.922847
10541 nad2 1 244.452757 0.078086 0.921914
10542 nad2 1 244.452757 0.078932 0.921068
10543 nad2 1 244.452757 0.079778 0.920222
10544 nad2 1 244.452757 0.080623 0.919377
10545 nad2 1 244.452757 0.081469 0.918531
10546 nad2 1 244.452757 0.082314 0.917686
10547 nad2 1 244.452757 0.083160 0.916840
10548 nad2 1 244.452757 0.084006 0.915994
10549 nad2 1 244.452757 0.084851 0.915149
10550 nad2 1 244.452757 0.085697 0.914303
10551 nad2 1 244.452757 0.086543 0.913457
10552 nad2 1 244.452757 0.087388 0.912612
10553 nad2 1 246.674606 0.088072 0.911928
10554 nad2 1 246.674606 0.088918 0.911082
10555 nad2 1 246.674606 0.089763 0.910237
10556 nad2 1 246.674606 0.090609 0.909391
10557 nad2 1 246.674606 0.091455 0.908545
10558 nad2 1 246.674606 0.092301 0.907699
10559 nad2 1 246.674606 0.093147 0.906853
10560 nad2 1 246.674606 0.093993 0.906007
10561 nad2 1 246.674606 0.094839 0.905161
10562 nad2 1 322.619614 0.094192 0.905808
10563 nad2 1 322.619614 0.095038 0.904962
10564 nad2 1 322.619614 0.095884 0.904116
10565 nad2 1 322.619614 0.096730 0.903270
10566 nad2 1 322.619614 0.097576 0.902424
10567 nad2 1 322.619614 0.098422 0.901578
10568 nad2 1 322.619614 0.099268 0.900732
10569 nad2 1 322.619614 0.100114 0.899886
10570 nad2 1 322.619614 0.100960 0.899040
10571 nad2 1 322.619614 0.101806 0.898194
10572 nad2 1 322.619614 0.102652 0.897348
10573 nad2 1 322.619614 0.103498 0.896502
10574 nad2 1 322.619614 0.104344 0.895656
10575 nad2 1 322.619614 0.105189 0.894811
10576 nad2 1 322.619614 0.106035 0.893965
10577 nad2 1 322.619614 0.106881 0.893119
10578 nad2 1 322.619614 0.107727 0.892273
10579 nad2 1 322.619614 0.108573 0.891427
10580 nad2 1 325.017554 0.109420 0.890580
10581 nad2 1 325.017554 0.110266 0.889734
10582 nad2 1 325.017554 0.111112 0.888888
10583 nad2 1 325.017554 0.111958 0.888042
10584 nad2 1 325.017554 0.112804 0.887196
10585 nad2 1 325.017554 0.113651 0.886349
10586 nad2 1 325.017554 0.114497 0.885503
10587 nad2 1 325.017554 0.115343 0.884657
10588 nad2 1 325.017554 0.116189 0.883811
10589 nad2 1 325.017554 0.117035 0.882965
10590 nad2 1 325.017554 0.117881 0.882119
10591 nad2 1 325.017554 0.118727 0.881273
10592 nad2 1 325.017554 0.119573 0.880427
10593 nad2 1 325.017554 0.120419 0.879581
10594 nad2 1 325.017554 0.121265 0.878735
10595 nad2 1 325.017554 0.122111 0.877889
10596 nad2 1 325.017554 0.122957 0.877043
10597 nad2 1 325.017554 0.123803 0.876197
10598 nad2 1 325.017554 0.124649 0.875351
10599 nad2 1 325.017554 0.125495 0.874505
10600 nad2 1 325.017554 0.126341 0.873659
10601 nad2 1 330.716524 0.127077 0.872923
10602 nad2 1 330.716524 0.127924 0.872076
10603 nad2 1 330.716524 0.128770 0.871230
10604 nad2 1 330.716524 0.129616 0.870384
10605 nad2 1 330.716524 0.130462 0.869538
10606 nad2 1 330.716524 0.131308 0.868692
10607 nad2 1 330.716524 0.132154 0.867846
10608 nad2 1 330.716524 0.133000 0.867000
10609 nad2 1 330.716524 0.133847 0.866153
10610 nad2 1 330.716524 0.134693 0.865307
10611 nad2 1 330.716524 0.135539 0.864461
10612 nad2 1 330.716524 0.136385 0.863615
10613 nad2 1 330.716524 0.137231 0.862769
10614 nad2 1 330.716524 0.138077 0.861923
10615 nad2 1 330.716524 0.138923 0.861077
10616 nad2 1 330.716524 0.139770 0.860230
10617 nad2 1 330.716524 0.140616 0.859384
10618 nad2 1 330.716524 0.141462 0.858538
10619 nad2 1 350.047555 0.143408 0.856592
10620 nad2 1 350.047555 0.144253 0.855747
10621 nad2 1 350.047555 0.145098 0.854902
10622 nad2 1 350.047555 0.145943 0.854057
10623 nad2 1 350.047555 0.146788 0.853212
10624 nad2 1 350.047555 0.147633 0.852367
10625 nad2 1 350.047555 0.148478 0.851522
10626 nad2 1 350.047555 0.149323 0.850677
10627 nad2 1 350.047555 0.150168 0.849832
10628 nad2 1 352.047555 0.150901 0.849099
10629 nad2 1 352.047555 0.151746 0.848254
10630 nad2 1 352.047555 0.152592 0.847408
10631 nad2 1 352.047555 0.153437 0.846563
10632 nad2 1 352.047555 0.154283 0.845717
10633 nad2 1 352.047555 0.155128 0.844872
10634 nad2 1 352.047555 0.155974 0.844026
10635 nad2 1 352.047555 0.156819 0.843181
10636 nad2 1 352.047555 0.157665 0.842335
10637 nad2 1 352.047555 0.158510 0.841490
10638 nad2 1 352.047555 0.159356 0.840644
10639 nad2 1 352.047555 0.160201 0.839799
10640 nad2 1 352.047555 0.161047 0.838953
10641 nad2 1 352.047555 0.161892 0.838108
10642 nad2 1 352.047555 0.162738 0.837262
10643 nad2 1 352.047555 0.163583 0.836417
10644 nad2 1 352.047555 0.164429 0.835571
10645 nad2 1 352.047555 0.165274 0.834726
10646 nad2 1 352.047555 0.166120 0.833880
10647 nad2 1 352.047555 0.166965 0.833035
10648 nad2 1 352.047555 0.167811 0.832189
10649 nad2 1 352.047555 0.168656 0.831344
10650 nad2 1 352.047555 0.169502 0.830498
10651 nad2 1 352.047555 0.170347 0.829653
10652 nad2 1 352.047555 0.171193 0.828807
10653 nad2 1 352.047555 0.172038 0.827962
10654 nad2 1 352.047555 0.172884 0.827116
10655 nad2 1 352.047555 0.173729 0.826271
10656 nad2 1 352.047555 0.174575 0.825425
10657 nad2 1 352.047555 0.175420 0.824580
10658 nad2 1 352.047555 0.176266 0.823734
10659 nad2 1 352.047555 0.177111 0.822889
10660 nad2 1 352.047555 0.177957 0.822043
10661 nad2 1 352.047555 0.178802 0.821198
10662 nad2 1 352.047555 0.179647 0.820353
10663 nad2 1 352.047555 0.180493 0.819507
10664 nad2 1 352.047555 0.181338 0.818662
10665 nad2 1 352.047555 0.182184 0.817816
10666 nad2 1 352.047555 0.183029 0.816971
10667 nad2 1 352.047555 0.183875 0.816125
10668 nad2 1 352.047555 0.184720 0.815280
10669 nad2 1 352.047555 0.185566 0.814434
10670 nad2 1 352.047555 0.186411 0.813589
10671 nad2 1 352.047555 0.187257 0.812743
10672 nad2 1 352.047555 0.188102 0.811898
10673 nad2 1 352.047555 0.188948 0.811052
10674 nad2 1 352.047555 0.189793 0.810207
10675 nad2 1 352.047555 0.190639 0.809361
10676 nad2 1 352.047555 0.191484 0.808516
10677 nad2 1 352.047555 0.192330 0.807670
10678 nad2 1 352.047555 0.193175 0.806825
10679 nad2 1 352.047555 0.194021 0.805979
10680 nad2 1 352.047555 0.194866 0.805134
10681 nad2 1 352.047555 0.195712 0.804288
10682 nad2 1 352.047555 0.196557 0.803443
10683 nad2 1 352.047555 0.197403 0.802597
10684 nad2 1 352.047555 0.198248 0.801752
10685 nad2 1 352.047555 0.199094 0.800906
10686 nad2 1 352.047555 0.199939 0.800061
10687 nad2 1 352.047555 0.200785 0.799215
10688 nad2 1 352.047555 0.201630 0.798370
10689 nad2 1 352.047555 0.202476 0.797524
10690 nad2 1 352.047555 0.203321 0.796679
10691 nad2 1 352.047555 0.204167 0.795833
10692 nad2 1 352.047555 0.205012 0.794988
10693 nad2 1 352.047555 0.205858 0.794142
10694 nad2 1 352.047555 0.206703 0.793297
10695 nad2 1 352.047555 0.207548 0.792452
10696 nad2 1 352.047555 0.208394 0.791606
10697 nad2 1 352.047555 0.209239 0.790761
10698 nad2 1 352.047555 0.210085 0.789915
10699 nad2 1 352.047555 0.210930 0.789070
10700 nad2 1 352.047555 0.211776 0.788224
10701 nad2 1 352.047555 0.212621 0.787379
10702 nad2 1 352.047555 0.213467 0.786533
10703 nad2 1 352.047555 0.214312 0.785688
10704 nad2 1 352.047555 0.215158 0.784842
10705 nad2 1 352.047555 0.216003 0.783997
10706 nad2 1 352.047555 0.216849 0.783151
10707 nad2 1 352.047555 0.217694 0.782306
10708 nad2 1 352.047555 0.218540 0.781460
10709 nad2 1 352.047555 0.219385 0.780615
10710 nad2 1 352.047555 0.220231 0.779769
10711 nad2 1 352.047555 0.221076 0.778924
10712 nad2 1 352.047555 0.221922 0.778078
10713 nad2 1 352.047555 0.222767 0.777233
10714 nad2 1 352.047555 0.223613 0.776387
10715 nad2 1 354.746525 0.225494 0.774506
10716 nad2 1 354.746525 0.226339 0.773661
10717 nad2 1 354.746525 0.227183 0.772817
10718 nad2 1 354.746525 0.228027 0.771973
10719 nad2 1 354.746525 0.228871 0.771129
10720 nad2 1 354.746525 0.229716 0.770284
10721 nad2 1 354.746525 0.230560 0.769440
10722 nad2 1 354.746525 0.231404 0.768596
10723 nad2 1 354.746525 0.232249 0.767751
10724 nad2 1 354.746525 0.233093 0.766907
10725 nad2 1 354.746525 0.233937 0.766063
10726 nad2 1 354.746525 0.234781 0.765219
10727 nad2 1 354.746525 0.235626 0.764374
10728 nad2 1 354.746525 0.236470 0.763530
10729 nad2 1 354.746525 0.237314 0.762686
10730 nad2 1 354.746525 0.238159 0.761841
10731 nad2 1 354.746525 0.239003 0.760997
10732 nad2 1 354.746525 0.239847 0.760153
10733 nad2 1 360.269404 0.240431 0.759569
10734 nad2 1 360.269404 0.241276 0.758724
10735 nad2 1 360.269404 0.242121 0.757879
10736 nad2 1 391.814056 0.250664 0.749336
10737 nad2 1 391.814056 0.251501 0.748499
10738 nad2 1 391.814056 0.252337 0.747663
10739 nad2 1 408.193740 0.252168 0.747832
10740 nad2 1 408.193740 0.253007 0.746993
10741 nad2 1 408.193740 0.253845 0.746155
10742 nad2 1 408.193740 0.254684 0.745316
10743 nad2 1 408.193740 0.255522 0.744478
10744 nad2 1 408.193740 0.256361 0.743639
10745 nad2 1 408.193740 0.257199 0.742801
10746 nad2 1 408.193740 0.258038 0.741962
10747 nad2 1 408.193740 0.258876 0.741124
10748 nad2 1 408.193740 0.259715 0.740285
10749 nad2 1 408.193740 0.260553 0.739447
10750 nad2 1 408.193740 0.261392 0.738608
10751 nad2 1 410.892710 0.262084 0.737916
10752 nad2 1 410.892710 0.262923 0.737077
10753 nad2 1 410.892710 0.263762 0.736238
10754 nad2 1 410.892710 0.264601 0.735399
10755 nad2 1 410.892710 0.265440 0.734560
10756 nad2 1 410.892710 0.266279 0.733721
10757 nad2 1 410.892710 0.267118 0.732882
10758 nad2 1 410.892710 0.267957 0.732043
10759 nad2 1 410.892710 0.268796 0.731204
10760 nad2 1 410.892710 0.269635 0.730365
10761 nad2 1 410.892710 0.270474 0.729526
10762 nad2 1 410.892710 0.271313 0.728687
10763 nad2 1 419.272365 0.271188 0.728812
10764 nad2 1 419.272365 0.272029 0.727971
10765 nad2 1 419.272365 0.272871 0.727129
10766 nad2 1 421.272365 0.273408 0.726592
10767 nad2 1 421.272365 0.274250 0.725750
10768 nad2 1 421.272365 0.275093 0.724907
10769 nad2 1 426.943986 0.275545 0.724455
10770 nad2 1 426.943986 0.276387 0.723613
10771 nad2 1 426.943986 0.277230 0.722770
10772 nad2 1 426.943986 0.278073 0.721927
10773 nad2 1 426.943986 0.278916 0.721084
10774 nad2 1 426.943986 0.279759 0.720241
10775 nad2 1 426.943986 0.280602 0.719398
10776 nad2 1 426.943986 0.281445 0.718555
10777 nad2 1 426.943986 0.282288 0.717712
10778 nad2 1 430.371114 0.282952 0.717048
10779 nad2 1 430.371114 0.283795 0.716205
10780 nad2 1 430.371114 0.284638 0.715362
10781 nad2 1 449.869803 0.284146 0.715854
10782 nad2 1 449.869803 0.284992 0.715008
10783 nad2 1 449.869803 0.285838 0.714162
10784 nad2 1 449.869803 0.286685 0.713315
10785 nad2 1 449.869803 0.287531 0.712469
10786 nad2 1 449.869803 0.288377 0.711623
10787 nad2 1 449.869803 0.289223 0.710777
10788 nad2 1 449.869803 0.290070 0.709930
10789 nad2 1 449.869803 0.290916 0.709084
10790 nad2 1 449.869803 0.291762 0.708238
10791 nad2 1 449.869803 0.292609 0.707391
10792 nad2 1 449.869803 0.293455 0.706545
10793 nad2 1 458.292311 0.294288 0.705712
10794 nad2 1 458.292311 0.295134 0.704866
10795 nad2 1 458.292311 0.295979 0.704021
10796 nad2 1 460.389221 0.296630 0.703370
10797 nad2 1 460.389221 0.297476 0.702524
10798 nad2 1 460.389221 0.298323 0.701677
10799 nad2 1 460.389221 0.299170 0.700830
10800 nad2 1 460.389221 0.300017 0.699983
10801 nad2 1 460.389221 0.300864 0.699136
10802 nad2 1 464.389221 0.301424 0.698576
10803 nad2 1 464.389221 0.302271 0.697729
10804 nad2 1 464.389221 0.303119 0.696881
10805 nad2 1 487.389139 0.302575 0.697425
10806 nad2 1 487.389139 0.303424 0.696576
10807 nad2 1 487.389139 0.304273 0.695727
10808 nad2 1 547.188833 0.311597 0.688403
10809 nad2 1 547.188833 0.312439 0.687561
10810 nad2 1 547.188833 0.313281 0.686719
10811 nad2 1 580.519925 0.314833 0.685167
10812 nad2 1 580.519925 0.315675 0.684325
10813 nad2 1 580.519925 0.316518 0.683482
10814 nad2 1 580.519925 0.317360 0.682640
10815 nad2 1 580.519925 0.318203 0.681797
10816 nad2 1 580.519925 0.319045 0.680955
10817 nad2 1 584.896676 0.319657 0.680343
10818 nad2 1 584.896676 0.320500 0.679500
10819 nad2 1 584.896676 0.321343 0.678657
10820 nad2 1 584.896676 0.322186 0.677814
10821 nad2 1 584.896676 0.323029 0.676971
10822 nad2 1 584.896676 0.323872 0.676128
10823 nad2 1 584.896676 0.324715 0.675285
10824 nad2 1 584.896676 0.325558 0.674442
10825 nad2 1 584.896676 0.326401 0.673599
10826 nad2 1 584.896676 0.327244 0.672756
10827 nad2 1 584.896676 0.328087 0.671913
10828 nad2 1 584.896676 0.328930 0.671070
10829 nad2 1 584.896676 0.329773 0.670227
10830 nad2 1 584.896676 0.330617 0.669383
10831 nad2 1 584.896676 0.331460 0.668540
10832 nad2 1 584.896676 0.332303 0.667697
10833 nad2 1 584.896676 0.333146 0.666854
10834 nad2 1 584.896676 0.333989 0.666011
10835 nad2 1 584.896676 0.334832 0.665168
10836 nad2 1 584.896676 0.335675 0.664325
10837 nad2 1 584.896676 0.336518 0.663482
10838 nad2 1 584.896676 0.337361 0.662639
10839 nad2 1 584.896676 0.338204 0.661796
10840 nad2 1 584.896676 0.339047 0.660953
10841 nad2 1 584.896676 0.339890 0.660110
10842 nad2 1 584.896676 0.340733 0.659267
10843 nad2 1 584.896676 0.341576 0.658424
10844 nad2 1 602.505317 0.345080 0.654920
10845 nad2 1 602.505317 0.345919 0.654081
10846 nad2 1 602.505317 0.346758 0.653242
10847 nad2 1 602.505317 0.347597 0.652403
10848 nad2 1 602.505317 0.348436 0.651564
10849 nad2 1 602.505317 0.349275 0.650725
10850 nad2 1 602.505317 0.350114 0.649886
10851 nad2 1 602.505317 0.350952 0.649048
10852 nad2 1 602.505317 0.351791 0.648209
10853 nad2 1 602.505317 0.352630 0.647370
10854 nad2 1 602.505317 0.353469 0.646531
10855 nad2 1 602.505317 0.354308 0.645692
10856 nad2 1 602.505317 0.355147 0.644853
10857 nad2 1 602.505317 0.355986 0.644014
10858 nad2 1 602.505317 0.356825 0.643175
10859 nad2 1 602.505317 0.357664 0.642336
10860 nad2 1 602.505317 0.358502 0.641498
10861 nad2 1 602.505317 0.359341 0.640659
10862 nad2 1 602.505317 0.360180 0.639820
10863 nad2 1 602.505317 0.361019 0.638981
10864 nad2 1 602.505317 0.361858 0.638142
10865 nad2 1 602.505317 0.362697 0.637303
10866 nad2 1 602.505317 0.363536 0.636464
10867 nad2 1 602.505317 0.364375 0.635625
10868 nad2 1 602.505317 0.365213 0.634787
10869 nad2 1 602.505317 0.366052 0.633948
10870 nad2 1 602.505317 0.366891 0.633109
10871 nad2 1 602.505317 0.367730 0.632270
10872 nad2 1 602.505317 0.368569 0.631431
10873 nad2 1 602.505317 0.369408 0.630592
10874 nad2 1 602.505317 0.370247 0.629753
10875 nad2 1 602.505317 0.371086 0.628914
10876 nad2 1 602.505317 0.371924 0.628076
10877 nad2 1 602.505317 0.372763 0.627237
10878 nad2 1 602.505317 0.373602 0.626398
10879 nad2 1 602.505317 0.374441 0.625559
10880 nad2 1 602.505317 0.375280 0.624720
10881 nad2 1 602.505317 0.376119 0.623881
10882 nad2 1 602.505317 0.376958 0.623042
10883 nad2 1 602.505317 0.377797 0.622203
10884 nad2 1 602.505317 0.378636 0.621364
10885 nad2 1 602.505317 0.379474 0.620526
10886 nad2 1 602.505317 0.380313 0.619687
10887 nad2 1 602.505317 0.381152 0.618848
10888 nad2 1 602.505317 0.381991 0.618009
10889 nad2 1 602.505317 0.382830 0.617170
10890 nad2 1 602.505317 0.383669 0.616331
10891 nad2 1 602.505317 0.384508 0.615492
10892 nad2 1 602.505317 0.385347 0.614653
10893 nad2 1 602.505317 0.386185 0.613815
10894 nad2 1 602.505317 0.387024 0.612976
10895 nad2 1 602.505317 0.387863 0.612137
10896 nad2 1 602.505317 0.388702 0.611298
10897 nad2 1 602.505317 0.389541 0.610459
10898 nad2 1 602.505317 0.390380 0.609620
10899 nad2 1 602.505317 0.391219 0.608781
10900 nad2 1 602.505317 0.392058 0.607942
10901 nad2 1 602.505317 0.392896 0.607104
10902 nad2 1 602.505317 0.393735 0.606265
10903 nad2 1 602.505317 0.394574 0.605426
10904 nad2 1 602.505317 0.395413 0.604587
10905 nad2 1 602.505317 0.396252 0.603748
10906 nad2 1 602.505317 0.397091 0.602909
10907 nad2 1 602.505317 0.397930 0.602070
10908 nad2 1 602.505317 0.398769 0.601231
10909 nad2 1 602.505317 0.399608 0.600392
10910 nad2 1 602.505317 0.400446 0.599554
10911 nad2 1 602.505317 0.401285 0.598715
10912 nad2 1 602.505317 0.402124 0.597876
10913 nad2 1 602.505317 0.402963 0.597037
10914 nad2 1 602.505317 0.403802 0.596198
10915 nad2 1 602.505317 0.404641 0.595359
10916 nad2 1 602.505317 0.405480 0.594520
10917 nad2 1 602.505317 0.406319 0.593681
10918 nad2 1 602.505317 0.407157 0.592843
10919 nad2 1 602.505317 0.407996 0.592004
10920 nad2 1 602.505317 0.408835 0.591165
10921 nad2 1 602.505317 0.409674 0.590326
10922 nad2 1 602.505317 0.410513 0.589487
10923 nad2 1 602.505317 0.411352 0.588648
10924 nad2 1 602.505317 0.412191 0.587809
10925 nad2 1 602.505317 0.413030 0.586970
10926 nad2 1 602.505317 0.413868 0.586132
10927 nad2 1 602.505317 0.414707 0.585293
10928 nad2 1 602.505317 0.415546 0.584454
10929 nad2 1 602.505317 0.416385 0.583615
10930 nad2 1 602.505317 0.417224 0.582776
10931 nad2 1 602.505317 0.418063 0.581937
10932 nad2 1 602.505317 0.418902 0.581098
10933 nad2 1 602.505317 0.419741 0.580259
10934 nad2 1 602.505317 0.420580 0.579420
10935 nad2 1 602.505317 0.421418 0.578582
10936 nad2 1 602.505317 0.422257 0.577743
10937 nad2 1 602.505317 0.423096 0.576904
10938 nad2 1 602.505317 0.423935 0.576065
10939 nad2 1 602.505317 0.424774 0.575226
10940 nad2 1 602.505317 0.425613 0.574387
10941 nad2 1 602.505317 0.426452 0.573548
10942 nad2 1 602.505317 0.427291 0.572709
10943 nad2 1 602.505317 0.428129 0.571871
10944 nad2 1 602.505317 0.428968 0.571032
10945 nad2 1 602.505317 0.429807 0.570193
10946 nad2 1 602.505317 0.430646 0.569354
10947 nad2 1 602.505317 0.431485 0.568515
10948 nad2 1 602.505317 0.432324 0.567676
10949 nad2 1 602.505317 0.433163 0.566837
10950 nad2 1 602.505317 0.434002 0.565998
10951 nad2 1 602.505317 0.434840 0.565160
10952 nad2 1 602.505317 0.435679 0.564321
10953 nad2 1 602.505317 0.436518 0.563482
10954 nad2 1 602.505317 0.437357 0.562643
10955 nad2 1 602.505317 0.438196 0.561804
10956 nad2 1 602.505317 0.439035 0.560965
10957 nad2 1 602.505317 0.439874 0.560126
10958 nad2 1 602.505317 0.440713 0.559287
10959 nad2 1 602.505317 0.441552 0.558448
10960 nad2 1 602.505317 0.442390 0.557610
10961 nad2 1 602.505317 0.443229 0.556771
10962 nad2 1 602.505317 0.444068 0.555932
10963 nad2 1 602.505317 0.444907 0.555093
10964 nad2 1 602.505317 0.445746 0.554254
10965 nad2 1 602.505317 0.446585 0.553415
10966 nad2 1 602.505317 0.447424 0.552576
10967 nad2 1 602.505317 0.448263 0.551737
10968 nad2 1 602.505317 0.449101 0.550899
10969 nad2 1 602.505317 0.449940 0.550060
10970 nad2 1 602.505317 0.450779 0.549221
10971 nad2 1 602.505317 0.451618 0.548382
10972 nad2 1 602.505317 0.452457 0.547543
10973 nad2 1 602.505317 0.453296 0.546704
10974 nad2 1 602.505317 0.454135 0.545865
10975 nad2 1 602.505317 0.454974 0.545026
10976 nad2 1 602.505317 0.455813 0.544187
10977 nad2 1 602.505317 0.456651 0.543349
10978 nad2 1 602.505317 0.457490 0.542510
10979 nad2 1 602.505317 0.458329 0.541671
10980 nad2 1 602.505317 0.459168 0.540832
10981 nad2 1 602.505317 0.460007 0.539993
10982 nad2 1 602.505317 0.460846 0.539154
10983 nad2 1 602.505317 0.461685 0.538315
10984 nad2 1 602.505317 0.462524 0.537476
10985 nad2 1 602.505317 0.463362 0.536638
10986 nad2 1 602.505317 0.464201 0.535799
10987 nad2 1 602.505317 0.465040 0.534960
10988 nad2 1 602.505317 0.465879 0.534121
10989 nad2 1 602.505317 0.466718 0.533282
10990 nad2 1 602.505317 0.467557 0.532443
10991 nad2 1 602.505317 0.468396 0.531604
10992 nad2 1 602.505317 0.469235 0.530765
10993 nad2 1 602.505317 0.470073 0.529927
10994 nad2 1 602.505317 0.470912 0.529088
10995 nad2 1 602.505317 0.471751 0.528249
10996 nad2 1 602.505317 0.472590 0.527410
10997 nad2 1 602.505317 0.473429 0.526571
10998 nad2 1 602.505317 0.474268 0.525732
10999 nad2 1 602.505317 0.475107 0.524893
11000 nad2 1 602.505317 0.475946 0.524054
11001 nad2 1 602.505317 0.476785 0.523215
11002 nad2 1 602.505317 0.477623 0.522377
11003 nad2 1 602.505317 0.478462 0.521538
11004 nad2 1 602.505317 0.479301 0.520699
11005 nad2 1 602.505317 0.480140 0.519860
11006 nad2 1 602.505317 0.480979 0.519021
11007 nad2 1 602.505317 0.481818 0.518182
11008 nad2 1 602.505317 0.482657 0.517343
11009 nad2 1 602.505317 0.483496 0.516504
11010 nad2 1 602.505317 0.484334 0.515666
11011 nad2 1 602.505317 0.485173 0.514827
11012 nad2 1 602.505317 0.486012 0.513988
11013 nad2 1 602.505317 0.486851 0.513149
11014 nad2 1 602.505317 0.487690 0.512310
11015 nad2 1 602.505317 0.488529 0.511471
11016 nad2 1 602.505317 0.489368 0.510632
11017 nad2 1 602.505317 0.490207 0.509793
11018 nad2 1 602.505317 0.491045 0.508955
11019 nad2 1 602.505317 0.491884 0.508116
11020 nad2 1 602.505317 0.492723 0.507277
11021 nad2 1 602.505317 0.493562 0.506438
11022 nad2 1 602.505317 0.494401 0.505599
11023 nad2 1 602.505317 0.495240 0.504760
11024 nad2 1 602.505317 0.496079 0.503921
11025 nad2 1 602.505317 0.496918 0.503082
11026 nad2 1 602.505317 0.497757 0.502243
11027 nad2 1 602.505317 0.498595 0.501405
11028 nad2 1 602.505317 0.499434 0.500566
11029 nad2 1 602.505317 0.500273 0.499727
11030 nad2 1 602.505317 0.501112 0.498888
11031 nad2 1 602.505317 0.501951 0.498049
11032 nad2 1 602.505317 0.502790 0.497210
11033 nad2 1 602.505317 0.503629 0.496371
11034 nad2 1 602.505317 0.504468 0.495532
11035 nad2 1 602.505317 0.505306 0.494694
11036 nad2 1 602.505317 0.506145 0.493855
11037 nad2 1 602.505317 0.506984 0.493016
11038 nad2 1 602.505317 0.507823 0.492177
11039 nad2 1 602.505317 0.508662 0.491338
11040 nad2 1 602.505317 0.509501 0.490499
11041 nad2 1 602.505317 0.510340 0.489660
11042 nad2 1 602.505317 0.511179 0.488821
11043 nad2 1 602.505317 0.512017 0.487983
11044 nad2 1 602.505317 0.512856 0.487144
11045 nad2 1 602.505317 0.513695 0.486305
11046 nad2 1 602.505317 0.514534 0.485466
11047 nad2 1 602.505317 0.515373 0.484627
11048 nad2 1 602.505317 0.516212 0.483788
11049 nad2 1 602.505317 0.517051 0.482949
11050 nad2 1 602.505317 0.517890 0.482110
11051 nad2 1 602.505317 0.518729 0.481271
11052 nad2 1 602.505317 0.519567 0.480433
11053 nad2 1 602.505317 0.520406 0.479594
11054 nad2 1 602.505317 0.521245 0.478755
11055 nad2 1 602.505317 0.522084 0.477916
11056 nad2 1 602.505317 0.522923 0.477077
11057 nad2 1 602.505317 0.523762 0.476238
11058 nad2 1 602.505317 0.524601 0.475399
11059 nad2 1 602.505317 0.525440 0.474560
11060 nad2 1 602.505317 0.526278 0.473722
11061 nad2 1 602.505317 0.527117 0.472883
11062 nad2 1 602.505317 0.527956 0.472044
11063 nad2 1 602.505317 0.528795 0.471205
11064 nad2 1 602.505317 0.529634 0.470366
11065 nad2 1 602.505317 0.530473 0.469527
11066 nad2 1 602.505317 0.531312 0.468688
11067 nad2 1 602.505317 0.532151 0.467849
11068 nad2 1 602.505317 0.532989 0.467011
11069 nad2 1 602.505317 0.533828 0.466172
11070 nad2 1 602.505317 0.534667 0.465333
11071 nad2 1 602.505317 0.535506 0.464494
11072 nad2 1 602.505317 0.536345 0.463655
11073 nad2 1 602.505317 0.537184 0.462816
11074 nad2 1 602.505317 0.538023 0.461977
11075 nad2 1 602.505317 0.538862 0.461138
11076 nad2 1 602.505317 0.539701 0.460299
11077 nad2 1 602.505317 0.540539 0.459461
11078 nad2 1 602.505317 0.541378 0.458622
11079 nad2 1 602.505317 0.542217 0.457783
11080 nad2 1 602.505317 0.543056 0.456944
11081 nad2 1 602.505317 0.543895 0.456105
11082 nad2 1 602.505317 0.544734 0.455266
11083 nad2 1 602.505317 0.545573 0.454427
11084 nad2 1 602.505317 0.546412 0.453588
11085 nad2 1 602.505317 0.547250 0.452750
11086 nad2 1 602.505317 0.548089 0.451911
11087 nad2 1 600.350416 0.548970 0.451030
11088 nad2 1 600.350416 0.549808 0.450192
11089 nad2 1 600.350416 0.550647 0.449353
11090 nad2 1 600.350416 0.551485 0.448515
11091 nad2 1 600.350416 0.552324 0.447676
11092 nad2 1 600.350416 0.553162 0.446838
11093 nad2 1 520.318200 0.556124 0.443876
11094 nad2 1 520.318200 0.556956 0.443044
11095 nad2 1 520.318200 0.557788 0.442212
11096 nad2 1 520.318200 0.558621 0.441379
11097 nad2 1 520.318200 0.559453 0.440547
11098 nad2 1 520.318200 0.560285 0.439715
11099 nad2 1 520.318200 0.561118 0.438882
11100 nad2 1 520.318200 0.561950 0.438050
11101 nad2 1 520.318200 0.562782 0.437218
11102 nad2 1 518.221290 0.563697 0.436303
11103 nad2 1 518.221290 0.564529 0.435471
11104 nad2 1 518.221290 0.565361 0.434639
11105 nad2 1 513.698411 0.566367 0.433633
11106 nad2 1 513.698411 0.567198 0.432802
11107 nad2 1 513.698411 0.568030 0.431970
11108 nad2 1 511.543509 0.568943 0.431057
11109 nad2 1 511.543509 0.569775 0.430225
11110 nad2 1 511.543509 0.570606 0.429394
11111 nad2 1 475.006362 0.572725 0.427275
11112 nad2 1 475.006362 0.573552 0.426448
11113 nad2 1 475.006362 0.574379 0.425621
11114 nad2 1 469.483484 0.575440 0.424560
11115 nad2 1 469.483484 0.576265 0.423735
11116 nad2 1 469.483484 0.577091 0.422909
11117 nad2 1 462.795439 0.578105 0.421895
11118 nad2 1 462.795439 0.578930 0.421070
11119 nad2 1 462.795439 0.579755 0.420245
11120 nad2 1 449.242721 0.581067 0.418933
11121 nad2 1 449.242721 0.581891 0.418109
11122 nad2 1 449.242721 0.582714 0.417286
11123 nad2 1 444.543751 0.583219 0.416781
11124 nad2 1 444.543751 0.584044 0.415956
11125 nad2 1 444.543751 0.584868 0.415132
11126 nad2 1 409.254836 0.587098 0.412902
11127 nad2 1 409.254836 0.587916 0.412084
11128 nad2 1 409.254836 0.588735 0.411265
11129 nad2 1 409.254836 0.589553 0.410447
11130 nad2 1 409.254836 0.590372 0.409628
11131 nad2 1 409.254836 0.591190 0.408810
11132 nad2 1 407.099935 0.592047 0.407953
11133 nad2 1 407.099935 0.592865 0.407135
11134 nad2 1 407.099935 0.593683 0.406317
11135 nad2 1 407.099935 0.594500 0.405500
11136 nad2 1 407.099935 0.595318 0.404682
11137 nad2 1 407.099935 0.596136 0.403864
11138 nad2 1 405.099935 0.597075 0.402925
11139 nad2 1 405.099935 0.597892 0.402108
11140 nad2 1 405.099935 0.598709 0.401291
11141 nad2 1 405.099935 0.599525 0.400475
11142 nad2 1 405.099935 0.600342 0.399658
11143 nad2 1 405.099935 0.601159 0.398841
11144 nad2 1 405.099935 0.601976 0.398024
11145 nad2 1 405.099935 0.602793 0.397207
11146 nad2 1 405.099935 0.603610 0.396390
11147 nad2 1 405.099935 0.604427 0.395573
11148 nad2 1 405.099935 0.605243 0.394757
11149 nad2 1 405.099935 0.606060 0.393940
11150 nad2 1 405.099935 0.606877 0.393123
11151 nad2 1 405.099935 0.607694 0.392306
11152 nad2 1 405.099935 0.608511 0.391489
11153 nad2 1 405.099935 0.609328 0.390672
11154 nad2 1 405.099935 0.610145 0.389855
11155 nad2 1 405.099935 0.610961 0.389039
11156 nad2 1 402.400964 0.611938 0.388062
11157 nad2 1 402.400964 0.612754 0.387246
11158 nad2 1 402.400964 0.613570 0.386430
11159 nad2 1 399.701994 0.614633 0.385367
11160 nad2 1 399.701994 0.615449 0.384551
11161 nad2 1 399.701994 0.616265 0.383735
11162 nad2 1 392.875181 0.617244 0.382756
11163 nad2 1 392.875181 0.618058 0.381942
11164 nad2 1 392.875181 0.618872 0.381128
11165 nad2 1 390.829423 0.619128 0.380872
11166 nad2 1 390.829423 0.619944 0.380056
11167 nad2 1 390.829423 0.620760 0.379240
11168 nad2 1 390.829423 0.621575 0.378425
11169 nad2 1 390.829423 0.622391 0.377609
11170 nad2 1 390.829423 0.623207 0.376793
11171 nad2 1 390.829423 0.624023 0.375977
11172 nad2 1 390.829423 0.624839 0.375161
11173 nad2 1 390.829423 0.625654 0.374346
11174 nad2 1 390.829423 0.626470 0.373530
11175 nad2 1 390.829423 0.627286 0.372714
11176 nad2 1 390.829423 0.628102 0.371898
11177 nad2 1 390.829423 0.628918 0.371082
11178 nad2 1 390.829423 0.629734 0.370266
11179 nad2 1 390.829423 0.630549 0.369451
11180 nad2 1 390.829423 0.631365 0.368635
11181 nad2 1 390.829423 0.632181 0.367819
11182 nad2 1 390.829423 0.632997 0.367003
11183 nad2 1 390.829423 0.633813 0.366187
11184 nad2 1 390.829423 0.634628 0.365372
11185 nad2 1 390.829423 0.635444 0.364556
11186 nad2 1 390.829423 0.636260 0.363740
11187 nad2 1 390.829423 0.637076 0.362924
11188 nad2 1 390.829423 0.637892 0.362108
11189 nad2 1 390.829423 0.638708 0.361292
11190 nad2 1 390.829423 0.639523 0.360477
11191 nad2 1 390.829423 0.640339 0.359661
11192 nad2 1 390.829423 0.641155 0.358845
11193 nad2 1 390.829423 0.641971 0.358029
11194 nad2 1 390.829423 0.642787 0.357213
11195 nad2 1 390.829423 0.643602 0.356398
11196 nad2 1 390.829423 0.644418 0.355582
11197 nad2 1 390.829423 0.645234 0.354766
11198 nad2 1 390.829423 0.646050 0.353950
11199 nad2 1 390.829423 0.646866 0.353134
11200 nad2 1 390.829423 0.647682 0.352318
11201 nad2 1 390.829423 0.648497 0.351503
11202 nad2 1 390.829423 0.649313 0.350687
11203 nad2 1 390.829423 0.650129 0.349871
11204 nad2 1 390.829423 0.650945 0.349055
11205 nad2 1 390.829423 0.651761 0.348239
11206 nad2 1 390.829423 0.652576 0.347424
11207 nad2 1 388.306545 0.653510 0.346490
11208 nad2 1 388.306545 0.654325 0.345675
11209 nad2 1 388.306545 0.655141 0.344859
11210 nad2 1 388.306545 0.655956 0.344044
11211 nad2 1 388.306545 0.656771 0.343229
11212 nad2 1 388.306545 0.657587 0.342413
11213 nad2 1 388.306545 0.658402 0.341598
11214 nad2 1 388.306545 0.659217 0.340783
11215 nad2 1 388.306545 0.660032 0.339968
11216 nad2 1 386.151643 0.660993 0.339007
11217 nad2 1 386.151643 0.661808 0.338192
11218 nad2 1 386.151643 0.662623 0.337377
11219 nad2 1 386.151643 0.663438 0.336562
11220 nad2 1 386.151643 0.664253 0.335747
11221 nad2 1 386.151643 0.665068 0.334932
11222 nad2 1 386.151643 0.665882 0.334118
11223 nad2 1 386.151643 0.666697 0.333303
11224 nad2 1 386.151643 0.667512 0.332488
11225 nad2 1 367.828256 0.668666 0.331334
11226 nad2 1 367.828256 0.669479 0.330521
11227 nad2 1 367.828256 0.670292 0.329708
11228 nad2 1 367.828256 0.671105 0.328895
11229 nad2 1 367.828256 0.671918 0.328082
11230 nad2 1 367.828256 0.672730 0.327270
11231 nad2 1 365.673354 0.673636 0.326364
11232 nad2 1 365.673354 0.674448 0.325552
11233 nad2 1 365.673354 0.675260 0.324740
11234 nad2 1 363.275414 0.676148 0.323852
11235 nad2 1 363.275414 0.676960 0.323040
11236 nad2 1 363.275414 0.677772 0.322228
11237 nad2 1 363.275414 0.678584 0.321416
11238 nad2 1 363.275414 0.679396 0.320604
11239 nad2 1 363.275414 0.680208 0.319792
11240 nad2 1 363.275414 0.681019 0.318981
11241 nad2 1 363.275414 0.681831 0.318169
11242 nad2 1 363.275414 0.682643 0.317357
11243 nad2 1 363.275414 0.683455 0.316545
11244 nad2 1 363.275414 0.684267 0.315733
11245 nad2 1 363.275414 0.685079 0.314921
11246 nad2 1 363.275414 0.685891 0.314109
11247 nad2 1 363.275414 0.686703 0.313297
11248 nad2 1 363.275414 0.687515 0.312485
11249 nad2 1 358.974384 0.688445 0.311555
11250 nad2 1 358.974384 0.689255 0.310745
11251 nad2 1 358.974384 0.690066 0.309934
11252 nad2 1 358.974384 0.690877 0.309123
11253 nad2 1 358.974384 0.691687 0.308313
11254 nad2 1 358.974384 0.692498 0.307502
11255 nad2 1 358.974384 0.693308 0.306692
11256 nad2 1 358.974384 0.694119 0.305881
11257 nad2 1 358.974384 0.694929 0.305071
11258 nad2 1 358.974384 0.695740 0.304260
11259 nad2 1 358.974384 0.696551 0.303449
11260 nad2 1 358.974384 0.697361 0.302639
11261 nad2 1 358.974384 0.698172 0.301828
11262 nad2 1 358.974384 0.698982 0.301018
11263 nad2 1 358.974384 0.699793 0.300207
11264 nad2 1 358.974384 0.700603 0.299397
11265 nad2 1 358.974384 0.701414 0.298586
11266 nad2 1 358.974384 0.702224 0.297776
11267 nad2 1 358.974384 0.703035 0.296965
11268 nad2 1 358.974384 0.703846 0.296154
11269 nad2 1 358.974384 0.704656 0.295344
11270 nad2 1 358.974384 0.705467 0.294533
11271 nad2 1 358.974384 0.706277 0.293723
11272 nad2 1 358.974384 0.707088 0.292912
11273 nad2 1 353.372324 0.707922 0.292078
11274 nad2 1 353.372324 0.708732 0.291268
11275 nad2 1 353.372324 0.709542 0.290458
11276 nad2 1 353.372324 0.710352 0.289648
11277 nad2 1 353.372324 0.711161 0.288839
11278 nad2 1 353.372324 0.711971 0.288029
11279 nad2 1 347.301743 0.712819 0.287181
11280 nad2 1 347.301743 0.713628 0.286372
11281 nad2 1 347.301743 0.714436 0.285564
11282 nad2 1 347.301743 0.715245 0.284755
11283 nad2 1 347.301743 0.716054 0.283946
11284 nad2 1 347.301743 0.716863 0.283137
11285 nad2 1 347.301743 0.717671 0.282329
11286 nad2 1 347.301743 0.718480 0.281520
11287 nad2 1 347.301743 0.719289 0.280711
11288 nad2 1 347.301743 0.720097 0.279903
11289 nad2 1 347.301743 0.720906 0.279094
11290 nad2 1 347.301743 0.721715 0.278285
11291 nad2 1 347.301743 0.722524 0.277476
11292 nad2 1 347.301743 0.723332 0.276668
11293 nad2 1 347.301743 0.724141 0.275859
11294 nad2 1 347.301743 0.724950 0.275050
11295 nad2 1 347.301743 0.725758 0.274242
11296 nad2 1 347.301743 0.726567 0.273433
11297 nad2 1 342.380924 0.726073 0.273927
11298 nad2 1 342.380924 0.726883 0.273117
11299 nad2 1 342.380924 0.727692 0.272308
11300 nad2 1 342.380924 0.728501 0.271499
11301 nad2 1 342.380924 0.729311 0.270689
11302 nad2 1 342.380924 0.730120 0.269880
11303 nad2 1 342.380924 0.730929 0.269071
11304 nad2 1 342.380924 0.731739 0.268261
11305 nad2 1 342.380924 0.732548 0.267452
11306 nad2 1 342.380924 0.733357 0.266643
11307 nad2 1 342.380924 0.734166 0.265834
11308 nad2 1 342.380924 0.734976 0.265024
11309 nad2 1 342.380924 0.735785 0.264215
11310 nad2 1 342.380924 0.736594 0.263406
11311 nad2 1 342.380924 0.737404 0.262596
11312 nad2 1 342.380924 0.738213 0.261787
11313 nad2 1 342.380924 0.739022 0.260978
11314 nad2 1 342.380924 0.739832 0.260168
11315 nad2 1 342.380924 0.740641 0.259359
11316 nad2 1 342.380924 0.741450 0.258550
11317 nad2 1 342.380924 0.742259 0.257741
11318 nad2 1 342.380924 0.743069 0.256931
11319 nad2 1 342.380924 0.743878 0.256122
11320 nad2 1 342.380924 0.744687 0.255313
11321 nad2 1 323.770370 0.743891 0.256109
11322 nad2 1 323.770370 0.744707 0.255293
11323 nad2 1 323.770370 0.745523 0.254477
11324 nad2 1 323.770370 0.746339 0.253661
11325 nad2 1 323.770370 0.747155 0.252845
11326 nad2 1 323.770370 0.747971 0.252029
11327 nad2 1 323.770370 0.748787 0.251213
11328 nad2 1 323.770370 0.749603 0.250397
11329 nad2 1 323.770370 0.750419 0.249581
11330 nad2 1 323.770370 0.751236 0.248764
11331 nad2 1 323.770370 0.752052 0.247948
11332 nad2 1 323.770370 0.752868 0.247132
11333 nad2 1 323.770370 0.753684 0.246316
11334 nad2 1 323.770370 0.754500 0.245500
11335 nad2 1 323.770370 0.755316 0.244684
11336 nad2 1 321.673460 0.755614 0.244386
11337 nad2 1 321.673460 0.756428 0.243572
11338 nad2 1 321.673460 0.757242 0.242758
11339 nad2 1 321.673460 0.758056 0.241944
11340 nad2 1 321.673460 0.758871 0.241129
11341 nad2 1 321.673460 0.759685 0.240315
11342 nad2 1 319.518558 0.760720 0.239280
11343 nad2 1 319.518558 0.761534 0.238466
11344 nad2 1 319.518558 0.762347 0.237653
11345 nad2 1 319.518558 0.763161 0.236839
11346 nad2 1 319.518558 0.763975 0.236025
11347 nad2 1 319.518558 0.764789 0.235211
11348 nad2 1 319.518558 0.765602 0.234398
11349 nad2 1 319.518558 0.766416 0.233584
11350 nad2 1 319.518558 0.767230 0.232770
11351 nad2 1 319.518558 0.768044 0.231956
11352 nad2 1 319.518558 0.768857 0.231143
11353 nad2 1 319.518558 0.769671 0.230329
11354 nad2 1 311.165941 0.770249 0.229751
11355 nad2 1 311.165941 0.771062 0.228938
11356 nad2 1 311.165941 0.771876 0.228124
11357 nad2 1 311.165941 0.772689 0.227311
11358 nad2 1 311.165941 0.773503 0.226497
11359 nad2 1 311.165941 0.774316 0.225684
11360 nad2 1 311.165941 0.775130 0.224870
11361 nad2 1 311.165941 0.775943 0.224057
11362 nad2 1 311.165941 0.776757 0.223243
11363 nad2 1 249.165941 0.782947 0.217053
11364 nad2 1 249.165941 0.783744 0.216256
11365 nad2 1 249.165941 0.784542 0.215458
11366 nad2 1 249.165941 0.785339 0.214661
11367 nad2 1 249.165941 0.786137 0.213863
11368 nad2 1 249.165941 0.786934 0.213066
11369 nad2 1 245.011039 0.787169 0.212831
11370 nad2 1 245.011039 0.787970 0.212030
11371 nad2 1 245.011039 0.788770 0.211230
11372 nad2 1 245.011039 0.789571 0.210429
11373 nad2 1 245.011039 0.790372 0.209628
11374 nad2 1 245.011039 0.791173 0.208827
11375 nad2 1 242.789190 0.791730 0.208270
11376 nad2 1 242.789190 0.792532 0.207468
11377 nad2 1 242.789190 0.793334 0.206666
11378 nad2 1 232.956507 0.795653 0.204347
11379 nad2 1 232.956507 0.796452 0.203548
11380 nad2 1 232.956507 0.797251 0.202749
11381 nad2 1 232.956507 0.798050 0.201950
11382 nad2 1 232.956507 0.798849 0.201151
11383 nad2 1 232.956507 0.799648 0.200352
11384 nad2 1 232.956507 0.800446 0.199554
11385 nad2 1 232.956507 0.801245 0.198755
11386 nad2 1 232.956507 0.802044 0.197956
11387 nad2 1 232.956507 0.802843 0.197157
11388 nad2 1 232.956507 0.803642 0.196358
11389 nad2 1 232.956507 0.804441 0.195559
11390 nad2 1 232.956507 0.805240 0.194760
11391 nad2 1 232.956507 0.806039 0.193961
11392 nad2 1 232.956507 0.806838 0.193162
11393 nad2 1 232.956507 0.807636 0.192364
11394 nad2 1 232.956507 0.808435 0.191565
11395 nad2 1 232.956507 0.809234 0.190766
11396 nad2 1 225.160627 0.810349 0.189651
11397 nad2 1 225.160627 0.811147 0.188853
11398 nad2 1 225.160627 0.811945 0.188055
11399 nad2 1 225.160627 0.812743 0.187257
11400 nad2 1 225.160627 0.813541 0.186459
11401 nad2 1 225.160627 0.814339 0.185661
11402 nad2 1 144.293834 0.829515 0.170485
11403 nad2 1 144.293834 0.830309 0.169691
11404 nad2 1 144.293834 0.831102 0.168898
11405 nad2 1 144.293834 0.831896 0.168104
11406 nad2 1 144.293834 0.832690 0.167310
11407 nad2 1 144.293834 0.833483 0.166517
11408 nad2 1 144.293834 0.834277 0.165723
11409 nad2 1 144.293834 0.835070 0.164930
11410 nad2 1 144.293834 0.835864 0.164136
11411 nad2 1 144.293834 0.836657 0.163343
11412 nad2 1 144.293834 0.837451 0.162549
11413 nad2 1 144.293834 0.838245 0.161755
11414 nad2 1 144.293834 0.839038 0.160962
11415 nad2 1 144.293834 0.839832 0.160168
11416 nad2 1 144.293834 0.840625 0.159375
11417 nad2 1 144.293834 0.841419 0.158581
11418 nad2 1 144.293834 0.842212 0.157788
11419 nad2 1 144.293834 0.843006 0.156994
11420 nad2 1 138.086225 0.845786 0.154214
11421 nad2 1 138.086225 0.846576 0.153424
11422 nad2 1 138.086225 0.847366 0.152634
11423 nad2 1 138.086225 0.848156 0.151844
11424 nad2 1 138.086225 0.848946 0.151054
11425 nad2 1 138.086225 0.849736 0.150264
11426 nad2 1 78.862355 0.851353 0.148647
11427 nad2 1 78.862355 0.852196 0.147804
11428 nad2 1 78.862355 0.853039 0.146961
11429 nad2 1 78.862355 0.853883 0.146117
11430 nad2 1 78.862355 0.854726 0.145274
11431 nad2 1 78.862355 0.855569 0.144431
11432 nad2 1 78.862355 0.856412 0.143588
11433 nad2 1 78.862355 0.857256 0.142744
11434 nad2 1 78.862355 0.858099 0.141901
11435 nad2 1 78.862355 0.858942 0.141058
11436 nad2 1 78.862355 0.859785 0.140215
11437 nad2 1 78.862355 0.860629 0.139371
11438 nad2 1 78.862355 0.861472 0.138528
11439 nad2 1 78.862355 0.862315 0.137685
11440 nad2 1 78.862355 0.863158 0.136842
11441 nad2 1 76.640506 0.863902 0.136098
11442 nad2 1 76.640506 0.864742 0.135258
11443 nad2 1 76.640506 0.865582 0.134418
11444 nad2 1 74.640506 0.866106 0.133894
11445 nad2 1 74.640506 0.866943 0.133057
11446 nad2 1 74.640506 0.867780 0.132220
11447 nad2 1 69.242566 0.867891 0.132109
11448 nad2 1 69.242566 0.868743 0.131257
11449 nad2 1 69.242566 0.869595 0.130405
11450 nad2 1 69.242566 0.870447 0.129553
11451 nad2 1 69.242566 0.871299 0.128701
11452 nad2 1 69.242566 0.872151 0.127849
11453 nad2 1 60.564785 0.875159 0.124841
11454 nad2 1 60.564785 0.876028 0.123972
11455 nad2 1 60.564785 0.876898 0.123102
11456 nad2 1 60.564785 0.877767 0.122233
11457 nad2 1 60.564785 0.878637 0.121363
11458 nad2 1 60.564785 0.879506 0.120494
11459 nad2 1 60.564785 0.880376 0.119624
11460 nad2 1 60.564785 0.881245 0.118755
11461 nad2 1 60.564785 0.882115 0.117885
11462 nad2 1 60.564785 0.882984 0.117016
11463 nad2 1 60.564785 0.883854 0.116146
11464 nad2 1 60.564785 0.884723 0.115277
11465 nad2 1 60.564785 0.885593 0.114407
11466 nad2 1 60.564785 0.886462 0.113538
11467 nad2 1 60.564785 0.887332 0.112668
11468 nad2 1 60.564785 0.888201 0.111799
11469 nad2 1 60.564785 0.889071 0.110929
11470 nad2 1 60.564785 0.889940 0.110060
11471 nad2 1 60.564785 0.890810 0.109190
11472 nad2 1 60.564785 0.891679 0.108321
11473 nad2 1 60.564785 0.892549 0.107451
11474 nad2 1 60.564785 0.893418 0.106582
11475 nad2 1 60.564785 0.894288 0.105712
11476 nad2 1 60.564785 0.895157 0.104843
11477 nad2 1 60.564785 0.896027 0.103973
11478 nad2 1 60.564785 0.896896 0.103104
11479 nad2 1 60.564785 0.897766 0.102234
11480 nad2 1 60.564785 0.898635 0.101365
11481 nad2 1 60.564785 0.899505 0.100495
11482 nad2 1 60.564785 0.900374 0.099626
11483 nad2 1 60.564785 0.901244 0.098756
11484 nad2 1 60.564785 0.902113 0.097887
11485 nad2 1 60.564785 0.902983 0.097017
11486 nad2 1 60.564785 0.903852 0.096148
11487 nad2 1 60.564785 0.904722 0.095278
11488 nad2 1 60.564785 0.905591 0.094409
11489 nad2 1 60.564785 0.906461 0.093539
11490 nad2 1 60.564785 0.907330 0.092670
11491 nad2 1 60.564785 0.908200 0.091800
11492 nad2 1 60.564785 0.909069 0.090931
11493 nad2 1 60.564785 0.909939 0.090061
11494 nad2 1 60.564785 0.910808 0.089192
11495 nad2 1 45.501299 0.907407 0.092593
11496 nad2 1 45.501299 0.908292 0.091708
11497 nad2 1 45.501299 0.909177 0.090823
11498 nad2 1 45.501299 0.910061 0.089939
11499 nad2 1 45.501299 0.910946 0.089054
11500 nad2 1 45.501299 0.911831 0.088169
11501 nad2 1 45.501299 0.912716 0.087284
11502 nad2 1 45.501299 0.913600 0.086400
11503 nad2 1 45.501299 0.914485 0.085515
11504 nad2 1 45.501299 0.915370 0.084630
11505 nad2 1 45.501299 0.916255 0.083745
11506 nad2 1 45.501299 0.917140 0.082860
11507 nad2 1 45.501299 0.918024 0.081976
11508 nad2 1 45.501299 0.918909 0.081091
11509 nad2 1 45.501299 0.919794 0.080206
11510 nad2 1 45.501299 0.920679 0.079321
11511 nad2 1 45.501299 0.921564 0.078436
11512 nad2 1 45.501299 0.922448 0.077552
11513 nad2 1 45.501299 0.923333 0.076667
11514 nad2 1 45.501299 0.924218 0.075782
11515 nad2 1 45.501299 0.925103 0.074897
11516 nad2 1 45.501299 0.925987 0.074013
11517 nad2 1 45.501299 0.926872 0.073128
11518 nad2 1 45.501299 0.927757 0.072243
11519 nad2 1 45.501299 0.928642 0.071358
11520 nad2 1 45.501299 0.929527 0.070473
11521 nad2 1 45.501299 0.930411 0.069589
11522 nad2 1 45.501299 0.931296 0.068704
11523 nad2 1 45.501299 0.932181 0.067819
11524 nad2 1 45.501299 0.933066 0.066934
11525 nad2 1 45.501299 0.933951 0.066049
11526 nad2 1 45.501299 0.934835 0.065165
11527 nad2 1 45.501299 0.935720 0.064280
11528 nad2 1 45.501299 0.936605 0.063395
11529 nad2 1 45.501299 0.937490 0.062510
11530 nad2 1 45.501299 0.938374 0.061626
11531 nad2 1 45.501299 0.939259 0.060741
11532 nad2 1 45.501299 0.940144 0.059856
11533 nad2 1 45.501299 0.941029 0.058971
11534 nad2 1 45.501299 0.941914 0.058086
11535 nad2 1 45.501299 0.942798 0.057202
11536 nad2 1 45.501299 0.943683 0.056317
11537 nad2 1 45.501299 0.944568 0.055432
11538 nad2 1 45.501299 0.945453 0.054547
11539 nad2 1 45.501299 0.946338 0.053662
11540 nad2 1 45.501299 0.947222 0.052778
11541 nad2 1 45.501299 0.948107 0.051893
11542 nad2 1 45.501299 0.948992 0.051008
11543 nad2 1 45.501299 0.949877 0.050123
11544 nad2 1 45.501299 0.950761 0.049239
11545 nad2 1 45.501299 0.951646 0.048354
11546 nad2 1 45.501299 0.952531 0.047469
11547 nad2 1 45.501299 0.953416 0.046584
11548 nad2 1 45.501299 0.954301 0.045699
11549 nad2 1 45.501299 0.955185 0.044815
11550 nad2 1 45.501299 0.956070 0.043930
11551 nad2 1 45.501299 0.956955 0.043045
11552 nad2 1 42.978420 0.957846 0.042154
11553 nad2 1 42.978420 0.958731 0.041269
11554 nad2 1 42.978420 0.959615 0.040385
11555 nad2 1 9.489455 0.960151 0.039849
11556 nad2 1 9.489455 0.961008 0.038992
11557 nad2 1 9.489455 0.961864 0.038136
11558 nad2 1 9.489455 0.962720 0.037280
11559 nad2 1 9.489455 0.963577 0.036423
11560 nad2 1 9.489455 0.964433 0.035567
11561 nad2 1 9.489455 0.965289 0.034711
11562 nad2 1 9.489455 0.966146 0.033854
11563 nad2 1 9.489455 0.967002 0.032998
11564 nad2 1 9.489455 0.967858 0.032142
11565 nad2 1 9.489455 0.968715 0.031285
11566 nad2 1 9.489455 0.969571 0.030429
11567 nad2 1 9.489455 0.970427 0.029573
11568 nad2 1 9.489455 0.971283 0.028717
11569 nad2 1 9.489455 0.972140 0.027860
11570 nad2 1 7.091515 0.966571 0.033429
11571 nad2 1 7.091515 0.967403 0.032597
11572 nad2 1 7.091515 0.968235 0.031765
11573 nad2 1 0.000000 0.000000 0.000000
11986 nad2 1 0.000000 0.000000 0.000000
11987 nad2 1 0.000000 0.000000 0.000000
11988 nad2 1 0.000000 0.000000 0.000000
11989 nad2 1 0.000000 0.000000 0.000000
11990 nad2 1 0.000000 0.000000 0.000000
11991 nad2 1 0.000000 0.000000 0.000000
11992 nad2 1 0.000000 0.000000 0.000000
11993 nad2 1 0.000000 0.000000 0.000000
11994 nad2 1 0.000000 0.000000 0.000000
11995 nad2 1 0.000000 0.000000 0.000000
11996 nad2 1 0.000000 0.000000 0.000000
11997 nad2 1 0.000000 0.000000 0.000000
11998 nad2 1 0.000000 0.000000 0.000000
11999 nad2 1 0.000000 0.000000 0.000000
12000 nad2 1 0.000000 0.000000 0.000000
12001 nad2 1 0.000000 0.000000 0.000000
12002 nad2 1 0.000000 0.000000 0.000000
12003 nad2 1 0.000000 0.000000 0.000000
12004 nad2 1 0.000000 0.000000 0.000000
12005 nad2 1 0.000000 0.000000 0.000000
12006 nad2 1 0.000000 0.000000 0.000000
12007 nad2 1 0.000000 0.000000 0.000000
12008 nad2 1 0.000000 0.000000 0.000000
12009 nad2 1 0.000000 0.000000 0.000000
12010 nad2 1 0.000000 0.000000 0.000000
12011 nad2 1 0.000000 0.000000 0.000000
12012 nad2 1 0.000000 0.000000 0.000000
12013 nad2 1 0.000000 0.000000 0.000000
12014 nad2 1 0.000000 0.000000 0.000000
12015 nad2 1 0.000000 0.000000 0.000000
12016 nad2 1 0.000000 0.000000 0.000000
12017 nad2 1 0.000000 0.000000 0.000000
12018 nad2 1 0.000000 0.000000 0.000000
12019 nad2 1 0.000000 0.000000 0.000000
12020 nad2 1 0.000000 0.000000 0.000000
12021 nad2 1 0.000000 0.000000 0.000000
12022 nad2 1 0.000000 0.000000 0.000000
12023 nad2 1 0.000000 0.000000 0.000000
12024 nad2 1 0.000000 0.000000 0.000000
12025 nad2 1 0.000000 0.000000 0.000000
12026 nad2 1 0.000000 0.000000 0.000000
12027 nad2 1 0.000000 0.000000 0.000000
12028 nad2 1 0.000000 0.000000 0.000000
12029 nad2 1 0.000000 0.000000 0.000000
12030 nad2 1 0.000000 0.000000 0.000000
12031 nad2 1 0.000000 0.000000 0.000000
12032 nad2 1 0.000000 0.000000 0.000000
12033 nad2 1 0.000000 0.000000 0.000000
12034 nad2 1 0.000000 0.000000 0.000000
12035 nad2 1 0.000000 0.000000 0.000000
12036 nad2 1 0.000000 0.000000 0.000000
12037 nad2 1 0.000000 0.000000 0.000000
12038 nad2 1 0.000000 0.000000 0.000000
12039 nad2 1 0.000000 0.000000 0.000000
12040 nad2 1 0.000000 0.000000 0.000000
12041 nad2 1 0.000000 0.000000 0.000000
12042 nad2 1 0.000000 0.000000 0.000000
12043 nad2 1 0.000000 0.000000 0.000000
12044 nad2 1 0.000000 0.000000 0.000000
12045 nad2 1 0.000000 0.000000 0.000000
12046 nad2 1 0.000000 0.000000 0.000000
12047 nad2 1 0.000000 0.000000 0.000000
12048 nad2 1 0.000000 0.000000 0.000000
12049 nad2 1 0.000000 0.000000 0.000000
12050 nad2 1 0.000000 0.000000 0.000000
12051 nad2 1 0.000000 0.000000 0.000000
12052 nad2 1 0.000000 0.000000 0.000000
12053 nad2 1 0.000000 0.000000 0.000000
12054 nad2 1 0.000000 0.000000 0.000000
12055 nad2 1 0.000000 0.000000 0.000000
12056 nad2 1 0.000000 0.000000 0.000000
12057 nad2 1 0.000000 0.000000 0.000000
12058 nad2 1 0.000000 0.000000 0.000000
12059 nad2 1 0.000000 0.000000 0.000000
12060 nad2 1 0.000000 0.000000 0.000000
12061 nad2 1 0.000000 0.000000 0.000000
12062 nad2 1 0.000000 0.000000 0.000000
12063 nad2 1 0.000000 0.000000 0.000000
12064 nad2 1 0.000000 0.000000 0.000000
12065 nad2 1 0.000000 0.000000 0.000000
12066 nad2 1 0.000000 0.000000 0.000000
12067 nad2 1 0.000000 0.000000 0.000000
12068 nad2 1 0.000000 0.000000 0.000000
12069 nad2 1 0.000000 0.000000 0.000000
12070 nad2 1 0.000000 0.000000 0.000000
12071 nad2 1 0.000000 0.000000 0.000000
12072 nad2 1 0.000000 0.000000 0.000000
12073 nad2 1 0.000000 0.000000 0.000000
12074 nad2 1 0.000000 0.000000 0.000000
12075 nad2 1 0.000000 0.000000 0.000000
12076 nad2 1 0.000000 0.000000 0.000000
12077 nad2 1 0.000000 0.000000 0.000000
12078 nad2 1 0.000000 0.000000 0.000000
12079 nad2 1 0.000000 0.000000 0.000000
12080 nad2 1 0.000000 0.000000 0.000000
12081 nad2 1 0.000000 0.000000 0.000000
12082 nad2 1 0.000000 0.000000 0.000000
12083 nad2 1 0.000000 0.000000 0.000000
12084 nad2 1 0.000000 0.000000 0.000000
12085 nad2 1 0.000000 0.000000 0.000000
12086 nad2 1 0.000000 0.000000 0.000000
12087 nad2 1 0.000000 0.000000 0.000000
12088 nad2 1 0.000000 0.000000 0.000000
12089 nad2 1 0.000000 0.000000 0.000000
12090 nad2 1 0.000000 0.000000 0.000000
12091 nad2 1 0.000000 0.955185 0.044815
12092 nad2 1 2.397940 0.160356 0.839644
12093 nad2 1 2.397940 0.161080 0.838920
12094 nad2 1 2.397940 0.161803 0.838197
12095 nad2 1 30.376389 0.028077 0.971923
12096 nad2 1 30.376389 0.028943 0.971057
12097 nad2 1 30.376389 0.029808 0.970192
12098 nad2 1 36.116317 0.027140 0.972860
12099 nad2 1 36.116317 0.028008 0.971992
12100 nad2 1 36.116317 0.028876 0.971124
12101 nad2 1 60.806212 0.020068 0.979932
12102 nad2 1 60.806212 0.020947 0.979053
12103 nad2 1 60.806212 0.021825 0.978175
12104 nad2 1 403.843512 0.003132 0.996868
12105 nad2 1 403.843512 0.004026 0.995974
12106 nad2 1 403.843512 0.004920 0.995080
12107 nad2 1 407.319765 0.005981 0.994019
12108 nad2 1 407.319765 0.006875 0.993125
12109 nad2 1 407.319765 0.007769 0.992231
12110 nad2 1 407.319765 0.008664 0.991336
12111 nad2 1 407.319765 0.009558 0.990442
12112 nad2 1 407.319765 0.010453 0.989547
12113 nad2 1 419.402234 0.011267 0.988733
12114 nad2 1 419.402234 0.012161 0.987839
12115 nad2 1 419.402234 0.013056 0.986944
12116 nad2 1 501.644048 0.013348 0.986652
12117 nad2 1 501.644048 0.014243 0.985757
12118 nad2 1 501.644048 0.015138 0.984862
12119 nad2 1 770.392271 0.016220 0.983780
12120 nad2 1 770.392271 0.017114 0.982886
12121 nad2 1 770.392271 0.018009 0.981991
12122 nad2 1 798.297442 0.018421 0.981579
12123 nad2 1 798.297442 0.019316 0.980684
12124 nad2 1 798.297442 0.020211 0.979789
12125 nad2 1 829.657892 0.020803 0.979197
12126 nad2 1 829.657892 0.021698 0.978302
12127 nad2 1 829.657892 0.022593 0.977407
12128 nad2 1 843.984650 0.023393 0.976607
12129 nad2 1 843.984650 0.024288 0.975712
12130 nad2 1 843.984650 0.025183 0.974817
12131 nad2 1 1024.987995 0.026006 0.973994
12132 nad2 1 1024.987995 0.026902 0.973098
12133 nad2 1 1024.987995 0.027797 0.972203
12134 nad2 1 1109.854659 0.027896 0.972104
12135 nad2 1 1109.854659 0.028793 0.971207
12136 nad2 1 1109.854659 0.029690 0.970310
12137 nad2 1 1165.872759 0.029881 0.970119
12138 nad2 1 1165.872759 0.030779 0.969221
12139 nad2 1 1165.872759 0.031677 0.968323
12140 nad2 1 1377.767133 0.031567 0.968433
12141 nad2 1 1377.767133 0.032466 0.967534
12142 nad2 1 1377.767133 0.033364 0.966636
12143 nad2 1 1419.127487 0.034029 0.965971
12144 nad2 1 1419.127487 0.034927 0.965073
12145 nad2 1 1419.127487 0.035825 0.964175
12146 nad2 1 1494.824998 0.035942 0.964058
12147 nad2 1 1494.824998 0.036841 0.963159
12148 nad2 1 1494.824998 0.037740 0.962260
12149 nad2 1 1610.642250 0.038178 0.961822
12150 nad2 1 1610.642250 0.039077 0.960923
12151 nad2 1 1610.642250 0.039976 0.960024
12152 nad2 1 1613.341220 0.040876 0.959124
12153 nad2 1 1613.341220 0.041774 0.958226
12154 nad2 1 1613.341220 0.042673 0.957327
12155 nad2 1 1655.777303 0.044003 0.955997
12156 nad2 1 1655.777303 0.044902 0.955098
12157 nad2 1 1655.777303 0.045801 0.954199
12158 nad2 1 1655.777303 0.046699 0.953301
12159 nad2 1 1655.777303 0.047598 0.952402
12160 nad2 1 1655.777303 0.048496 0.951504
12161 nad2 1 1741.683654 0.049196 0.950804
12162 nad2 1 1741.683654 0.050094 0.949906
12163 nad2 1 1741.683654 0.050993 0.949007
12164 nad2 1 1759.835726 0.051871 0.948129
12165 nad2 1 1759.835726 0.052769 0.947231
12166 nad2 1 1759.835726 0.053667 0.946333
12167 nad2 1 1958.661910 0.054847 0.945153
12168 nad2 1 1958.661910 0.055744 0.944256
12169 nad2 1 1958.661910 0.056642 0.943358
12170 nad2 1 2213.157790 0.057410 0.942590
12171 nad2 1 2213.157790 0.058307 0.941693
12172 nad2 1 2213.157790 0.059204 0.940796
12173 nad2 1 2217.270735 0.060074 0.939926
12174 nad2 1 2217.270735 0.060972 0.939028
12175 nad2 1 2217.270735 0.061869 0.938131
12176 nad2 1 2247.274033 0.062781 0.937219
12177 nad2 1 2247.274033 0.063678 0.936322
12178 nad2 1 2247.274033 0.064575 0.935425
12179 nad2 1 2254.334513 0.066023 0.933977
12180 nad2 1 2254.334513 0.066920 0.933080
12181 nad2 1 2254.334513 0.067816 0.932184
12182 nad2 1 2256.857392 0.068704 0.931296
12183 nad2 1 2256.857392 0.069600 0.930400
12184 nad2 1 2256.857392 0.070497 0.929503
12185 nad2 1 2276.172671 0.072462 0.927538
12186 nad2 1 2276.172671 0.073358 0.926642
12187 nad2 1 2276.172671 0.074253 0.925747
12188 nad2 1 2276.172671 0.075149 0.924851
12189 nad2 1 2276.172671 0.076044 0.923956
12190 nad2 1 2276.172671 0.076940 0.923060
12191 nad2 1 2287.626128 0.077534 0.922466
12192 nad2 1 2287.626128 0.078430 0.921570
12193 nad2 1 2287.626128 0.079326 0.920674
12194 nad2 1 2287.626128 0.080222 0.919778
12195 nad2 1 2287.626128 0.081117 0.918883
12196 nad2 1 2287.626128 0.082013 0.917987
12197 nad2 1 2301.671021 0.082808 0.917192
12198 nad2 1 2301.671021 0.083703 0.916297
12199 nad2 1 2301.671021 0.084599 0.915401
12200 nad2 1 2301.671021 0.085495 0.914505
12201 nad2 1 2301.671021 0.086391 0.913609
12202 nad2 1 2301.671021 0.087287 0.912713
12203 nad2 1 2498.018974 0.087336 0.912664
12204 nad2 1 2498.018974 0.088232 0.911768
12205 nad2 1 2498.018974 0.089128 0.910872
12206 nad2 1 2554.829136 0.089855 0.910145
12207 nad2 1 2554.829136 0.090751 0.909249
12208 nad2 1 2554.829136 0.091648 0.908352
12209 nad2 1 2554.829136 0.092544 0.907456
12210 nad2 1 2554.829136 0.093441 0.906559
12211 nad2 1 2554.829136 0.094337 0.905663
12212 nad2 1 2574.679141 0.095136 0.904864
12213 nad2 1 2574.679141 0.096032 0.903968
12214 nad2 1 2574.679141 0.096929 0.903071
12215 nad2 1 2574.679141 0.097825 0.902175
12216 nad2 1 2574.679141 0.098722 0.901278
12217 nad2 1 2574.679141 0.099618 0.900382
12218 nad2 1 2580.679141 0.100295 0.899705
12219 nad2 1 2580.679141 0.101191 0.898809
12220 nad2 1 2580.679141 0.102088 0.897912
12221 nad2 1 2594.366227 0.102720 0.897280
12222 nad2 1 2594.366227 0.103617 0.896383
12223 nad2 1 2594.366227 0.104514 0.895486
12224 nad2 1 2594.366227 0.105411 0.894589
12225 nad2 1 2594.366227 0.106308 0.893692
12226 nad2 1 2594.366227 0.107205 0.892795
12227 nad2 1 2594.366227 0.108102 0.891898
12228 nad2 1 2594.366227 0.108999 0.891001
12229 nad2 1 2594.366227 0.109896 0.890104
12230 nad2 1 2594.366227 0.110793 0.889207
12231 nad2 1 2594.366227 0.111690 0.888310
12232 nad2 1 2594.366227 0.112587 0.887413
12233 nad2 1 2594.366227 0.113484 0.886516
12234 nad2 1 2594.366227 0.114381 0.885619
12235 nad2 1 2594.366227 0.115278 0.884722
12236 nad2 1 2594.366227 0.116175 0.883825
12237 nad2 1 2594.366227 0.117073 0.882927
12238 nad2 1 2594.366227 0.117970 0.882030
12239 nad2 1 2594.366227 0.118867 0.881133
12240 nad2 1 2594.366227 0.119764 0.880236
12241 nad2 1 2594.366227 0.120661 0.879339
12242 nad2 1 2594.366227 0.121558 0.878442
12243 nad2 1 2594.366227 0.122455 0.877545
12244 nad2 1 2594.366227 0.123352 0.876648
12245 nad2 1 2597.806321 0.124188 0.875812
12246 nad2 1 2597.806321 0.125085 0.874915
12247 nad2 1 2597.806321 0.125982 0.874018
12248 nad2 1 2597.806321 0.126879 0.873121
12249 nad2 1 2597.806321 0.127776 0.872224
12250 nad2 1 2597.806321 0.128673 0.871327
12251 nad2 1 2597.806321 0.129571 0.870429
12252 nad2 1 2597.806321 0.130468 0.869532
12253 nad2 1 2597.806321 0.131365 0.868635
12254 nad2 1 2600.806321 0.132177 0.867823
12255 nad2 1 2600.806321 0.133075 0.866925
12256 nad2 1 2600.806321 0.133972 0.866028
12257 nad2 1 2636.052154 0.135144 0.864856
12258 nad2 1 2636.052154 0.136041 0.863959
12259 nad2 1 2636.052154 0.136938 0.863062
12260 nad2 1 2653.875659 0.137818 0.862182
12261 nad2 1 2653.875659 0.138715 0.861285
12262 nad2 1 2653.875659 0.139611 0.860389
12263 nad2 1 2659.199881 0.140513 0.859487
12264 nad2 1 2659.199881 0.141409 0.858591
12265 nad2 1 2659.199881 0.142306 0.857694
12266 nad2 1 2659.199881 0.143202 0.856798
12267 nad2 1 2659.199881 0.144099 0.855901
12268 nad2 1 2659.199881 0.144996 0.855004
12269 nad2 1 2728.186425 0.145861 0.854139
12270 nad2 1 2728.186425 0.146758 0.853242
12271 nad2 1 2728.186425 0.147654 0.852346
12272 nad2 1 2743.481931 0.148652 0.851348
12273 nad2 1 2743.481931 0.149548 0.850452
12274 nad2 1 2743.481931 0.150445 0.849555
12275 nad2 1 2751.101720 0.151407 0.848593
12276 nad2 1 2751.101720 0.152303 0.847697
12277 nad2 1 2751.101720 0.153199 0.846801
12278 nad2 1 2759.022538 0.154146 0.845854
12279 nad2 1 2759.022538 0.155042 0.844958
12280 nad2 1 2759.022538 0.155938 0.844062
12281 nad2 1 2784.702685 0.157012 0.842988
12282 nad2 1 2784.702685 0.157908 0.842092
12283 nad2 1 2784.702685 0.158803 0.841197
12284 nad2 1 2784.702685 0.159699 0.840301
12285 nad2 1 2784.702685 0.160595 0.839405
12286 nad2 1 2784.702685 0.161491 0.838509
12287 nad2 1 2784.702685 0.162387 0.837613
12288 nad2 1 2784.702685 0.163283 0.836717
12289 nad2 1 2784.702685 0.164179 0.835821
12290 nad2 1 2784.702685 0.165075 0.834925
12291 nad2 1 2784.702685 0.165971 0.834029
12292 nad2 1 2784.702685 0.166867 0.833133
12293 nad2 1 2784.702685 0.167763 0.832237
12294 nad2 1 2784.702685 0.168659 0.831341
12295 nad2 1 2784.702685 0.169555 0.830445
12296 nad2 1 2784.702685 0.170450 0.829550
12297 nad2 1 2784.702685 0.171346 0.828654
12298 nad2 1 2784.702685 0.172242 0.827758
12299 nad2 1 2784.702685 0.173138 0.826862
12300 nad2 1 2784.702685 0.174034 0.825966
12301 nad2 1 2784.702685 0.174930 0.825070
12302 nad2 1 2784.702685 0.175826 0.824174
12303 nad2 1 2784.702685 0.176722 0.823278
12304 nad2 1 2784.702685 0.177618 0.822382
12305 nad2 1 2789.276173 0.178465 0.821535
12306 nad2 1 2789.276173 0.179361 0.820639
12307 nad2 1 2789.276173 0.180257 0.819743
12308 nad2 1 2789.276173 0.181153 0.818847
12309 nad2 1 2789.276173 0.182049 0.817951
12310 nad2 1 2789.276173 0.182945 0.817055
12311 nad2 1 2789.276173 0.183841 0.816159
12312 nad2 1 2789.276173 0.184737 0.815263
12313 nad2 1 2789.276173 0.185633 0.814367
12314 nad2 1 2789.276173 0.186529 0.813471
12315 nad2 1 2789.276173 0.187425 0.812575
12316 nad2 1 2789.276173 0.188321 0.811679
12317 nad2 1 2789.276173 0.189217 0.810783
12318 nad2 1 2789.276173 0.190113 0.809887
12319 nad2 1 2789.276173 0.191009 0.808991
12320 nad2 1 2789.276173 0.191905 0.808095
12321 nad2 1 2789.276173 0.192801 0.807199
12322 nad2 1 2789.276173 0.193697 0.806303
12323 nad2 1 2789.276173 0.194593 0.805407
12324 nad2 1 2789.276173 0.195489 0.804511
12325 nad2 1 2789.276173 0.196385 0.803615
12326 nad2 1 2789.276173 0.197281 0.802719
12327 nad2 1 2789.276173 0.198177 0.801823
12328 nad2 1 2789.276173 0.199073 0.800927
12329 nad2 1 2824.543731 0.199955 0.800045
12330 nad2 1 2824.543731 0.200851 0.799149
12331 nad2 1 2824.543731 0.201747 0.798253
12332 nad2 1 4231.362138 0.205711 0.794289
12333 nad2 1 4231.362138 0.206597 0.793403
12334 nad2 1 4231.362138 0.207483 0.792517
12335 nad2 1 7613.796301 0.210620 0.789380
12336 nad2 1 7613.796301 0.211495 0.788505
12337 nad2 1 7613.796301 0.212370 0.787630
12338 nad2 1 7630.356029 0.213202 0.786798
12339 nad2 1 7630.356029 0.214077 0.785923
12340 nad2 1 7630.356029 0.214953 0.785047
12341 nad2 1 8231.686917 0.216187 0.783813
12342 nad2 1 8231.686917 0.217062 0.782938
12343 nad2 1 8231.686917 0.217937 0.782063
12344 nad2 1 8231.686917 0.218812 0.781188
12345 nad2 1 8231.686917 0.219686 0.780314
12346 nad2 1 8231.686917 0.220561 0.779439
12347 nad2 1 10920.718088 0.217556 0.782444
12348 nad2 1 10920.718088 0.218437 0.781563
12349 nad2 1 10920.718088 0.219319 0.780681
12350 nad2 1 11165.053749 0.220259 0.779741
12351 nad2 1 11165.053749 0.221141 0.778859
12352 nad2 1 11165.053749 0.222022 0.777978
12353 nad2 1 11206.644822 0.222857 0.777143
12354 nad2 1 11206.644822 0.223738 0.776262
12355 nad2 1 11206.644822 0.224620 0.775380
12356 nad2 1 11291.658499 0.225517 0.774483
12357 nad2 1 11291.658499 0.226399 0.773601
12358 nad2 1 11291.658499 0.227280 0.772720
12359 nad2 1 12193.639103 0.228097 0.771903
12360 nad2 1 12193.639103 0.228979 0.771021
12361 nad2 1 12193.639103 0.229860 0.770140
12362 nad2 1 13153.534713 0.230013 0.769987
12363 nad2 1 13153.534713 0.230896 0.769104
12364 nad2 1 13153.534713 0.231779 0.768221
12365 nad2 1 13159.855665 0.232659 0.767341
12366 nad2 1 13159.855665 0.233543 0.766457
12367 nad2 1 13159.855665 0.234426 0.765574
12368 nad2 1 13174.807958 0.235314 0.764686
12369 nad2 1 13174.807958 0.236197 0.763803
12370 nad2 1 13174.807958 0.237080 0.762920
12371 nad2 1 13198.271886 0.237970 0.762030
12372 nad2 1 13198.271886 0.238854 0.761146
12373 nad2 1 13198.271886 0.239737 0.760263
12374 nad2 1 13283.300790 0.240565 0.759435
12375 nad2 1 13283.300790 0.241448 0.758552
12376 nad2 1 13283.300790 0.242332 0.757668
12377 nad2 1 13293.855817 0.243210 0.756790
12378 nad2 1 13293.855817 0.244093 0.755907
12379 nad2 1 13293.855817 0.244977 0.755023
12380 nad2 1 13310.146244 0.245813 0.754187
12381 nad2 1 13310.146244 0.246697 0.753303
12382 nad2 1 13310.146244 0.247580 0.752420
12383 nad2 1 13316.116860 0.248457 0.751543
12384 nad2 1 13316.116860 0.249341 0.750659
12385 nad2 1 13316.116860 0.250224 0.749776
12386 nad2 1 13340.650336 0.251072 0.748928
12387 nad2 1 13340.650336 0.251956 0.748044
12388 nad2 1 13340.650336 0.252839 0.747161
12389 nad2 1 13345.908712 0.253718 0.746282
12390 nad2 1 13345.908712 0.254602 0.745398
12391 nad2 1 13345.908712 0.255485 0.744515
12392 nad2 1 13457.808258 0.256250 0.743750
12393 nad2 1 13457.808258 0.257134 0.742866
12394 nad2 1 13457.808258 0.258017 0.741983
12395 nad2 1 13504.773139 0.258835 0.741165
12396 nad2 1 13504.773139 0.259719 0.740281
12397 nad2 1 13504.773139 0.260603 0.739397
12398 nad2 1 13636.647714 0.261348 0.738652
12399 nad2 1 13636.647714 0.262232 0.737768
12400 nad2 1 13636.647714 0.263116 0.736884
12401 nad2 1 13687.793139 0.263939 0.736061
12402 nad2 1 13687.793139 0.264824 0.735176
12403 nad2 1 13687.793139 0.265708 0.734292
12404 nad2 1 13738.683551 0.266531 0.733469
12405 nad2 1 13738.683551 0.267415 0.732585
12406 nad2 1 13738.683551 0.268300 0.731700
12407 nad2 1 13789.046238 0.269132 0.730868
12408 nad2 1 13789.046238 0.270016 0.729984
12409 nad2 1 13789.046238 0.270901 0.729099
12410 nad2 1 13789.046238 0.271786 0.728214
12411 nad2 1 13789.046238 0.272670 0.727330
12412 nad2 1 13789.046238 0.273555 0.726445
12413 nad2 1 13826.332489 0.274410 0.725590
12414 nad2 1 13826.332489 0.275295 0.724705
12415 nad2 1 13826.332489 0.276179 0.723821
12416 nad2 1 13855.626096 0.277030 0.722970
12417 nad2 1 13855.626096 0.277914 0.722086
12418 nad2 1 13855.626096 0.278799 0.721201
12419 nad2 1 13888.785439 0.279617 0.720383
12420 nad2 1 13888.785439 0.280501 0.719499
12421 nad2 1 13888.785439 0.281386 0.718614
12422 nad2 1 13926.516160 0.282239 0.717761
12423 nad2 1 13926.516160 0.283124 0.716876
12424 nad2 1 13926.516160 0.284009 0.715991
12425 nad2 1 13941.917589 0.284880 0.715120
12426 nad2 1 13941.917589 0.285765 0.714235
12427 nad2 1 13941.917589 0.286650 0.713350
12428 nad2 1 14176.290654 0.287363 0.712637
12429 nad2 1 14176.290654 0.288248 0.711752
12430 nad2 1 14176.290654 0.289134 0.710866
12431 nad2 1 14289.618523 0.289872 0.710128
12432 nad2 1 14289.618523 0.290758 0.709242
12433 nad2 1 14289.618523 0.291643 0.708357
12434 nad2 1 14526.012216 0.292363 0.707637
12435 nad2 1 14526.012216 0.293250 0.706750
12436 nad2 1 14526.012216 0.294136 0.705864
12437 nad2 1 14550.853000 0.295012 0.704988
12438 nad2 1 14550.853000 0.295898 0.704102
12439 nad2 1 14550.853000 0.296785 0.703215
12440 nad2 1 14550.853000 0.297671 0.702329
12441 nad2 1 14550.853000 0.298557 0.701443
12442 nad2 1 14550.853000 0.299443 0.700557
12443 nad2 1 14647.014907 0.300214 0.699786
12444 nad2 1 14647.014907 0.301101 0.698899
12445 nad2 1 14647.014907 0.301987 0.698013
12446 nad2 1 14654.029032 0.302860 0.697140
12447 nad2 1 14654.029032 0.303746 0.696254
12448 nad2 1 14654.029032 0.304633 0.695367
12449 nad2 1 15442.277465 0.305287 0.694713
12450 nad2 1 15442.277465 0.306174 0.693826
12451 nad2 1 15442.277465 0.307062 0.692938
12452 nad2 1 15537.729400 0.307868 0.692132
12453 nad2 1 15537.729400 0.308756 0.691244
12454 nad2 1 15537.729400 0.309644 0.690356
12455 nad2 1 15537.729400 0.310531 0.689469
12456 nad2 1 15537.729400 0.311419 0.688581
12457 nad2 1 15537.729400 0.312307 0.687693
12458 nad2 1 15786.013763 0.312896 0.687104
12459 nad2 1 15786.013763 0.313784 0.686216
12460 nad2 1 15786.013763 0.314673 0.685327
12461 nad2 1 15786.013763 0.315561 0.684439
12462 nad2 1 15786.013763 0.316449 0.683551
12463 nad2 1 15786.013763 0.317337 0.682663
12464 nad2 1 15786.013763 0.318225 0.681775
12465 nad2 1 15786.013763 0.319114 0.680886
12466 nad2 1 15786.013763 0.320002 0.679998
12467 nad2 1 16101.652947 0.320781 0.679219
12468 nad2 1 16101.652947 0.321670 0.678330
12469 nad2 1 16101.652947 0.322559 0.677441
12470 nad2 1 16959.575732 0.324887 0.675113
12471 nad2 1 16959.575732 0.325774 0.674226
12472 nad2 1 16959.575732 0.326661 0.673339
12473 nad2 1 16959.575732 0.327548 0.672452
12474 nad2 1 16959.575732 0.328435 0.671565
12475 nad2 1 16959.575732 0.329322 0.670678
12476 nad2 1 16976.857323 0.330208 0.669792
12477 nad2 1 16976.857323 0.331095 0.668905
12478 nad2 1 16976.857323 0.331982 0.668018
12479 nad2 1 16976.857323 0.332869 0.667131
12480 nad2 1 16976.857323 0.333756 0.666244
12481 nad2 1 16976.857323 0.334643 0.665357
12482 nad2 1 16976.857323 0.335530 0.664470
12483 nad2 1 16976.857323 0.336417 0.663583
12484 nad2 1 16976.857323 0.337304 0.662696
12485 nad2 1 16976.857323 0.338191 0.661809
12486 nad2 1 16976.857323 0.339078 0.660922
12487 nad2 1 16976.857323 0.339965 0.660035
12488 nad2 1 16976.857323 0.340852 0.659148
12489 nad2 1 16976.857323 0.341739 0.658261
12490 nad2 1 16976.857323 0.342626 0.657374
12491 nad2 1 16976.857323 0.343513 0.656487
12492 nad2 1 16976.857323 0.344400 0.655600
12493 nad2 1 16976.857323 0.345287 0.654713
12494 nad2 1 16976.857323 0.346174 0.653826
12495 nad2 1 16976.857323 0.347061 0.652939
12496 nad2 1 16976.857323 0.347948 0.652052
12497 nad2 1 16976.857323 0.348835 0.651165
12498 nad2 1 16976.857323 0.349722 0.650278
12499 nad2 1 16976.857323 0.350609 0.649391
12500 nad2 1 16976.857323 0.351496 0.648504
12501 nad2 1 16976.857323 0.352383 0.647617
12502 nad2 1 16976.857323 0.353270 0.646730
12503 nad2 1 16976.857323 0.354157 0.645843
12504 nad2 1 16976.857323 0.355043 0.644957
12505 nad2 1 16976.857323 0.355930 0.644070
12506 nad2 1 16976.857323 0.356817 0.643183
12507 nad2 1 16976.857323 0.357704 0.642296
12508 nad2 1 16976.857323 0.358591 0.641409
12509 nad2 1 16976.857323 0.359478 0.640522
12510 nad2 1 16976.857323 0.360365 0.639635
12511 nad2 1 16976.857323 0.361252 0.638748
12512 nad2 1 16976.857323 0.362139 0.637861
12513 nad2 1 16976.857323 0.363026 0.636974
12514 nad2 1 16976.857323 0.363913 0.636087
12515 nad2 1 16976.857323 0.364800 0.635200
12516 nad2 1 16976.857323 0.365687 0.634313
12517 nad2 1 16976.857323 0.366574 0.633426
12518 nad2 1 16976.857323 0.367461 0.632539
12519 nad2 1 16976.857323 0.368348 0.631652
12520 nad2 1 16976.857323 0.369235 0.630765
12521 nad2 1 16976.857323 0.370122 0.629878
12522 nad2 1 16976.857323 0.371009 0.628991
12523 nad2 1 16976.857323 0.371896 0.628104
12524 nad2 1 16976.857323 0.372783 0.627217
12525 nad2 1 16976.857323 0.373670 0.626330
12526 nad2 1 16976.857323 0.374557 0.625443
12527 nad2 1 16976.857323 0.375444 0.624556
12528 nad2 1 16976.857323 0.376331 0.623669
12529 nad2 1 16976.857323 0.377218 0.622782
12530 nad2 1 16976.857323 0.378105 0.621895
12531 nad2 1 16976.857323 0.378992 0.621008
12532 nad2 1 16976.857323 0.379879 0.620121
12533 nad2 1 16976.857323 0.380766 0.619234
12534 nad2 1 16976.857323 0.381653 0.618347
12535 nad2 1 16976.857323 0.382540 0.617460
12536 nad2 1 16976.857323 0.383427 0.616573
12537 nad2 1 16976.857323 0.384314 0.615686
12538 nad2 1 16976.857323 0.385201 0.614799
12539 nad2 1 16976.857323 0.386088 0.613912
12540 nad2 1 16976.857323 0.386975 0.613025
12541 nad2 1 16976.857323 0.387862 0.612138
12542 nad2 1 16976.857323 0.388749 0.611251
12543 nad2 1 16976.857323 0.389636 0.610364
12544 nad2 1 16976.857323 0.390523 0.609477
12545 nad2 1 16976.857323 0.391410 0.608590
12546 nad2 1 16976.857323 0.392297 0.607703
12547 nad2 1 16976.857323 0.393184 0.606816
12548 nad2 1 16976.857323 0.394071 0.605929
12549 nad2 1 16976.857323 0.394958 0.605042
12550 nad2 1 16976.857323 0.395845 0.604155
12551 nad2 1 16976.857323 0.396732 0.603268
12552 nad2 1 16976.857323 0.397619 0.602381
12553 nad2 1 16976.857323 0.398506 0.601494
12554 nad2 1 16976.857323 0.399393 0.600607
12555 nad2 1 16976.857323 0.400280 0.599720
12556 nad2 1 16976.857323 0.401167 0.598833
12557 nad2 1 16976.857323 0.402054 0.597946
12558 nad2 1 16976.857323 0.402941 0.597059
12559 nad2 1 16976.857323 0.403827 0.596173
12560 nad2 1 16976.857323 0.404714 0.595286
12561 nad2 1 16976.857323 0.405601 0.594399
12562 nad2 1 16976.857323 0.406488 0.593512
12563 nad2 1 16976.857323 0.407375 0.592625
12564 nad2 1 16976.857323 0.408262 0.591738
12565 nad2 1 16976.857323 0.409149 0.590851
12566 nad2 1 16976.857323 0.410036 0.589964
12567 nad2 1 16976.857323 0.410923 0.589077
12568 nad2 1 16976.857323 0.411810 0.588190
12569 nad2 1 16976.857323 0.412697 0.587303
12570 nad2 1 16976.857323 0.413584 0.586416
12571 nad2 1 16976.857323 0.414471 0.585529
12572 nad2 1 16976.857323 0.415358 0.584642
12573 nad2 1 16976.857323 0.416245 0.583755
12574 nad2 1 16976.857323 0.417132 0.582868
12575 nad2 1 16976.857323 0.418019 0.581981
12576 nad2 1 16976.857323 0.418906 0.581094
12577 nad2 1 16976.857323 0.419793 0.580207
12578 nad2 1 16980.454203 0.420678 0.579322
12579 nad2 1 16980.454203 0.421565 0.578435
12580 nad2 1 16980.454203 0.422452 0.577548
12581 nad2 1 16980.454203 0.423339 0.576661
12582 nad2 1 16980.454203 0.424226 0.575774
12583 nad2 1 16980.454203 0.425113 0.574887
12584 nad2 1 16980.454203 0.426000 0.574000
12585 nad2 1 16980.454203 0.426887 0.573113
12586 nad2 1 16980.454203 0.427774 0.572226
12587 nad2 1 16980.454203 0.428661 0.571339
12588 nad2 1 16980.454203 0.429548 0.570452
12589 nad2 1 16980.454203 0.430435 0.569565
12590 nad2 1 16988.765988 0.431319 0.568681
12591 nad2 1 16988.765988 0.432206 0.567794
12592 nad2 1 16988.765988 0.433093 0.566907
12593 nad2 1 16988.765988 0.433980 0.566020
12594 nad2 1 16988.765988 0.434867 0.565133
12595 nad2 1 16988.765988 0.435754 0.564246
12596 nad2 1 16988.765988 0.436641 0.563359
12597 nad2 1 16988.765988 0.437528 0.562472
12598 nad2 1 16988.765988 0.438415 0.561585
12599 nad2 1 16988.765988 0.439302 0.560698
12600 nad2 1 16988.765988 0.440189 0.559811
12601 nad2 1 16988.765988 0.441076 0.558924
12602 nad2 1 16988.765988 0.441963 0.558037
12603 nad2 1 16988.765988 0.442850 0.557150
12604 nad2 1 16988.765988 0.443737 0.556263
12605 nad2 1 16988.765988 0.444624 0.555376
12606 nad2 1 16988.765988 0.445511 0.554489
12607 nad2 1 16988.765988 0.446398 0.553602
12608 nad2 1 16988.765988 0.447285 0.552715
12609 nad2 1 16988.765988 0.448172 0.551828
12610 nad2 1 16988.765988 0.449059 0.550941
12611 nad2 1 16988.765988 0.449946 0.550054
12612 nad2 1 16988.765988 0.450833 0.549167
12613 nad2 1 16988.765988 0.451720 0.548280
12614 nad2 1 16991.849534 0.452605 0.547395
12615 nad2 1 16991.849534 0.453492 0.546508
12616 nad2 1 16991.849534 0.454379 0.545621
12617 nad2 1 16991.849534 0.455266 0.544734
12618 nad2 1 16991.849534 0.456153 0.543847
12619 nad2 1 16991.849534 0.457040 0.542960
12620 nad2 1 16991.849534 0.457927 0.542073
12621 nad2 1 16991.849534 0.458814 0.541186
12622 nad2 1 16991.849534 0.459701 0.540299
12623 nad2 1 16991.849534 0.460588 0.539412
12624 nad2 1 16991.849534 0.461475 0.538525
12625 nad2 1 16991.849534 0.462362 0.537638
12626 nad2 1 16993.946444 0.463247 0.536753
12627 nad2 1 16993.946444 0.464134 0.535866
12628 nad2 1 16993.946444 0.465021 0.534979
12629 nad2 1 16993.946444 0.465908 0.534092
12630 nad2 1 16993.946444 0.466795 0.533205
12631 nad2 1 16993.946444 0.467682 0.532318
12632 nad2 1 16993.946444 0.468569 0.531431
12633 nad2 1 16993.946444 0.469456 0.530544
12634 nad2 1 16993.946444 0.470343 0.529657
12635 nad2 1 16993.946444 0.471230 0.528770
12636 nad2 1 16993.946444 0.472118 0.527882
12637 nad2 1 16993.946444 0.473005 0.526995
12638 nad2 1 16997.120369 0.473891 0.526109
12639 nad2 1 16997.120369 0.474778 0.525222
12640 nad2 1 16997.120369 0.475665 0.524335
12641 nad2 1 16997.120369 0.476552 0.523448
12642 nad2 1 16997.120369 0.477439 0.522561
12643 nad2 1 16997.120369 0.478326 0.521674
12644 nad2 1 16997.120369 0.479213 0.520787
12645 nad2 1 16997.120369 0.480100 0.519900
12646 nad2 1 16997.120369 0.480987 0.519013
12647 nad2 1 16999.643248 0.481874 0.518126
12648 nad2 1 16999.643248 0.482761 0.517239
12649 nad2 1 16999.643248 0.483648 0.516352
12650 nad2 1 16999.643248 0.484535 0.515465
12651 nad2 1 16999.643248 0.485422 0.514578
12652 nad2 1 16999.643248 0.486310 0.513690
12653 nad2 1 16999.643248 0.487197 0.512803
12654 nad2 1 16999.643248 0.488084 0.511916
12655 nad2 1 16999.643248 0.488971 0.511029
12656 nad2 1 17013.845712 0.489853 0.510147
12657 nad2 1 17013.845712 0.490740 0.509260
12658 nad2 1 17013.845712 0.491627 0.508373
12659 nad2 1 17013.845712 0.492514 0.507486
12660 nad2 1 17013.845712 0.493401 0.506599
12661 nad2 1 17013.845712 0.494288 0.505712
12662 nad2 1 17013.845712 0.495176 0.504824
12663 nad2 1 17013.845712 0.496063 0.503937
12664 nad2 1 17013.845712 0.496950 0.503050
12665 nad2 1 17013.845712 0.497837 0.502163
12666 nad2 1 17013.845712 0.498724 0.501276
12667 nad2 1 17013.845712 0.499611 0.500389
12668 nad2 1 17013.845712 0.500498 0.499502
12669 nad2 1 17013.845712 0.501385 0.498615
12670 nad2 1 17013.845712 0.502272 0.497728
12671 nad2 1 17013.845712 0.503159 0.496841
12672 nad2 1 17013.845712 0.504046 0.495954
12673 nad2 1 17013.845712 0.504933 0.495067
12674 nad2 1 17013.845712 0.505820 0.494180
12675 nad2 1 17013.845712 0.506707 0.493293
12676 nad2 1 17013.845712 0.507594 0.492406
12677 nad2 1 17013.845712 0.508482 0.491518
12678 nad2 1 17013.845712 0.509369 0.490631
12679 nad2 1 17013.845712 0.510256 0.489744
12680 nad2 1 17013.845712 0.511143 0.488857
12681 nad2 1 17013.845712 0.512030 0.487970
12682 nad2 1 17013.845712 0.512917 0.487083
12683 nad2 1 17013.845712 0.513804 0.486196
12684 nad2 1 17013.845712 0.514691 0.485309
12685 nad2 1 17013.845712 0.515578 0.484422
12686 nad2 1 17013.845712 0.516465 0.483535
12687 nad2 1 17013.845712 0.517352 0.482648
12688 nad2 1 17013.845712 0.518239 0.481761
12689 nad2 1 17013.845712 0.519126 0.480874
12690 nad2 1 17013.845712 0.520013 0.479987
12691 nad2 1 17013.845712 0.520900 0.479100
12692 nad2 1 17013.845712 0.521788 0.478212
12693 nad2 1 17013.845712 0.522675 0.477325
12694 nad2 1 17013.845712 0.523562 0.476438
12695 nad2 1 17013.845712 0.524449 0.475551
12696 nad2 1 17013.845712 0.525336 0.474664
12697 nad2 1 17013.845712 0.526223 0.473777
12698 nad2 1 17013.845712 0.527110 0.472890
12699 nad2 1 17013.845712 0.527997 0.472003
12700 nad2 1 17013.845712 0.528884 0.471116
12701 nad2 1 17013.845712 0.529771 0.470229
12702 nad2 1 17013.845712 0.530658 0.469342
12703 nad2 1 17013.845712 0.531545 0.468455
12704 nad2 1 17013.845712 0.532432 0.467568
12705 nad2 1 17013.845712 0.533319 0.466681
12706 nad2 1 17013.845712 0.534206 0.465794
12707 nad2 1 17013.845712 0.535094 0.464906
12708 nad2 1 17013.845712 0.535981 0.464019
12709 nad2 1 17013.845712 0.536868 0.463132
12710 nad2 1 17013.845712 0.537755 0.462245
12711 nad2 1 17013.845712 0.538642 0.461358
12712 nad2 1 17013.845712 0.539529 0.460471
12713 nad2 1 17013.845712 0.540416 0.459584
12714 nad2 1 17013.845712 0.541303 0.458697
12715 nad2 1 17013.845712 0.542190 0.457810
12716 nad2 1 17003.743339 0.543080 0.456920
12717 nad2 1 17003.743339 0.543967 0.456033
12718 nad2 1 17003.743339 0.544854 0.455146
12719 nad2 1 17003.743339 0.545741 0.454259
12720 nad2 1 17003.743339 0.546628 0.453372
12721 nad2 1 17003.743339 0.547515 0.452485
12722 nad2 1 16983.633290 0.548402 0.451598
12723 nad2 1 16983.633290 0.549289 0.450711
12724 nad2 1 16983.633290 0.550176 0.449824
12725 nad2 1 16898.120785 0.551074 0.448926
12726 nad2 1 16898.120785 0.551961 0.448039
12727 nad2 1 16898.120785 0.552848 0.447152
12728 nad2 1 16610.429351 0.553860 0.446140
12729 nad2 1 16610.429351 0.554747 0.445253
12730 nad2 1 16610.429351 0.555635 0.444365
12731 nad2 1 16610.429351 0.556522 0.443478
12732 nad2 1 16610.429351 0.557409 0.442591
12733 nad2 1 16610.429351 0.558297 0.441703
12734 nad2 1 16020.446190 0.559412 0.440588
12735 nad2 1 16020.446190 0.560300 0.439700
12736 nad2 1 16020.446190 0.561189 0.438811
12737 nad2 1 16020.446190 0.562077 0.437923
12738 nad2 1 16020.446190 0.562966 0.437034
12739 nad2 1 16020.446190 0.563854 0.436146
12740 nad2 1 16020.446190 0.564743 0.435257
12741 nad2 1 16020.446190 0.565631 0.434369
12742 nad2 1 16020.446190 0.566520 0.433480
12743 nad2 1 16002.345101 0.567412 0.432588
12744 nad2 1 16002.345101 0.568300 0.431700
12745 nad2 1 16002.345101 0.569189 0.430811
12746 nad2 1 15964.998418 0.570090 0.429910
12747 nad2 1 15964.998418 0.570979 0.429021
12748 nad2 1 15964.998418 0.571867 0.428133
12749 nad2 1 15928.587534 0.572779 0.427221
12750 nad2 1 15928.587534 0.573667 0.426333
12751 nad2 1 15928.587534 0.574556 0.425444
12752 nad2 1 15928.587534 0.575444 0.424556
12753 nad2 1 15928.587534 0.576333 0.423667
12754 nad2 1 15928.587534 0.577221 0.422779
12755 nad2 1 15926.064655 0.578121 0.421879
12756 nad2 1 15926.064655 0.579010 0.420990
12757 nad2 1 15926.064655 0.579898 0.420102
12758 nad2 1 15926.064655 0.580787 0.419213
12759 nad2 1 15926.064655 0.581676 0.418324
12760 nad2 1 15926.064655 0.582564 0.417436
12761 nad2 1 15920.145282 0.583444 0.416556
12762 nad2 1 15920.145282 0.584332 0.415668
12763 nad2 1 15920.145282 0.585221 0.414779
12764 nad2 1 15890.748881 0.586106 0.413894
12765 nad2 1 15890.748881 0.586995 0.413005
12766 nad2 1 15890.748881 0.587884 0.412116
12767 nad2 1 15890.748881 0.588772 0.411228
12768 nad2 1 15890.748881 0.589661 0.410339
12769 nad2 1 15890.748881 0.590549 0.409451
12770 nad2 1 15864.841135 0.591449 0.408551
12771 nad2 1 15864.841135 0.592337 0.407663
12772 nad2 1 15864.841135 0.593226 0.406774
12773 nad2 1 15859.085412 0.594117 0.405883
12774 nad2 1 15859.085412 0.595005 0.404995
12775 nad2 1 15859.085412 0.595894 0.404106
12776 nad2 1 15859.085412 0.596782 0.403218
12777 nad2 1 15859.085412 0.597671 0.402329
12778 nad2 1 15859.085412 0.598559 0.401441
12779 nad2 1 15709.586968 0.599500 0.400500
12780 nad2 1 15709.586968 0.600389 0.399611
12781 nad2 1 15709.586968 0.601278 0.398722
12782 nad2 1 15709.586968 0.602167 0.397833
12783 nad2 1 15709.586968 0.603055 0.396945
12784 nad2 1 15709.586968 0.603944 0.396056
12785 nad2 1 15709.586968 0.604833 0.395167
12786 nad2 1 15709.586968 0.605721 0.394279
12787 nad2 1 15709.586968 0.606610 0.393390
12788 nad2 1 15709.586968 0.607499 0.392501
12789 nad2 1 15709.586968 0.608388 0.391612
12790 nad2 1 15709.586968 0.609276 0.390724
12791 nad2 1 15709.586968 0.610165 0.389835
12792 nad2 1 15709.586968 0.611054 0.388946
12793 nad2 1 15709.586968 0.611942 0.388058
12794 nad2 1 15709.586968 0.612831 0.387169
12795 nad2 1 15709.586968 0.613720 0.386280
12796 nad2 1 15709.586968 0.614609 0.385391
12797 nad2 1 15709.586968 0.615497 0.384503
12798 nad2 1 15709.586968 0.616386 0.383614
12799 nad2 1 15709.586968 0.617275 0.382725
12800 nad2 1 15709.586968 0.618163 0.381837
12801 nad2 1 15709.586968 0.619052 0.380948
12802 nad2 1 15709.586968 0.619941 0.380059
12803 nad2 1 15677.341501 0.620826 0.379174
12804 nad2 1 15677.341501 0.621715 0.378285
12805 nad2 1 15677.341501 0.622604 0.377396
12806 nad2 1 15558.956226 0.623508 0.376492
12807 nad2 1 15558.956226 0.624397 0.375603
12808 nad2 1 15558.956226 0.625285 0.374715
12809 nad2 1 15415.705391 0.626189 0.373811
12810 nad2 1 15415.705391 0.627078 0.372922
12811 nad2 1 15415.705391 0.627966 0.372034
12812 nad2 1 15415.705391 0.628855 0.371145
12813 nad2 1 15415.705391 0.629743 0.370257
12814 nad2 1 15415.705391 0.630632 0.369368
12815 nad2 1 15415.705391 0.631521 0.368479
12816 nad2 1 15415.705391 0.632409 0.367591
12817 nad2 1 15415.705391 0.633298 0.366702
12818 nad2 1 15415.705391 0.634186 0.365814
12819 nad2 1 15415.705391 0.635075 0.364925
12820 nad2 1 15415.705391 0.635964 0.364036
12821 nad2 1 15376.945677 0.636849 0.363151
12822 nad2 1 15376.945677 0.637738 0.362262
12823 nad2 1 15376.945677 0.638626 0.361374
12824 nad2 1 15376.945677 0.639515 0.360485
12825 nad2 1 15376.945677 0.640403 0.359597
12826 nad2 1 15376.945677 0.641292 0.358708
12827 nad2 1 15376.945677 0.642181 0.357819
12828 nad2 1 15376.945677 0.643069 0.356931
12829 nad2 1 15376.945677 0.643958 0.356042
12830 nad2 1 15372.962710 0.644845 0.355155
12831 nad2 1 15372.962710 0.645733 0.354267
12832 nad2 1 15372.962710 0.646622 0.353378
12833 nad2 1 15370.661680 0.647507 0.352493
12834 nad2 1 15370.661680 0.648396 0.351604
12835 nad2 1 15370.661680 0.649285 0.350715
12836 nad2 1 15370.661680 0.650173 0.349827
12837 nad2 1 15370.661680 0.651062 0.348938
12838 nad2 1 15370.661680 0.651950 0.348050
12839 nad2 1 15364.775623 0.652839 0.347161
12840 nad2 1 15364.775623 0.653727 0.346273
12841 nad2 1 15364.775623 0.654616 0.345384
12842 nad2 1 15359.269778 0.655478 0.344522
12843 nad2 1 15359.269778 0.656366 0.343634
12844 nad2 1 15359.269778 0.657255 0.342745
12845 nad2 1 15355.618083 0.658147 0.341853
12846 nad2 1 15355.618083 0.659035 0.340965
12847 nad2 1 15355.618083 0.659924 0.340076
12848 nad2 1 15343.360667 0.660794 0.339206
12849 nad2 1 15343.360667 0.661682 0.338318
12850 nad2 1 15343.360667 0.662571 0.337429
12851 nad2 1 15343.360667 0.663459 0.336541
12852 nad2 1 15343.360667 0.664348 0.335652
12853 nad2 1 15343.360667 0.665236 0.334764
12854 nad2 1 15343.360667 0.666125 0.333875
12855 nad2 1 15343.360667 0.667013 0.332987
12856 nad2 1 15343.360667 0.667902 0.332098
12857 nad2 1 15343.360667 0.668790 0.331210
12858 nad2 1 15343.360667 0.669679 0.330321
12859 nad2 1 15343.360667 0.670567 0.329433
12860 nad2 1 15328.307904 0.671456 0.328544
12861 nad2 1 15328.307904 0.672344 0.327656
12862 nad2 1 15328.307904 0.673233 0.326767
12863 nad2 1 15290.383128 0.674155 0.325845
12864 nad2 1 15290.383128 0.675043 0.324957
12865 nad2 1 15290.383128 0.675932 0.324068
12866 nad2 1 15290.383128 0.676820 0.323180
12867 nad2 1 15290.383128 0.677709 0.322291
12868 nad2 1 15290.383128 0.678597 0.321403
12869 nad2 1 15290.383128 0.679486 0.320514
12870 nad2 1 15290.383128 0.680374 0.319626
12871 nad2 1 15290.383128 0.681263 0.318737
12872 nad2 1 15290.383128 0.682151 0.317849
12873 nad2 1 15290.383128 0.683040 0.316960
12874 nad2 1 15290.383128 0.683929 0.316071
12875 nad2 1 15290.383128 0.684817 0.315183
12876 nad2 1 15290.383128 0.685706 0.314294
12877 nad2 1 15290.383128 0.686594 0.313406
12878 nad2 1 15290.383128 0.687483 0.312517
12879 nad2 1 15290.383128 0.688371 0.311629
12880 nad2 1 15290.383128 0.689260 0.310740
12881 nad2 1 15290.383128 0.690148 0.309852
12882 nad2 1 15290.383128 0.691037 0.308963
12883 nad2 1 15290.383128 0.691925 0.308075
12884 nad2 1 15284.119524 0.692818 0.307182
12885 nad2 1 15284.119524 0.693706 0.306294
12886 nad2 1 15284.119524 0.694595 0.305405
12887 nad2 1 15284.119524 0.695484 0.304516
12888 nad2 1 15284.119524 0.696372 0.303628
12889 nad2 1 15284.119524 0.697261 0.302739
12890 nad2 1 15284.119524 0.698149 0.301851
12891 nad2 1 15284.119524 0.699038 0.300962
12892 nad2 1 15284.119524 0.699926 0.300074
12893 nad2 1 15284.119524 0.700815 0.299185
12894 nad2 1 15284.119524 0.701703 0.298297
12895 nad2 1 15284.119524 0.702592 0.297408
12896 nad2 1 15278.928410 0.703484 0.296516
12897 nad2 1 15278.928410 0.704373 0.295627
12898 nad2 1 15278.928410 0.705261 0.294739
12899 nad2 1 15278.928410 0.706150 0.293850
12900 nad2 1 15278.928410 0.707038 0.292962
12901 nad2 1 15278.928410 0.707927 0.292073
12902 nad2 1 15278.928410 0.708816 0.291184
12903 nad2 1 15278.928410 0.709704 0.290296
12904 nad2 1 15278.928410 0.710593 0.289407
12905 nad2 1 15278.928410 0.711481 0.288519
12906 nad2 1 15278.928410 0.712370 0.287630
12907 nad2 1 15278.928410 0.713258 0.286742
12908 nad2 1 15278.928410 0.714147 0.285853
12909 nad2 1 15278.928410 0.715035 0.284965
12910 nad2 1 15278.928410 0.715924 0.284076
12911 nad2 1 15278.928410 0.716813 0.283187
12912 nad2 1 15278.928410 0.717701 0.282299
12913 nad2 1 15278.928410 0.718590 0.281410
12914 nad2 1 15278.928410 0.719478 0.280522
12915 nad2 1 15278.928410 0.720367 0.279633
12916 nad2 1 15278.928410 0.721255 0.278745
12917 nad2 1 15278.928410 0.722144 0.277856
12918 nad2 1 15278.928410 0.723032 0.276968
12919 nad2 1 15278.928410 0.723921 0.276079
12920 nad2 1 15278.928410 0.724810 0.275190
12921 nad2 1 15278.928410 0.725698 0.274302
12922 nad2 1 15278.928410 0.726587 0.273413
12923 nad2 1 15278.928410 0.727475 0.272525
12924 nad2 1 15278.928410 0.728364 0.271636
12925 nad2 1 15278.928410 0.729252 0.270748
12926 nad2 1 15278.928410 0.730141 0.269859
12927 nad2 1 15278.928410 0.731029 0.268971
12928 nad2 1 15278.928410 0.731918 0.268082
12929 nad2 1 15278.928410 0.732806 0.267194
12930 nad2 1 15278.928410 0.733695 0.266305
12931 nad2 1 15278.928410 0.734584 0.265416
12932 nad2 1 15278.928410 0.735472 0.264528
12933 nad2 1 15278.928410 0.736361 0.263639
12934 nad2 1 15278.928410 0.737249 0.262751
12935 nad2 1 15274.556799 0.738138 0.261862
12936 nad2 1 15274.556799 0.739026 0.260974
12937 nad2 1 15274.556799 0.739915 0.260085
12938 nad2 1 15274.556799 0.740803 0.259197
12939 nad2 1 15274.556799 0.741692 0.258308
12940 nad2 1 15274.556799 0.742580 0.257420
12941 nad2 1 15271.286773 0.743454 0.256546
12942 nad2 1 15271.286773 0.744342 0.255658
12943 nad2 1 15271.286773 0.745231 0.254769
12944 nad2 1 15271.286773 0.746119 0.253881
12945 nad2 1 15271.286773 0.747008 0.252992
12946 nad2 1 15271.286773 0.747896 0.252104
12947 nad2 1 15271.286773 0.748785 0.251215
12948 nad2 1 15271.286773 0.749673 0.250327
12949 nad2 1 15271.286773 0.750562 0.249438
12950 nad2 1 15271.286773 0.751450 0.248550
12951 nad2 1 15271.286773 0.752339 0.247661
12952 nad2 1 15271.286773 0.753227 0.246773
12953 nad2 1 15271.286773 0.754116 0.245884
12954 nad2 1 15271.286773 0.755004 0.244996
12955 nad2 1 15271.286773 0.755893 0.244107
12956 nad2 1 15271.286773 0.756781 0.243219
12957 nad2 1 15271.286773 0.757670 0.242330
12958 nad2 1 15271.286773 0.758558 0.241442
12959 nad2 1 15050.046637 0.759456 0.240544
12960 nad2 1 15050.046637 0.760344 0.239656
12961 nad2 1 15050.046637 0.761233 0.238767
12962 nad2 1 15050.046637 0.762121 0.237879
12963 nad2 1 15050.046637 0.763009 0.236991
12964 nad2 1 15050.046637 0.763898 0.236102
12965 nad2 1 15050.046637 0.764786 0.235214
12966 nad2 1 15050.046637 0.765675 0.234325
12967 nad2 1 15050.046637 0.766563 0.233437
12968 nad2 1 14965.659251 0.767451 0.232549
12969 nad2 1 14965.659251 0.768339 0.231661
12970 nad2 1 14965.659251 0.769227 0.230773
12971 nad2 1 14507.225263 0.770070 0.229930
12972 nad2 1 14507.225263 0.770958 0.229042
12973 nad2 1 14507.225263 0.771846 0.228154
12974 nad2 1 5500.579547 0.776940 0.223060
12975 nad2 1 5500.579547 0.777833 0.222167
12976 nad2 1 5500.579547 0.778726 0.221274
12977 nad2 1 5031.126681 0.780275 0.219725
12978 nad2 1 5031.126681 0.781167 0.218833
12979 nad2 1 5031.126681 0.782060 0.217940
12980 nad2 1 5010.488076 0.782968 0.217032
12981 nad2 1 5010.488076 0.783861 0.216139
12982 nad2 1 5010.488076 0.784753 0.215247
12983 nad2 1 4979.008550 0.785689 0.214311
12984 nad2 1 4979.008550 0.786582 0.213418
12985 nad2 1 4979.008550 0.787475 0.212525
12986 nad2 1 4920.637179 0.788328 0.211672
12987 nad2 1 4920.637179 0.789220 0.210780
12988 nad2 1 4920.637179 0.790113 0.209887
12989 nad2 1 4772.352454 0.791037 0.208963
12990 nad2 1 4772.352454 0.791929 0.208071
12991 nad2 1 4772.352454 0.792821 0.207179
12992 nad2 1 4597.067085 0.793791 0.206209
12993 nad2 1 4597.067085 0.794683 0.205317
12994 nad2 1 4597.067085 0.795575 0.204425
12995 nad2 1 4534.331465 0.796481 0.203519
12996 nad2 1 4534.331465 0.797373 0.202627
12997 nad2 1 4534.331465 0.798264 0.201736
12998 nad2 1 4527.545779 0.799152 0.200848
12999 nad2 1 4527.545779 0.800044 0.199956
13000 nad2 1 4527.545779 0.800936 0.199064
13001 nad2 1 4484.888495 0.801866 0.198134
13002 nad2 1 4484.888495 0.802758 0.197242
13003 nad2 1 4484.888495 0.803649 0.196351
13004 nad2 1 4484.888495 0.804541 0.195459
13005 nad2 1 4484.888495 0.805432 0.194568
13006 nad2 1 4484.888495 0.806324 0.193676
13007 nad2 1 4477.270202 0.807228 0.192772
13008 nad2 1 4477.270202 0.808119 0.191881
13009 nad2 1 4477.270202 0.809011 0.190989
13010 nad2 1 4474.270202 0.809883 0.190117
13011 nad2 1 4474.270202 0.810775 0.189225
13012 nad2 1 4474.270202 0.811666 0.188334
13013 nad2 1 4474.270202 0.812558 0.187442
13014 nad2 1 4474.270202 0.813449 0.186551
13015 nad2 1 4474.270202 0.814341 0.185659
13016 nad2 1 4443.404875 0.815241 0.184759
13017 nad2 1 4443.404875 0.816133 0.183867
13018 nad2 1 4443.404875 0.817024 0.182976
13019 nad2 1 4443.404875 0.817915 0.182085
13020 nad2 1 4443.404875 0.818807 0.181193
13021 nad2 1 4443.404875 0.819698 0.180302
13022 nad2 1 4436.560211 0.820589 0.179411
13023 nad2 1 4436.560211 0.821480 0.178520
13024 nad2 1 4436.560211 0.822371 0.177629
13025 nad2 1 4428.320181 0.823454 0.176546
13026 nad2 1 4428.320181 0.824346 0.175654
13027 nad2 1 4428.320181 0.825237 0.174763
13028 nad2 1 4324.762427 0.826167 0.173833
13029 nad2 1 4324.762427 0.827059 0.172941
13030 nad2 1 4324.762427 0.827950 0.172050
13031 nad2 1 4321.608145 0.828830 0.171170
13032 nad2 1 4321.608145 0.829721 0.170279
13033 nad2 1 4321.608145 0.830613 0.169387
13034 nad2 1 4321.608145 0.831504 0.168496
13035 nad2 1 4321.608145 0.832396 0.167604
13036 nad2 1 4321.608145 0.833287 0.166713
13037 nad2 1 4301.067224 0.834195 0.165805
13038 nad2 1 4301.067224 0.835086 0.164914
13039 nad2 1 4301.067224 0.835978 0.164022
13040 nad2 1 4301.067224 0.836869 0.163131
13041 nad2 1 4301.067224 0.837761 0.162239
13042 nad2 1 4301.067224 0.838652 0.161348
13043 nad2 1 4301.067224 0.839544 0.160456
13044 nad2 1 4301.067224 0.840435 0.159565
13045 nad2 1 4301.067224 0.841327 0.158673
13046 nad2 1 4277.790410 0.842320 0.157680
13047 nad2 1 4277.790410 0.843212 0.156788
13048 nad2 1 4277.790410 0.844103 0.155897
13049 nad2 1 4043.675312 0.845325 0.154675
13050 nad2 1 4043.675312 0.846215 0.153785
13051 nad2 1 4043.675312 0.847106 0.152894
13052 nad2 1 4041.374282 0.847994 0.152006
13053 nad2 1 4041.374282 0.848885 0.151115
13054 nad2 1 4041.374282 0.849775 0.150225
13055 nad2 1 4035.165270 0.850616 0.149384
13056 nad2 1 4035.165270 0.851507 0.148493
13057 nad2 1 4035.165270 0.852398 0.147602
13058 nad2 1 4015.115379 0.853229 0.146771
13059 nad2 1 4015.115379 0.854119 0.145881
13060 nad2 1 4015.115379 0.855010 0.144990
13061 nad2 1 3902.596286 0.855944 0.144056
13062 nad2 1 3902.596286 0.856833 0.143167
13063 nad2 1 3902.596286 0.857723 0.142277
13064 nad2 1 3574.130019 0.858855 0.141145
13065 nad2 1 3574.130019 0.859756 0.140244
13066 nad2 1 3574.130019 0.860656 0.139344
13067 nad2 1 3045.196496 0.861183 0.138817
13068 nad2 1 3045.196496 0.862083 0.137917
13069 nad2 1 3045.196496 0.862984 0.137016
13070 nad2 1 2964.032152 0.863685 0.136315
13071 nad2 1 2964.032152 0.864585 0.135415
13072 nad2 1 2964.032152 0.865486 0.134514
13073 nad2 1 2939.976807 0.866387 0.133613
13074 nad2 1 2939.976807 0.867287 0.132713
13075 nad2 1 2939.976807 0.868188 0.131812
13076 nad2 1 2881.141671 0.869100 0.130900
13077 nad2 1 2881.141671 0.870002 0.129998
13078 nad2 1 2881.141671 0.870904 0.129096
13079 nad2 1 2479.797738 0.871145 0.128855
13080 nad2 1 2479.797738 0.872046 0.127954
13081 nad2 1 2479.797738 0.872947 0.127053
13082 nad2 1 2479.797738 0.873849 0.126151
13083 nad2 1 2479.797738 0.874750 0.125250
13084 nad2 1 2479.797738 0.875651 0.124349
13085 nad2 1 2434.001160 0.876644 0.123356
13086 nad2 1 2434.001160 0.877546 0.122454
13087 nad2 1 2434.001160 0.878447 0.121553
13088 nad2 1 2352.768647 0.879340 0.120660
13089 nad2 1 2352.768647 0.880242 0.119758
13090 nad2 1 2352.768647 0.881143 0.118857
13091 nad2 1 2324.701713 0.881900 0.118100
13092 nad2 1 2324.701713 0.882802 0.117198
13093 nad2 1 2324.701713 0.883703 0.116297
13094 nad2 1 2303.312184 0.884483 0.115517
13095 nad2 1 2303.312184 0.885384 0.114616
13096 nad2 1 2303.312184 0.886285 0.113715
13097 nad2 1 2243.992034 0.887199 0.112801
13098 nad2 1 2243.992034 0.888102 0.111898
13099 nad2 1 2243.992034 0.889005 0.110995
13100 nad2 1 2038.256542 0.889731 0.110269
13101 nad2 1 2038.256542 0.890634 0.109366
13102 nad2 1 2038.256542 0.891537 0.108463
13103 nad2 1 1988.250061 0.892431 0.107569
13104 nad2 1 1988.250061 0.893334 0.106666
13105 nad2 1 1988.250061 0.894238 0.105762
13106 nad2 1 1949.677446 0.894933 0.105067
13107 nad2 1 1949.677446 0.895836 0.104164
13108 nad2 1 1949.677446 0.896738 0.103262
13109 nad2 1 1575.665012 0.898178 0.101822
13110 nad2 1 1575.665012 0.899082 0.100918
13111 nad2 1 1575.665012 0.899986 0.100014
13112 nad2 1 1571.101175 0.900886 0.099114
13113 nad2 1 1571.101175 0.901790 0.098210
13114 nad2 1 1571.101175 0.902694 0.097306
13115 nad2 1 1469.413687 0.903794 0.096206
13116 nad2 1 1469.413687 0.904698 0.095302
13117 nad2 1 1469.413687 0.905603 0.094397
13118 nad2 1 1411.922753 0.906238 0.093762
13119 nad2 1 1411.922753 0.907142 0.092858
13120 nad2 1 1411.922753 0.908045 0.091955
13121 nad2 1 1278.377103 0.909248 0.090752
13122 nad2 1 1278.377103 0.910151 0.089849
13123 nad2 1 1278.377103 0.911054 0.088946
13124 nad2 1 970.366807 0.915044 0.084956
13125 nad2 1 970.366807 0.915952 0.084048
13126 nad2 1 970.366807 0.916859 0.083141
13127 nad2 1 902.276932 0.917789 0.082211
13128 nad2 1 902.276932 0.918697 0.081303
13129 nad2 1 902.276932 0.919604 0.080396
13130 nad2 1 792.457166 0.922360 0.077640
13131 nad2 1 792.457166 0.923269 0.076731
13132 nad2 1 792.457166 0.924178 0.075822
13133 nad2 1 760.510360 0.924605 0.075395
13134 nad2 1 760.510360 0.925513 0.074487
13135 nad2 1 760.510360 0.926422 0.073578
13136 nad2 1 656.851137 0.926280 0.073720
13137 nad2 1 656.851137 0.927189 0.072811
13138 nad2 1 656.851137 0.928097 0.071903
13139 nad2 1 612.448579 0.929040 0.070960
13140 nad2 1 612.448579 0.929949 0.070051
13141 nad2 1 612.448579 0.930858 0.069142
13142 nad2 1 597.222599 0.931732 0.068268
13143 nad2 1 597.222599 0.932641 0.067359
13144 nad2 1 597.222599 0.933550 0.066450
13145 nad2 1 533.814718 0.932863 0.067137
13146 nad2 1 533.814718 0.933769 0.066231
13147 nad2 1 533.814718 0.934676 0.065324
13148 nad2 1 507.028536 0.936347 0.063653
13149 nad2 1 507.028536 0.937254 0.062746
13150 nad2 1 507.028536 0.938162 0.061838
13151 nad2 1 496.327838 0.939530 0.060470
13152 nad2 1 496.327838 0.940438 0.059562
13153 nad2 1 496.327838 0.941346 0.058654
13154 nad2 1 458.217470 0.943373 0.056627
13155 nad2 1 458.217470 0.944282 0.055718
13156 nad2 1 458.217470 0.945191 0.054809
13157 nad2 1 445.602591 0.946319 0.053681
13158 nad2 1 445.602591 0.947229 0.052771
13159 nad2 1 445.602591 0.948138 0.051862
13160 nad2 1 406.831199 0.947933 0.052067
13161 nad2 1 406.831199 0.948841 0.051159
13162 nad2 1 406.831199 0.949749 0.050251
13163 nad2 1 393.003951 0.950041 0.049959
13164 nad2 1 393.003951 0.950948 0.049052
13165 nad2 1 393.003951 0.951854 0.048146
13166 nad2 1 389.527698 0.952666 0.047334
13167 nad2 1 389.527698 0.953573 0.046427
13168 nad2 1 389.527698 0.954480 0.045520
13169 nad2 1 240.436169 0.957102 0.042898
13170 nad2 1 240.436169 0.958009 0.041991
13171 nad2 1 240.436169 0.958915 0.041085
13172 nad2 1 233.900062 0.959463 0.040537
13173 nad2 1 233.900062 0.960370 0.039630
13174 nad2 1 233.900062 0.961276 0.038724
13175 nad2 1 215.296831 0.960253 0.039747
13176 nad2 1 215.296831 0.961158 0.038842
13177 nad2 1 215.296831 0.962063 0.037937
13178 nad2 1 215.296831 0.962968 0.037032
13179 nad2 1 215.296831 0.963873 0.036127
13180 nad2 1 215.296831 0.964778 0.035222
13181 nad2 1 178.378302 0.964067 0.035933
13182 nad2 1 178.378302 0.964970 0.035030
13183 nad2 1 178.378302 0.965873 0.034127
13184 nad2 1 169.416446 0.966001 0.033999
13185 nad2 1 169.416446 0.966903 0.033097
13186 nad2 1 169.416446 0.967805 0.032195
13187 nad2 1 145.466409 0.967487 0.032513
13188 nad2 1 145.466409 0.968387 0.031613
13189 nad2 1 145.466409 0.969288 0.030712
13190 nad2 1 85.913444 0.965632 0.034368
13191 nad2 1 85.913444 0.966526 0.033474
13192 nad2 1 85.913444 0.967420 0.032580
13193 nad2 1 44.876418 0.963141 0.036859
13194 nad2 1 44.876418 0.964021 0.035979
13195 nad2 1 44.876418 0.964901 0.035099
13196 nad2 1 44.876418 0.965781 0.034219
13197 nad2 1 44.876418 0.966661 0.033339
13198 nad2 1 44.876418 0.967541 0.032459
13199 nad2 1 27.248584 0.956286 0.043714
13200 nad2 1 27.248584 0.957140 0.042860
13201 nad2 1 27.248584 0.957993 0.042007
13202 nad2 1 27.248584 0.958847 0.041153
13203 nad2 1 27.248584 0.959700 0.040300
13204 nad2 1 27.248584 0.960554 0.039446
13205 nad2 1 27.248584 0.961407 0.038593
13206 nad2 1 27.248584 0.962261 0.037739
13207 nad2 1 27.248584 0.963114 0.036886
13208 nad2 1 21.293907 0.959739 0.040261
13209 nad2 1 21.293907 0.960583 0.039417
13210 nad2 1 21.293907 0.961427 0.038573
13211 nad2 1 17.632364 0.955114 0.044886
13212 nad2 1 17.632364 0.955944 0.044056
13213 nad2 1 17.632364 0.956774 0.043226
13214 nad2 1 17.632364 0.957604 0.042396
13215 nad2 1 17.632364 0.958434 0.041566
13216 nad2 1 17.632364 0.959263 0.040737
13217 nad2 1 7.920819 0.934775 0.065225
13218 nad2 1 7.920819 0.935554 0.064446
13219 nad2 1 7.920819 0.936332 0.063668
13220 nad2 1 7.920819 0.937111 0.062889
13221 nad2 1 7.920819 0.937889 0.062111
13222 nad2 1 7.920819 0.938667 0.061333
13223 nad2 1 7.920819 0.939446 0.060554
13224 nad2 1 7.920819 0.940224 0.059776
13225 nad2 1 7.920819 0.941003 0.058997
13226 nad2 1 7.920819 0.941781 0.058219
13227 nad2 1 7.920819 0.942559 0.057441
13228 nad2 1 7.920819 0.943338 0.056662
13229 nad2 1 7.920819 0.944116 0.055884
13230 nad2 1 7.920819 0.944895 0.055105
13231 nad2 1 7.920819 0.945673 0.054327
13232 nad2 1 7.920819 0.946451 0.053549
13233 nad2 1 7.920819 0.947230 0.052770
13234 nad2 1 7.920819 0.948008 0.051992
13235 nad2 1 0.000000 0.000000 0.000000
5357 cob 1 0.000000 0.000000 0.000000
5358 cob 1 0.000000 0.000000 0.000000
5359 cob 1 0.000000 0.000000 0.000000
5360 cob 1 0.000000 0.000000 0.000000
5361 cob 1 0.000000 0.000000 0.000000
5362 cob 1 0.000000 0.000000 0.000000
5363 cob 1 0.000000 0.000000 0.000000
5364 cob 1 0.000000 0.000000 0.000000
5365 cob 1 0.000000 0.000000 0.000000
5366 cob 1 0.000000 0.000000 0.000000
5367 cob 1 0.000000 0.000000 0.000000
5368 cob 1 0.000000 0.000000 0.000000
5369 cob 1 0.000000 0.000000 0.000000
5370 cob 1 0.000000 0.000000 0.000000
5371 cob 1 0.000000 0.000000 0.000000
5372 cob 1 0.000000 0.000000 0.000000
5373 cob 1 0.000000 0.000000 0.000000
5374 cob 1 0.000000 0.000000 0.000000
5375 cob 1 0.000000 0.000000 0.000000
5376 cob 1 0.000000 0.000000 0.000000
5377 cob 1 0.000000 0.000000 0.000000
5378 cob 1 0.000000 0.000000 0.000000
5379 cob 1 0.000000 0.000000 0.000000
5380 cob 1 0.000000 0.000000 0.000000
5381 cob 1 0.000000 0.000000 0.000000
5382 cob 1 0.000000 0.000000 0.000000
5383 cob 1 0.000000 0.000000 0.000000
5384 cob 1 0.000000 0.000000 0.000000
5385 cob 1 0.000000 0.000000 0.000000
5386 cob 1 0.000000 0.000000 0.000000
5387 cob 1 0.000000 0.000000 0.000000
5388 cob 1 0.000000 0.000000 0.000000
5389 cob 1 0.000000 0.000000 0.000000
5390 cob 1 0.000000 0.000000 0.000000
5391 cob 1 0.000000 0.000000 0.000000
5392 cob 1 0.000000 0.000000 0.000000
5393 cob 1 0.000000 0.000000 0.000000
5394 cob 1 0.000000 0.000000 0.000000
5395 cob 1 0.000000 0.000000 0.000000
5396 cob 1 0.000000 0.000000 0.000000
5397 cob 1 0.000000 0.000000 0.000000
5398 cob 1 0.000000 0.000000 0.000000
5399 cob 1 0.000000 0.000000 0.000000
5400 cob 1 0.000000 0.000000 0.000000
5401 cob 1 0.000000 0.000000 0.000000
5402 cob 1 0.000000 0.000000 0.000000
5403 cob 1 0.000000 0.000000 0.000000
5404 cob 1 0.000000 0.000000 0.000000
5405 cob 1 0.000000 0.000000 0.000000
5406 cob 1 0.000000 0.000000 0.000000
5407 cob 1 0.000000 0.000000 0.000000
5408 cob 1 0.000000 0.000000 0.000000
5409 cob 1 0.000000 0.000000 0.000000
5410 cob 1 0.000000 0.000000 0.000000
5411 cob 1 0.000000 0.000000 0.000000
5412 cob 1 0.000000 0.000000 0.000000
5413 cob 1 0.000000 0.000000 0.000000
5414 cob 1 0.000000 0.000000 0.000000
5415 cob 1 0.000000 0.000000 0.000000
5416 cob 1 0.000000 0.000000 0.000000
5417 cob 1 0.000000 0.000000 0.000000
5418 cob 1 0.000000 0.000000 0.000000
5419 cob 1 0.000000 0.000000 0.000000
5420 cob 1 0.000000 0.000000 0.000000
5421 cob 1 0.000000 0.000000 0.000000
5422 cob 1 0.000000 0.000000 0.000000
5423 cob 1 0.000000 0.000000 0.000000
5424 cob 1 0.000000 0.000000 0.000000
5425 cob 1 0.000000 0.000000 0.000000
5426 cob 1 0.000000 0.000000 0.000000
5427 cob 1 0.000000 0.000000 0.000000
5428 cob 1 0.000000 0.000000 0.000000
5429 cob 1 0.000000 0.000000 0.000000
5430 cob 1 0.000000 0.000000 0.000000
5431 cob 1 0.000000 0.000000 0.000000
5432 cob 1 0.000000 0.000000 0.000000
5433 cob 1 0.000000 0.000000 0.000000
5434 cob 1 0.000000 0.000000 0.000000
5435 cob 1 0.000000 0.000000 0.000000
5436 cob 1 0.000000 0.000000 0.000000
5437 cob 1 0.000000 0.000000 0.000000
5438 cob 1 0.000000 0.000000 0.000000
5439 cob 1 0.000000 0.000000 0.000000
5440 cob 1 0.000000 0.000000 0.000000
5441 cob 1 0.000000 0.000000 0.000000
5442 cob 1 0.000000 0.000000 0.000000
5443 cob 1 0.000000 0.000000 0.000000
5444 cob 1 0.000000 0.000000 0.000000
5445 cob 1 0.000000 0.000000 0.000000
5446 cob 1 0.000000 0.000000 0.000000
5447 cob 1 0.000000 0.000000 0.000000
5448 cob 1 0.000000 0.000000 0.000000
5449 cob 1 0.000000 0.000000 0.000000
5450 cob 1 0.000000 0.000000 0.000000
5451 cob 1 0.000000 0.000000 0.000000
5452 cob 1 0.000000 0.000000 0.000000
5453 cob 1 0.000000 0.000000 0.000000
5454 cob 1 0.000000 0.000000 0.000000
5455 cob 1 0.000000 0.000000 0.000000
5456 cob 1 0.000000 0.000000 0.000000
5457 cob 1 0.000000 0.000000 0.000000
5458 cob 1 0.000000 0.000000 0.000000
5459 cob 1 0.000000 0.000000 0.000000
5460 cob 1 0.000000 0.000000 0.000000
5461 cob 1 0.000000 0.000000 0.000000
5462 cob 1 0.000000 0.000000 0.000000
5463 cob 1 0.000000 0.000000 0.000000
5464 cob 1 0.000000 0.000000 0.000000
5465 cob 1 0.000000 0.000000 0.000000
5466 cob 1 0.000000 0.000000 0.000000
5467 cob 1 0.000000 0.000000 0.000000
5468 cob 1 0.000000 0.000000 0.000000
5469 cob 1 0.000000 0.000000 0.000000
5470 cob 1 0.000000 0.000000 0.000000
5471 cob 1 0.000000 0.000000 0.000000
5472 cob 1 0.000000 0.000000 0.000000
5473 cob 1 0.000000 0.000000 0.000000
5474 cob 1 0.000000 0.000000 0.000000
5475 cob 1 0.000000 0.000000 0.000000
5476 cob 1 0.000000 0.000000 0.000000
5477 cob 1 0.000000 0.000000 0.000000
5478 cob 1 0.000000 0.000000 0.000000
5479 cob 1 0.000000 0.000000 0.000000
5480 cob 1 0.000000 0.000000 0.000000
5481 cob 1 0.000000 0.000000 0.000000
5482 cob 1 0.000000 0.000000 0.000000
5483 cob 1 0.000000 0.000000 0.000000
5484 cob 1 0.000000 0.000000 0.000000
5485 cob 1 0.000000 0.000000 0.000000
5486 cob 1 0.000000 0.000000 0.000000
5487 cob 1 0.000000 0.000000 0.000000
5488 cob 1 0.000000 0.000000 0.000000
5489 cob 1 0.000000 0.000000 0.000000
5490 cob 1 0.000000 0.000000 0.000000
5491 cob 1 0.000000 0.000000 0.000000
5492 cob 1 0.000000 0.000000 0.000000
5493 cob 1 0.000000 0.000000 0.000000
5494 cob 1 0.000000 0.000000 0.000000
5495 cob 1 0.000000 0.000000 0.000000
5496 cob 1 0.000000 0.000000 0.000000
5497 cob 1 0.000000 0.000000 0.000000
5498 cob 1 0.000000 0.000000 0.000000
5499 cob 1 0.000000 0.000000 0.000000
5500 cob 1 0.000000 0.000000 0.000000
5501 cob 1 0.000000 0.000000 0.000000
5502 cob 1 0.000000 0.000000 0.000000
5503 cob 1 0.000000 0.000000 0.000000
5504 cob 1 0.000000 0.000000 0.000000
5505 cob 1 0.000000 0.000000 0.000000
5506 cob 1 0.000000 0.000000 0.000000
5507 cob 1 0.000000 0.000000 0.000000
5508 cob 1 0.000000 0.000000 0.000000
5509 cob 1 0.000000 0.000000 0.000000
5510 cob 1 0.000000 0.000000 0.000000
5511 cob 1 0.000000 0.000000 0.000000
5512 cob 1 0.000000 0.000000 0.000000
5513 cob 1 0.000000 0.000000 0.000000
5514 cob 1 0.000000 0.000000 0.000000
5515 cob 1 0.000000 0.000000 0.000000
5516 cob 1 0.000000 0.000000 0.000000
5517 cob 1 0.000000 0.000000 0.000000
5518 cob 1 0.000000 0.000000 0.000000
5519 cob 1 0.000000 0.000000 0.000000
5520 cob 1 0.000000 0.000000 0.000000
5521 cob 1 0.000000 0.000000 0.000000
5522 cob 1 0.000000 0.000000 0.000000
5523 cob 1 0.000000 0.000000 0.000000
5524 cob 1 0.000000 0.000000 0.000000
5525 cob 1 0.000000 0.000000 0.000000
5526 cob 1 0.000000 0.000000 0.000000
5527 cob 1 0.000000 0.000000 0.000000
5528 cob 1 0.000000 0.000000 0.000000
5529 cob 1 0.000000 0.000000 0.000000
5530 cob 1 0.000000 0.000000 0.000000
5531 cob 1 0.000000 0.000000 0.000000
5532 cob 1 0.000000 0.000000 0.000000
5533 cob 1 0.000000 0.000000 0.000000
5534 cob 1 0.000000 0.000000 0.000000
5535 cob 1 0.000000 0.000000 0.000000
5536 cob 1 0.000000 0.000000 0.000000
5537 cob 1 0.000000 0.000000 0.000000
5538 cob 1 0.000000 0.000000 0.000000
5539 cob 1 0.000000 0.000000 0.000000
5540 cob 1 0.000000 0.000000 0.000000
5541 cob 1 0.000000 0.000000 0.000000
5542 cob 1 0.000000 0.000000 0.000000
5543 cob 1 0.000000 0.000000 0.000000
5544 cob 1 0.000000 0.000000 0.000000
5545 cob 1 0.000000 0.000000 0.000000
5546 cob 1 0.000000 0.000000 0.000000
5547 cob 1 0.000000 0.000000 0.000000
5548 cob 1 0.000000 0.000000 0.000000
5549 cob 1 0.000000 0.000000 0.000000
5550 cob 1 0.000000 0.000000 0.000000
5551 cob 1 0.000000 0.000000 0.000000
5552 cob 1 0.000000 0.000000 0.000000
5553 cob 1 0.000000 0.000000 0.000000
5554 cob 1 0.000000 0.000000 0.000000
5555 cob 1 0.000000 0.000000 0.000000
5556 cob 1 0.000000 0.000000 0.000000
5557 cob 1 0.000000 0.000000 0.000000
5558 cob 1 0.000000 0.000000 0.000000
5559 cob 1 0.000000 0.000000 0.000000
5560 cob 1 0.000000 0.000000 0.000000
5561 cob 1 0.000000 0.000000 0.000000
5562 cob 1 0.000000 0.000000 0.000000
5563 cob 1 0.000000 0.000000 0.000000
5564 cob 1 0.000000 0.000000 0.000000
5565 cob 1 0.000000 0.000000 0.000000
5566 cob 1 0.000000 0.000000 0.000000
5567 cob 1 0.000000 0.000000 0.000000
5568 cob 1 0.000000 0.000000 0.000000
5569 cob 1 0.000000 0.000000 0.000000
5570 cob 1 0.000000 0.000000 0.000000
5571 cob 1 0.000000 0.000000 0.000000
5572 cob 1 0.000000 0.000000 0.000000
5573 cob 1 0.000000 0.000000 0.000000
5574 cob 1 0.000000 0.000000 0.000000
5575 cob 1 0.000000 0.000000 0.000000
5576 cob 1 0.000000 0.000000 0.000000
5577 cob 1 0.000000 0.000000 0.000000
5578 cob 1 0.000000 0.000000 0.000000
5579 cob 1 0.000000 0.000000 0.000000
5580 cob 1 0.000000 0.000000 0.000000
5581 cob 1 0.000000 0.000000 0.000000
5582 cob 1 0.000000 0.000000 0.000000
5583 cob 1 0.000000 0.000000 0.000000
5584 cob 1 0.000000 0.000000 0.000000
5585 cob 1 0.000000 0.000000 0.000000
5586 cob 1 0.000000 0.000000 0.000000
5587 cob 1 0.000000 0.000000 0.000000
5588 cob 1 0.000000 0.000000 0.000000
5589 cob 1 0.000000 0.000000 0.000000
5590 cob 1 0.000000 0.000000 0.000000
5591 cob 1 0.000000 0.000000 0.000000
5592 cob 1 0.000000 0.000000 0.000000
5593 cob 1 0.000000 0.000000 0.000000
5594 cob 1 0.000000 0.000000 0.000000
5595 cob 1 0.000000 0.000000 0.000000
5596 cob 1 0.000000 0.000000 0.000000
5597 cob 1 0.000000 0.000000 0.000000
5598 cob 1 0.000000 0.000000 0.000000
5599 cob 1 0.000000 0.000000 0.000000
5600 cob 1 0.000000 0.000000 0.000000
5601 cob 1 0.000000 0.000000 0.000000
5602 cob 1 0.000000 0.000000 0.000000
5603 cob 1 0.000000 0.000000 0.000000
5604 cob 1 0.000000 0.000000 0.000000
5605 cob 1 0.000000 0.000000 0.000000
5606 cob 1 0.000000 0.000000 0.000000
5607 cob 1 0.000000 0.000000 0.000000
5608 cob 1 0.000000 0.000000 0.000000
5609 cob 1 0.000000 0.000000 0.000000
5610 cob 1 0.000000 0.000000 0.000000
5611 cob 1 0.000000 0.000000 0.000000
5612 cob 1 0.000000 0.000000 0.000000
5613 cob 1 0.000000 0.000000 0.000000
5614 cob 1 0.000000 0.000000 0.000000
5615 cob 1 0.000000 0.000000 0.000000
5616 cob 1 0.000000 0.000000 0.000000
5617 cob 1 0.000000 0.000000 0.000000
5618 cob 1 0.000000 0.000000 0.000000
5619 cob 1 0.000000 0.000000 0.000000
5620 cob 1 0.000000 0.000000 0.000000
5621 cob 1 0.000000 0.000000 0.000000
5622 cob 1 0.000000 0.000000 0.000000
5623 cob 1 0.000000 0.000000 0.000000
5624 cob 1 0.000000 0.000000 0.000000
5625 cob 1 0.000000 0.000000 0.000000
5626 cob 1 0.000000 0.000000 0.000000
5627 cob 1 0.000000 0.000000 0.000000
5628 cob 1 0.000000 0.000000 0.000000
5629 cob 1 0.000000 0.000000 0.000000
5630 cob 1 0.000000 0.000000 0.000000
5631 cob 1 0.000000 0.000000 0.000000
5632 cob 1 0.000000 0.000000 0.000000
5633 cob 1 0.000000 0.000000 0.000000
5634 cob 1 0.000000 0.000000 0.000000
5635 cob 1 0.000000 0.000000 0.000000
5636 cob 1 0.000000 0.000000 0.000000
5637 cob 1 0.000000 0.000000 0.000000
5638 cob 1 0.000000 0.000000 0.000000
5639 cob 1 0.000000 0.000000 0.000000
5640 cob 1 0.000000 0.000000 0.000000
5641 cob 1 0.000000 0.000000 0.000000
5642 cob 1 0.000000 0.000000 0.000000
5643 cob 1 0.000000 0.000000 0.000000
5644 cob 1 0.000000 0.000000 0.000000
5645 cob 1 0.000000 0.000000 0.000000
5646 cob 1 0.000000 0.000000 0.000000
5647 cob 1 0.000000 0.000000 0.000000
5648 cob 1 0.000000 0.000000 0.000000
5649 cob 1 0.000000 0.000000 0.000000
5650 cob 1 0.000000 0.000000 0.000000
5651 cob 1 0.000000 0.000000 0.000000
5652 cob 1 0.000000 0.000000 0.000000
5653 cob 1 0.000000 0.000000 0.000000
5654 cob 1 0.000000 0.000000 0.000000
5655 cob 1 0.000000 0.000000 0.000000
5656 cob 1 0.000000 0.000000 0.000000
5657 cob 1 0.000000 0.000000 0.000000
5658 cob 1 0.000000 0.000000 0.000000
5659 cob 1 0.000000 0.000000 0.000000
5660 cob 1 0.000000 0.000000 0.000000
5661 cob 1 0.000000 0.000000 0.000000
5662 cob 1 0.000000 0.000000 0.000000
5663 cob 1 0.000000 0.000000 0.000000
5664 cob 1 0.000000 0.000000 0.000000
5665 cob 1 0.000000 0.000000 0.000000
5666 cob 1 0.000000 0.000000 0.000000
5667 cob 1 0.000000 0.000000 0.000000
5668 cob 1 0.000000 0.000000 0.000000
5669 cob 1 0.000000 0.000000 0.000000
5670 cob 1 0.000000 0.000000 0.000000
5671 cob 1 0.000000 0.000000 0.000000
5672 cob 1 0.000000 0.000000 0.000000
5673 cob 1 0.000000 0.000000 0.000000
5674 cob 1 0.000000 0.000000 0.000000
5675 cob 1 0.000000 0.000000 0.000000
5676 cob 1 0.000000 0.000000 0.000000
5677 cob 1 0.000000 0.000000 0.000000
5678 cob 1 0.000000 0.000000 0.000000
5679 cob 1 0.000000 0.000000 0.000000
5680 cob 1 0.000000 0.000000 0.000000
5681 cob 1 0.000000 0.000000 0.000000
5682 cob 1 0.000000 0.000000 0.000000
5683 cob 1 0.000000 0.000000 0.000000
5684 cob 1 0.000000 0.000000 0.000000
5685 cob 1 0.000000 0.000000 0.000000
5686 cob 1 0.000000 0.000000 0.000000
5687 cob 1 0.000000 0.000000 0.000000
5688 cob 1 0.000000 0.000000 0.000000
5689 cob 1 0.000000 0.000000 0.000000
5690 cob 1 0.000000 0.000000 0.000000
5691 cob 1 0.000000 0.000000 0.000000
5692 cob 1 0.000000 0.000000 0.000000
5693 cob 1 0.000000 0.000000 0.000000
5694 cob 1 0.000000 0.000000 0.000000
5695 cob 1 0.000000 0.000000 0.000000
5696 cob 1 0.000000 0.000000 0.000000
5697 cob 1 0.000000 0.000000 0.000000
5698 cob 1 0.000000 0.000000 0.000000
5699 cob 1 0.000000 0.000000 0.000000
5700 cob 1 0.000000 0.000000 0.000000
5701 cob 1 0.000000 0.000000 0.000000
5702 cob 1 0.000000 0.000000 0.000000
5703 cob 1 0.000000 0.000000 0.000000
5704 cob 1 0.000000 0.000000 0.000000
5705 cob 1 0.000000 0.000000 0.000000
5706 cob 1 0.000000 0.000000 0.000000
5707 cob 1 0.000000 0.000000 0.000000
5708 cob 1 0.000000 0.000000 0.000000
5709 cob 1 0.000000 0.000000 0.000000
5710 cob 1 0.000000 0.000000 0.000000
5711 cob 1 0.000000 0.000000 0.000000
5712 cob 1 0.000000 0.000000 0.000000
5713 cob 1 0.000000 0.000000 0.000000
5714 cob 1 0.000000 0.000000 0.000000
5715 cob 1 0.000000 0.000000 0.000000
5716 cob 1 0.000000 0.000000 0.000000
5717 cob 1 0.000000 0.000000 0.000000
5718 cob 1 0.000000 0.000000 0.000000
5719 cob 1 0.000000 0.000000 0.000000
5720 cob 1 0.000000 0.000000 0.000000
5721 cob 1 0.000000 0.000000 0.000000
5722 cob 1 0.000000 0.000000 0.000000
5723 cob 1 0.000000 0.000000 0.000000
5724 cob 1 0.000000 0.000000 0.000000
5725 cob 1 0.000000 0.000000 0.000000
5726 cob 1 0.000000 0.000000 0.000000
5727 cob 1 0.000000 0.000000 0.000000
5728 cob 1 0.000000 0.000000 0.000000
5729 cob 1 0.000000 0.000000 0.000000
5730 cob 1 0.000000 0.000000 0.000000
5731 cob 1 0.000000 0.000000 0.000000
5732 cob 1 0.000000 0.000000 0.000000
5733 cob 1 0.000000 0.000000 0.000000
5734 cob 1 0.000000 0.000000 0.000000
5735 cob 1 0.000000 0.000000 0.000000
5736 cob 1 0.000000 0.000000 0.000000
5737 cob 1 0.000000 0.000000 0.000000
5738 cob 1 0.000000 0.000000 0.000000
5739 cob 1 0.000000 0.000000 0.000000
5740 cob 1 0.000000 0.000000 0.000000
5741 cob 1 0.000000 0.000000 0.000000
5742 cob 1 0.000000 0.000000 0.000000
5743 cob 1 0.000000 0.000000 0.000000
5744 cob 1 0.000000 0.000000 0.000000
5745 cob 1 0.000000 0.000000 0.000000
5746 cob 1 0.000000 0.000000 0.000000
5747 cob 1 0.000000 0.000000 0.000000
5748 cob 1 0.000000 0.000000 0.000000
5749 cob 1 0.000000 0.000000 0.000000
5750 cob 1 0.000000 0.000000 0.000000
5751 cob 1 0.000000 0.000000 0.000000
5752 cob 1 0.000000 0.000000 0.000000
5753 cob 1 0.000000 0.000000 0.000000
5754 cob 1 0.000000 0.000000 0.000000
5755 cob 1 0.000000 0.000000 0.000000
5756 cob 1 0.000000 0.000000 0.000000
5757 cob 1 0.000000 0.000000 0.000000
5758 cob 1 0.000000 0.000000 0.000000
5759 cob 1 0.000000 0.000000 0.000000
5760 cob 1 0.000000 0.000000 0.000000
5761 cob 1 0.000000 0.000000 0.000000
5762 cob 1 0.000000 0.000000 0.000000
5763 cob 1 0.000000 0.000000 0.000000
5764 cob 1 0.000000 0.000000 0.000000
5765 cob 1 0.000000 0.000000 0.000000
5766 cob 1 0.000000 0.000000 0.000000
5767 cob 1 0.000000 0.000000 0.000000
5768 cob 1 0.000000 0.000000 0.000000
5769 cob 1 0.000000 0.000000 0.000000
5770 cob 1 0.000000 0.000000 0.000000
5771 cob 1 0.000000 0.000000 0.000000
5772 cob 1 0.000000 0.000000 0.000000
5773 cob 1 0.000000 0.000000 0.000000
5774 cob 1 0.000000 0.000000 0.000000
5775 cob 1 0.000000 0.000000 0.000000
5776 cob 1 0.000000 0.000000 0.000000
5777 cob 1 0.000000 0.000000 0.000000
5778 cob 1 0.000000 0.000000 0.000000
5779 cob 1 0.000000 0.000000 0.000000
5780 cob 1 0.000000 0.000000 0.000000
5781 cob 1 0.000000 0.000000 0.000000
5782 cob 1 0.000000 0.000000 0.000000
5783 cob 1 0.000000 0.000000 0.000000
5784 cob 1 0.000000 0.000000 0.000000
5785 cob 1 0.000000 0.000000 0.000000
5786 cob 1 0.000000 0.000000 0.000000
5787 cob 1 0.000000 0.000000 0.000000
5788 cob 1 0.000000 0.000000 0.000000
5789 cob 1 0.000000 0.000000 0.000000
5790 cob 1 0.000000 0.000000 0.000000
5791 cob 1 0.000000 0.000000 0.000000
5792 cob 1 0.000000 0.000000 0.000000
5793 cob 1 0.000000 0.000000 0.000000
5794 cob 1 0.000000 0.000000 0.000000
5795 cob 1 0.000000 0.000000 0.000000
5796 cob 1 0.000000 0.000000 0.000000
5797 cob 1 0.000000 0.000000 0.000000
5798 cob 1 0.000000 0.000000 0.000000
5799 cob 1 0.000000 0.000000 0.000000
5800 cob 1 0.000000 0.000000 0.000000
5801 cob 1 0.000000 0.000000 0.000000
5802 cob 1 0.000000 0.000000 0.000000
5803 cob 1 0.000000 0.000000 0.000000
5804 cob 1 0.000000 0.000000 0.000000
5805 cob 1 0.000000 0.000000 0.000000
5806 cob 1 0.000000 0.000000 0.000000
5807 cob 1 0.000000 0.000000 0.000000
5808 cob 1 0.000000 0.000000 0.000000
5809 cob 1 0.000000 0.000000 0.000000
5810 cob 1 0.000000 0.000000 0.000000
5811 cob 1 0.000000 0.000000 0.000000
5812 cob 1 0.000000 0.000000 0.000000
5813 cob 1 0.000000 0.000000 0.000000
5814 cob 1 0.000000 0.000000 0.000000
5815 cob 1 0.000000 0.000000 0.000000
5816 cob 1 0.000000 0.000000 0.000000
5817 cob 1 0.000000 0.000000 0.000000
5818 cob 1 0.000000 0.000000 0.000000
5819 cob 1 0.000000 0.000000 0.000000
5820 cob 1 0.000000 0.000000 0.000000
5821 cob 1 0.000000 0.000000 0.000000
5822 cob 1 0.000000 0.000000 0.000000
5823 cob 1 0.000000 0.000000 0.000000
5824 cob 1 0.000000 0.000000 0.000000
5825 cob 1 0.000000 0.000000 0.000000
5826 cob 1 0.000000 0.000000 0.000000
5827 cob 1 0.000000 0.000000 0.000000
5828 cob 1 0.000000 0.000000 0.000000
5829 cob 1 0.000000 0.000000 0.000000
5830 cob 1 0.000000 0.000000 0.000000
5831 cob 1 0.000000 0.000000 0.000000
5832 cob 1 0.000000 0.000000 0.000000
5833 cob 1 0.000000 0.000000 0.000000
5834 cob 1 0.000000 0.000000 0.000000
5835 cob 1 0.000000 0.000000 0.000000
5836 cob 1 0.000000 0.000000 0.000000
5837 cob 1 0.000000 0.000000 0.000000
5838 cob 1 0.000000 0.000000 0.000000
5839 cob 1 0.000000 0.000000 0.000000
5840 cob 1 0.000000 0.000000 0.000000
5841 cob 1 0.000000 0.000000 0.000000
5842 cob 1 0.000000 0.000000 0.000000
5843 cob 1 0.000000 0.000000 0.000000
5844 cob 1 0.000000 0.000000 0.000000
5845 cob 1 0.000000 0.000000 0.000000
5846 cob 1 0.000000 0.000000 0.000000
5847 cob 1 0.000000 0.000000 0.000000
5848 cob 1 0.000000 0.000000 0.000000
5849 cob 1 0.000000 0.000000 0.000000
5850 cob 1 0.000000 0.000000 0.000000
5851 cob 1 0.000000 0.000000 0.000000
5852 cob 1 0.000000 0.000000 0.000000
5853 cob 1 0.000000 0.000000 0.000000
5854 cob 1 0.000000 0.000000 0.000000
5855 cob 1 0.000000 0.000000 0.000000
5856 cob 1 0.000000 0.000000 0.000000
5857 cob 1 0.000000 0.000000 0.000000
5858 cob 1 0.000000 0.000000 0.000000
5859 cob 1 0.000000 0.000000 0.000000
5860 cob 1 0.000000 0.000000 0.000000
5861 cob 1 0.000000 0.000000 0.000000
5862 cob 1 0.000000 0.000000 0.000000
5863 cob 1 0.000000 0.000000 0.000000
5864 cob 1 0.000000 0.000000 0.000000
5865 cob 1 0.000000 0.000000 0.000000
5866 cob 1 0.000000 0.000000 0.000000
5867 cob 1 0.000000 0.000000 0.000000
5868 cob 1 0.000000 0.000000 0.000000
5869 cob 1 0.000000 0.000000 0.000000
5870 cob 1 0.000000 0.000000 0.000000
5871 cob 1 0.000000 0.000000 0.000000
5872 cob 1 0.000000 0.000000 0.000000
5873 cob 1 0.000000 0.000000 0.000000
5874 cob 1 0.000000 0.000000 0.000000
5875 cob 1 0.000000 0.000000 0.000000
5876 cob 1 0.000000 0.000000 0.000000
5877 cob 1 0.000000 0.000000 0.000000
5878 cob 1 0.000000 0.000000 0.000000
5879 cob 1 0.000000 0.000000 0.000000
5880 cob 1 0.000000 0.000000 0.000000
5881 cob 1 0.000000 0.000000 0.000000
5882 cob 1 0.000000 0.000000 0.000000
5883 cob 1 0.000000 0.000000 0.000000
5884 cob 1 0.000000 0.000000 0.000000
5885 cob 1 0.000000 0.000000 0.000000
5886 cob 1 0.000000 0.000000 0.000000
5887 cob 1 0.000000 0.000000 0.000000
5888 cob 1 0.000000 0.000000 0.000000
5889 cob 1 0.000000 0.000000 0.000000
5890 cob 1 0.000000 0.000000 0.000000
5891 cob 1 0.000000 0.000000 0.000000
5892 cob 1 0.000000 0.000000 0.000000
5893 cob 1 0.000000 0.000000 0.000000
5894 cob 1 0.000000 0.000000 0.000000
5895 cob 1 0.000000 0.000000 0.000000
5896 cob 1 0.000000 0.000000 0.000000
5897 cob 1 0.000000 0.000000 0.000000
5898 cob 1 0.000000 0.000000 0.000000
5899 cob 1 0.000000 0.000000 0.000000
5900 cob 1 0.000000 0.000000 0.000000
5901 cob 1 0.000000 0.000000 0.000000
5902 cob 1 0.000000 0.000000 0.000000
5903 cob 1 0.000000 0.000000 0.000000
5904 cob 1 0.000000 0.000000 0.000000
5905 cob 1 0.000000 0.000000 0.000000
5906 cob 1 0.000000 0.000000 0.000000
5907 cob 1 0.000000 0.000000 0.000000
5908 cob 1 0.000000 0.000000 0.000000
5909 cob 1 0.000000 0.000000 0.000000
5910 cob 1 0.000000 0.000000 0.000000
5911 cob 1 0.000000 0.000000 0.000000
5912 cob 1 0.000000 0.000000 0.000000
5913 cob 1 0.000000 0.000000 0.000000
5914 cob 1 0.000000 0.000000 0.000000
5915 cob 1 0.000000 0.000000 0.000000
5916 cob 1 0.000000 0.000000 0.000000
5917 cob 1 0.000000 0.000000 0.000000
5918 cob 1 0.000000 0.000000 0.000000
5919 cob 1 0.000000 0.000000 0.000000
5920 cob 1 0.000000 0.000000 0.000000
5921 cob 1 0.000000 0.000000 0.000000
5922 cob 1 0.000000 0.000000 0.000000
5923 cob 1 0.000000 0.000000 0.000000
5924 cob 1 0.000000 0.000000 0.000000
5925 cob 1 0.000000 0.000000 0.000000
5926 cob 1 0.000000 0.000000 0.000000
5927 cob 1 0.000000 0.000000 0.000000
5928 cob 1 0.000000 0.000000 0.000000
5929 cob 1 0.000000 0.000000 0.000000
5930 cob 1 0.000000 0.000000 0.000000
5931 cob 1 0.000000 0.000000 0.000000
5932 cob 1 0.000000 0.000000 0.000000
5933 cob 1 0.000000 0.000000 0.000000
5934 cob 1 0.000000 0.000000 0.000000
5935 cob 1 0.000000 0.000000 0.000000
5936 cob 1 0.000000 0.000000 0.000000
5937 cob 1 0.000000 0.000000 0.000000
5938 cob 1 0.000000 0.000000 0.000000
5939 cob 1 0.000000 0.000000 0.000000
5940 cob 1 0.000000 0.000000 0.000000
5941 cob 1 0.000000 0.000000 0.000000
5942 cob 1 0.000000 0.000000 0.000000
5943 cob 1 0.000000 0.000000 0.000000
5944 cob 1 0.000000 0.000000 0.000000
5945 cob 1 0.000000 0.000000 0.000000
5946 cob 1 0.000000 0.000000 0.000000
5947 cob 1 0.000000 0.000000 0.000000
5948 cob 1 0.000000 0.000000 0.000000
5949 cob 1 0.000000 0.000000 0.000000
5950 cob 1 0.000000 0.000000 0.000000
5951 cob 1 0.000000 0.000000 0.000000
5952 cob 1 0.000000 0.000000 0.000000
5953 cob 1 0.000000 0.000000 0.000000
5954 cob 1 0.000000 0.000000 0.000000
5955 cob 1 0.000000 0.000000 0.000000
5956 cob 1 0.000000 0.000000 0.000000
5957 cob 1 0.000000 0.000000 0.000000
5958 cob 1 0.000000 0.000000 0.000000
5959 cob 1 0.000000 0.000000 0.000000
5960 cob 1 0.000000 0.000000 0.000000
5961 cob 1 0.000000 0.000000 0.000000
5962 cob 1 0.000000 0.000000 0.000000
5963 cob 1 0.000000 0.000000 0.000000
5964 cob 1 0.000000 0.000000 0.000000
5965 cob 1 0.000000 0.000000 0.000000
5966 cob 1 0.000000 0.000000 0.000000
5967 cob 1 0.000000 0.000000 0.000000
5968 cob 1 0.000000 0.000000 0.000000
5969 cob 1 0.000000 0.000000 0.000000
5970 cob 1 0.000000 0.000000 0.000000
5971 cob 1 0.000000 0.000000 0.000000
5972 cob 1 0.000000 0.000000 0.000000
5973 cob 1 0.000000 0.000000 0.000000
5974 cob 1 0.000000 0.000000 0.000000
5975 cob 1 0.000000 0.000000 0.000000
5976 cob 1 0.000000 0.000000 0.000000
5977 cob 1 0.000000 0.000000 0.000000
5978 cob 1 0.000000 0.000000 0.000000
5979 cob 1 0.000000 0.000000 0.000000
5980 cob 1 0.000000 0.000000 0.000000
5981 cob 1 0.000000 0.000000 0.000000
5982 cob 1 0.000000 0.000000 0.000000
5983 cob 1 0.000000 0.000000 0.000000
5984 cob 1 0.000000 0.000000 0.000000
5985 cob 1 0.000000 0.000000 0.000000
5986 cob 1 0.000000 0.000000 0.000000
5987 cob 1 0.000000 0.000000 0.000000
5988 cob 1 0.000000 0.000000 0.000000
5989 cob 1 0.000000 0.000000 0.000000
5990 cob 1 0.000000 0.000000 0.000000
5991 cob 1 0.000000 0.000000 0.000000
5992 cob 1 0.000000 0.000000 0.000000
5993 cob 1 0.000000 0.000000 0.000000
5994 cob 1 0.000000 0.000000 0.000000
5995 cob 1 0.000000 0.000000 0.000000
5996 cob 1 0.000000 0.000000 0.000000
5997 cob 1 0.000000 0.000000 0.000000
5998 cob 1 0.000000 0.000000 0.000000
5999 cob 1 0.000000 0.000000 0.000000
6000 cob 1 0.000000 0.000000 0.000000
6001 cob 1 0.000000 0.000000 0.000000
6002 cob 1 0.000000 0.000000 0.000000
6003 cob 1 0.000000 0.000000 0.000000
6004 cob 1 0.000000 0.000000 0.000000
6005 cob 1 0.000000 0.000000 0.000000
6006 cob 1 0.000000 0.000000 0.000000
6007 cob 1 0.000000 0.000000 0.000000
6008 cob 1 0.000000 0.000000 0.000000
6009 cob 1 0.000000 0.000000 0.000000
6010 cob 1 0.000000 0.000000 0.000000
6011 cob 1 0.000000 0.000000 0.000000
6012 cob 1 0.000000 0.000000 0.000000
6013 cob 1 0.000000 0.000000 0.000000
6014 cob 1 0.000000 0.000000 0.000000
6015 cob 1 0.000000 0.000000 0.000000
6016 cob 1 0.000000 0.000000 0.000000
6017 cob 1 0.000000 0.000000 0.000000
6018 cob 1 0.000000 0.000000 0.000000
6019 cob 1 0.000000 0.000000 0.000000
6020 cob 1 0.000000 0.000000 0.000000
6021 cob 1 0.000000 0.000000 0.000000
6022 cob 1 0.000000 0.000000 0.000000
6023 cob 1 0.000000 0.000000 0.000000
6024 cob 1 0.000000 0.000000 0.000000
6025 cob 1 0.000000 0.000000 0.000000
6026 cob 1 0.000000 0.000000 0.000000
6027 cob 1 0.000000 0.000000 0.000000
6028 cob 1 0.000000 0.000000 0.000000
6029 cob 1 0.000000 0.000000 0.000000
6030 cob 1 0.000000 0.000000 0.000000
6031 cob 1 0.000000 0.000000 0.000000
6032 cob 1 0.000000 0.000000 0.000000
6033 cob 1 0.000000 0.000000 0.000000
6034 cob 1 0.000000 0.000000 0.000000
6035 cob 1 0.000000 0.000000 0.000000
6036 cob 1 0.000000 0.000000 0.000000
6037 cob 1 0.000000 0.000000 0.000000
6038 cob 1 0.000000 0.000000 0.000000
6039 cob 1 0.000000 0.000000 0.000000
6040 cob 1 0.000000 0.000000 0.000000
6041 cob 1 0.000000 0.000000 0.000000
6042 cob 1 0.000000 0.000000 0.000000
6043 cob 1 0.000000 0.000000 0.000000
6044 cob 1 0.000000 0.000000 0.000000
6045 cob 1 0.000000 0.000000 0.000000
6046 cob 1 0.000000 0.000000 0.000000
6047 cob 1 0.000000 0.000000 0.000000
6048 cob 1 0.000000 0.000000 0.000000
6049 cob 1 0.000000 0.000000 0.000000
6050 cob 1 0.000000 0.000000 0.000000
6051 cob 1 0.000000 0.000000 0.000000
6052 cob 1 0.000000 0.000000 0.000000
6053 cob 1 0.000000 0.000000 0.000000
6054 cob 1 0.000000 0.000000 0.000000
6055 cob 1 0.000000 0.000000 0.000000
6056 cob 1 0.000000 0.000000 0.000000
6057 cob 1 0.000000 0.000000 0.000000
6058 cob 1 0.000000 0.000000 0.000000
6059 cob 1 0.000000 0.000000 0.000000
6060 cob 1 0.000000 0.000000 0.000000
6061 cob 1 0.000000 0.000000 0.000000
6062 cob 1 0.000000 0.000000 0.000000
6063 cob 1 0.000000 0.000000 0.000000
6064 cob 1 0.000000 0.000000 0.000000
6065 cob 1 0.000000 0.000000 0.000000
6066 cob 1 0.000000 0.000000 0.000000
6067 cob 1 0.000000 0.000000 0.000000
6068 cob 1 0.000000 0.000000 0.000000
6069 cob 1 0.000000 0.000000 0.000000
6070 cob 1 0.000000 0.000000 0.000000
6071 cob 1 0.000000 0.000000 0.000000
6072 cob 1 0.000000 0.000000 0.000000
6073 cob 1 0.000000 0.000000 0.000000
6074 cob 1 0.000000 0.000000 0.000000
6075 cob 1 0.000000 0.000000 0.000000
6076 cob 1 0.000000 0.000000 0.000000
6077 cob 1 0.000000 0.000000 0.000000
6078 cob 1 0.000000 0.000000 0.000000
6079 cob 1 0.000000 0.000000 0.000000
6080 cob 1 0.000000 0.000000 0.000000
6081 cob 1 0.000000 0.000000 0.000000
6082 cob 1 0.000000 0.000000 0.000000
6083 cob 1 0.000000 0.000000 0.000000
6084 cob 1 0.000000 0.000000 0.000000
6085 cob 1 0.000000 0.000000 0.000000
6086 cob 1 0.000000 0.000000 0.000000
6087 cob 1 0.000000 0.000000 0.000000
6088 cob 1 0.000000 0.000000 0.000000
6089 cob 1 0.000000 0.000000 0.000000
6090 cob 1 0.000000 0.000000 0.000000
6091 cob 1 0.000000 0.000000 0.000000
6092 cob 1 0.000000 0.000000 0.000000
6093 cob 1 0.000000 0.000000 0.000000
6094 cob 1 0.000000 0.000000 0.000000
6095 cob 1 0.000000 0.000000 0.000000
6096 cob 1 0.000000 0.000000 0.000000
6097 cob 1 0.000000 0.000000 0.000000
6098 cob 1 0.000000 0.000000 0.000000
6099 cob 1 0.000000 0.000000 0.000000
6100 cob 1 0.000000 0.000000 0.000000
6101 cob 1 0.000000 0.000000 0.000000
6102 cob 1 0.000000 0.000000 0.000000
6103 cob 1 0.000000 0.000000 0.000000
6104 cob 1 0.000000 0.000000 0.000000
6105 cob 1 0.000000 0.000000 0.000000
6106 cob 1 0.000000 0.000000 0.000000
6107 cob 1 0.000000 0.000000 0.000000
6108 cob 1 0.000000 0.000000 0.000000
6109 cob 1 0.000000 0.000000 0.000000
6110 cob 1 0.000000 0.000000 0.000000
6111 cob 1 0.000000 0.000000 0.000000
6112 cob 1 0.000000 0.000000 0.000000
6113 cob 1 0.000000 0.000000 0.000000
6114 cob 1 0.000000 0.000000 0.000000
6115 cob 1 0.000000 0.000000 0.000000
6116 cob 1 0.000000 0.000000 0.000000
6117 cob 1 0.000000 0.000000 0.000000
6118 cob 1 0.000000 0.000000 0.000000
6119 cob 1 0.000000 0.000000 0.000000
6120 cob 1 0.000000 0.000000 0.000000
6121 cob 1 0.000000 0.000000 0.000000
6122 cob 1 0.000000 0.000000 0.000000
6123 cob 1 0.000000 0.000000 0.000000
6124 cob 1 0.000000 0.000000 0.000000
6125 cob 1 0.000000 0.000000 0.000000
6126 cob 1 0.000000 0.000000 0.000000
6127 cob 1 0.000000 0.000000 0.000000
6128 cob 1 0.000000 0.000000 0.000000
6129 cob 1 0.000000 0.000000 0.000000
6130 cob 1 0.000000 0.000000 0.000000
6131 cob 1 0.000000 0.000000 0.000000
6132 cob 1 0.000000 0.000000 0.000000
6133 cob 1 0.000000 0.000000 0.000000
6134 cob 1 0.000000 0.000000 0.000000
6135 cob 1 0.000000 0.000000 0.000000
6136 cob 1 0.000000 0.000000 0.000000
6137 cob 1 0.000000 0.000000 0.000000
6138 cob 1 0.000000 0.000000 0.000000
6139 cob 1 0.000000 0.000000 0.000000
6140 cob 1 0.000000 0.000000 0.000000
6141 cob 1 0.000000 0.000000 0.000000
6142 cob 1 0.000000 0.000000 0.000000
6143 cob 1 0.000000 0.000000 0.000000
6144 cob 1 0.000000 0.000000 0.000000
6145 cob 1 0.000000 0.000000 0.000000
6146 cob 1 0.000000 0.000000 0.000000
6147 cob 1 0.000000 0.000000 0.000000
6148 cob 1 0.000000 0.000000 0.000000
6149 cob 1 0.000000 0.000000 0.000000
6150 cob 1 0.000000 0.000000 0.000000
6151 cob 1 0.000000 0.000000 0.000000
6152 cob 1 0.000000 0.000000 0.000000
6153 cob 1 0.000000 0.000000 0.000000
6154 cob 1 0.000000 0.000000 0.000000
6155 cob 1 0.000000 0.000000 0.000000
6156 cob 1 0.000000 0.000000 0.000000
6157 cob 1 0.000000 0.000000 0.000000
6158 cob 1 0.000000 0.537606 0.462394
6159 cob 1 83.508638 0.079861 0.920139
6160 cob 1 83.508638 0.081082 0.918918
6161 cob 1 83.508638 0.082302 0.917698
6162 cob 1 83.508638 0.083523 0.916477
6163 cob 1 83.508638 0.084744 0.915256
6164 cob 1 83.508638 0.085964 0.914036
6165 cob 1 83.508638 0.087185 0.912815
6166 cob 1 83.508638 0.088406 0.911594
6167 cob 1 83.508638 0.089626 0.910374
6168 cob 1 83.508638 0.090847 0.909153
6169 cob 1 83.508638 0.092068 0.907932
6170 cob 1 83.508638 0.093288 0.906712
6171 cob 1 83.508638 0.094509 0.905491
6172 cob 1 83.508638 0.095730 0.904270
6173 cob 1 83.508638 0.096950 0.903050
6174 cob 1 83.508638 0.098171 0.901829
6175 cob 1 83.508638 0.099392 0.900608
6176 cob 1 83.508638 0.100612 0.899388
6177 cob 1 83.508638 0.101833 0.898167
6178 cob 1 83.508638 0.103054 0.896946
6179 cob 1 83.508638 0.104274 0.895726
6180 cob 1 83.508638 0.105495 0.894505
6181 cob 1 83.508638 0.106715 0.893285
6182 cob 1 83.508638 0.107936 0.892064
6183 cob 1 83.508638 0.109157 0.890843
6184 cob 1 83.508638 0.110377 0.889623
6185 cob 1 83.508638 0.111598 0.888402
6186 cob 1 83.508638 0.112819 0.887181
6187 cob 1 83.508638 0.114039 0.885961
6188 cob 1 83.508638 0.115260 0.884740
6189 cob 1 83.508638 0.116481 0.883519
6190 cob 1 83.508638 0.117701 0.882299
6191 cob 1 83.508638 0.118922 0.881078
6192 cob 1 83.508638 0.120143 0.879857
6193 cob 1 83.508638 0.121363 0.878637
6194 cob 1 83.508638 0.122584 0.877416
6195 cob 1 83.508638 0.123805 0.876195
6196 cob 1 83.508638 0.125025 0.874975
6197 cob 1 83.508638 0.126246 0.873754
6198 cob 1 83.508638 0.127467 0.872533
6199 cob 1 83.508638 0.128687 0.871313
6200 cob 1 83.508638 0.129908 0.870092
6201 cob 1 83.508638 0.131129 0.868871
6202 cob 1 83.508638 0.132349 0.867651
6203 cob 1 83.508638 0.133570 0.866430
6204 cob 1 83.508638 0.134791 0.865209
6205 cob 1 83.508638 0.136011 0.863989
6206 cob 1 83.508638 0.137232 0.862768
6207 cob 1 83.508638 0.138452 0.861548
6208 cob 1 83.508638 0.139673 0.860327
6209 cob 1 83.508638 0.140894 0.859106
6210 cob 1 83.508638 0.142114 0.857886
6211 cob 1 83.508638 0.143335 0.856665
6212 cob 1 83.508638 0.144556 0.855444
6213 cob 1 83.508638 0.145776 0.854224
6214 cob 1 83.508638 0.146997 0.853003
6215 cob 1 83.508638 0.148218 0.851782
6216 cob 1 83.508638 0.149438 0.850562
6217 cob 1 83.508638 0.150659 0.849341
6218 cob 1 83.508638 0.151880 0.848120
6219 cob 1 83.508638 0.153100 0.846900
6220 cob 1 83.508638 0.154321 0.845679
6221 cob 1 83.508638 0.155542 0.844458
6222 cob 1 83.508638 0.156762 0.843238
6223 cob 1 83.508638 0.157983 0.842017
6224 cob 1 83.508638 0.159204 0.840796
6225 cob 1 83.508638 0.160424 0.839576
6226 cob 1 83.508638 0.161645 0.838355
6227 cob 1 83.508638 0.162866 0.837134
6228 cob 1 83.508638 0.164086 0.835914
6229 cob 1 83.508638 0.165307 0.834693
6230 cob 1 83.508638 0.166528 0.833472
6231 cob 1 83.508638 0.167748 0.832252
6232 cob 1 83.508638 0.168969 0.831031
6233 cob 1 83.508638 0.170189 0.829811
6234 cob 1 83.508638 0.171410 0.828590
6235 cob 1 83.508638 0.172631 0.827369
6236 cob 1 83.508638 0.173851 0.826149
6237 cob 1 83.508638 0.175072 0.824928
6238 cob 1 83.508638 0.176293 0.823707
6239 cob 1 83.508638 0.177513 0.822487
6240 cob 1 83.508638 0.178734 0.821266
6241 cob 1 83.508638 0.179955 0.820045
6242 cob 1 83.508638 0.181175 0.818825
6243 cob 1 83.508638 0.182396 0.817604
6244 cob 1 83.508638 0.183617 0.816383
6245 cob 1 83.508638 0.184837 0.815163
6246 cob 1 83.508638 0.186058 0.813942
6247 cob 1 83.508638 0.187279 0.812721
6248 cob 1 83.508638 0.188499 0.811501
6249 cob 1 83.508638 0.189720 0.810280
6250 cob 1 83.508638 0.190941 0.809059
6251 cob 1 83.508638 0.192161 0.807839
6252 cob 1 83.508638 0.193382 0.806618
6253 cob 1 83.508638 0.194603 0.805397
6254 cob 1 83.508638 0.195823 0.804177
6255 cob 1 83.508638 0.197044 0.802956
6256 cob 1 83.508638 0.198265 0.801735
6257 cob 1 83.508638 0.199485 0.800515
6258 cob 1 83.508638 0.200706 0.799294
6259 cob 1 83.508638 0.201926 0.798074
6260 cob 1 83.508638 0.203147 0.796853
6261 cob 1 83.508638 0.204368 0.795632
6262 cob 1 83.508638 0.205588 0.794412
6263 cob 1 83.508638 0.206809 0.793191
6264 cob 1 83.508638 0.208030 0.791970
6265 cob 1 83.508638 0.209250 0.790750
6266 cob 1 83.508638 0.210471 0.789529
6267 cob 1 83.508638 0.211692 0.788308
6268 cob 1 83.508638 0.212912 0.787088
6269 cob 1 83.508638 0.214133 0.785867
6270 cob 1 83.508638 0.215354 0.784646
6271 cob 1 83.508638 0.216574 0.783426
6272 cob 1 83.508638 0.217795 0.782205
6273 cob 1 83.508638 0.219016 0.780984
6274 cob 1 83.508638 0.220236 0.779764
6275 cob 1 83.508638 0.221457 0.778543
6276 cob 1 83.508638 0.222678 0.777322
6277 cob 1 83.508638 0.223898 0.776102
6278 cob 1 83.508638 0.225119 0.774881
6279 cob 1 83.508638 0.226340 0.773660
6280 cob 1 83.508638 0.227560 0.772440
6281 cob 1 83.508638 0.228781 0.771219
6282 cob 1 83.508638 0.230002 0.769998
6283 cob 1 83.508638 0.231222 0.768778
6284 cob 1 83.508638 0.232443 0.767557
6285 cob 1 83.508638 0.233663 0.766337
6286 cob 1 83.508638 0.234884 0.765116
6287 cob 1 83.508638 0.236105 0.763895
6288 cob 1 83.508638 0.237325 0.762675
6289 cob 1 83.508638 0.238546 0.761454
6290 cob 1 83.508638 0.239767 0.760233
6291 cob 1 83.508638 0.240987 0.759013
6292 cob 1 83.508638 0.242208 0.757792
6293 cob 1 83.508638 0.243429 0.756571
6294 cob 1 83.508638 0.244649 0.755351
6295 cob 1 83.508638 0.245870 0.754130
6296 cob 1 83.508638 0.247091 0.752909
6297 cob 1 83.508638 0.248311 0.751689
6298 cob 1 83.508638 0.249532 0.750468
6299 cob 1 83.508638 0.250753 0.749247
6300 cob 1 83.508638 0.251973 0.748027
6301 cob 1 83.508638 0.253194 0.746806
6302 cob 1 83.508638 0.254415 0.745585
6303 cob 1 83.508638 0.255635 0.744365
6304 cob 1 83.508638 0.256856 0.743144
6305 cob 1 83.508638 0.258077 0.741923
6306 cob 1 83.508638 0.259297 0.740703
6307 cob 1 83.508638 0.260518 0.739482
6308 cob 1 83.508638 0.261739 0.738261
6309 cob 1 83.508638 0.262959 0.737041
6310 cob 1 83.508638 0.264180 0.735820
6311 cob 1 83.508638 0.265400 0.734600
6312 cob 1 83.508638 0.266621 0.733379
6313 cob 1 83.508638 0.267842 0.732158
6314 cob 1 83.508638 0.269062 0.730938
6315 cob 1 83.508638 0.270283 0.729717
6316 cob 1 83.508638 0.271504 0.728496
6317 cob 1 83.508638 0.272724 0.727276
6318 cob 1 83.508638 0.273945 0.726055
6319 cob 1 83.508638 0.275166 0.724834
6320 cob 1 83.508638 0.276386 0.723614
6321 cob 1 83.508638 0.277607 0.722393
6322 cob 1 83.508638 0.278828 0.721172
6323 cob 1 83.508638 0.280048 0.719952
6324 cob 1 83.508638 0.281269 0.718731
6325 cob 1 83.508638 0.282490 0.717510
6326 cob 1 83.508638 0.283710 0.716290
6327 cob 1 83.508638 0.284931 0.715069
6328 cob 1 83.508638 0.286152 0.713848
6329 cob 1 83.508638 0.287372 0.712628
6330 cob 1 83.508638 0.288593 0.711407
6331 cob 1 83.508638 0.289814 0.710186
6332 cob 1 83.508638 0.291034 0.708966
6333 cob 1 83.508638 0.292255 0.707745
6334 cob 1 83.508638 0.293476 0.706524
6335 cob 1 83.508638 0.294696 0.705304
6336 cob 1 83.508638 0.295917 0.704083
6337 cob 1 83.508638 0.297137 0.702863
6338 cob 1 83.508638 0.298358 0.701642
6339 cob 1 83.508638 0.299579 0.700421
6340 cob 1 83.508638 0.300799 0.699201
6341 cob 1 83.508638 0.302020 0.697980
6342 cob 1 83.508638 0.303241 0.696759
6343 cob 1 83.508638 0.304461 0.695539
6344 cob 1 83.508638 0.305682 0.694318
6345 cob 1 83.508638 0.306903 0.693097
6346 cob 1 83.508638 0.308123 0.691877
6347 cob 1 83.508638 0.309344 0.690656
6348 cob 1 83.508638 0.310565 0.689435
6349 cob 1 83.508638 0.311785 0.688215
6350 cob 1 83.508638 0.313006 0.686994
6351 cob 1 83.508638 0.314227 0.685773
6352 cob 1 83.508638 0.315447 0.684553
6353 cob 1 83.508638 0.316668 0.683332
6354 cob 1 83.508638 0.317889 0.682111
6355 cob 1 83.508638 0.319109 0.680891
6356 cob 1 83.508638 0.320330 0.679670
6357 cob 1 83.508638 0.321551 0.678449
6358 cob 1 83.508638 0.322771 0.677229
6359 cob 1 83.508638 0.323992 0.676008
6360 cob 1 83.508638 0.325213 0.674787
6361 cob 1 83.508638 0.326433 0.673567
6362 cob 1 83.508638 0.327654 0.672346
6363 cob 1 83.508638 0.328874 0.671126
6364 cob 1 83.508638 0.330095 0.669905
6365 cob 1 83.508638 0.331316 0.668684
6366 cob 1 83.508638 0.332536 0.667464
6367 cob 1 83.508638 0.333757 0.666243
6368 cob 1 83.508638 0.334978 0.665022
6369 cob 1 83.508638 0.336198 0.663802
6370 cob 1 83.508638 0.337419 0.662581
6371 cob 1 83.508638 0.338640 0.661360
6372 cob 1 83.508638 0.339860 0.660140
6373 cob 1 83.508638 0.341081 0.658919
6374 cob 1 83.508638 0.342302 0.657698
6375 cob 1 83.508638 0.343522 0.656478
6376 cob 1 83.508638 0.344743 0.655257
6377 cob 1 83.508638 0.345964 0.654036
6378 cob 1 83.508638 0.347184 0.652816
6379 cob 1 83.508638 0.348405 0.651595
6380 cob 1 83.508638 0.349626 0.650374
6381 cob 1 83.508638 0.350846 0.649154
6382 cob 1 83.508638 0.352067 0.647933
6383 cob 1 83.508638 0.353288 0.646712
6384 cob 1 83.508638 0.354508 0.645492
6385 cob 1 83.508638 0.355729 0.644271
6386 cob 1 83.508638 0.356950 0.643050
6387 cob 1 83.508638 0.358170 0.641830
6388 cob 1 83.508638 0.359391 0.640609
6389 cob 1 83.508638 0.360611 0.639389
6390 cob 1 83.508638 0.361832 0.638168
6391 cob 1 83.508638 0.363053 0.636947
6392 cob 1 83.508638 0.364273 0.635727
6393 cob 1 83.508638 0.365494 0.634506
6394 cob 1 83.508638 0.366715 0.633285
6395 cob 1 83.508638 0.367935 0.632065
6396 cob 1 83.508638 0.369156 0.630844
6397 cob 1 83.508638 0.370377 0.629623
6398 cob 1 83.508638 0.371597 0.628403
6399 cob 1 83.508638 0.372818 0.627182
6400 cob 1 83.508638 0.374039 0.625961
6401 cob 1 83.508638 0.375259 0.624741
6402 cob 1 83.508638 0.376480 0.623520
6403 cob 1 83.508638 0.377701 0.622299
6404 cob 1 83.508638 0.378921 0.621079
6405 cob 1 83.508638 0.380142 0.619858
6406 cob 1 83.508638 0.381363 0.618637
6407 cob 1 83.508638 0.382583 0.617417
6408 cob 1 83.508638 0.383804 0.616196
6409 cob 1 83.508638 0.385025 0.614975
6410 cob 1 83.508638 0.386245 0.613755
6411 cob 1 83.508638 0.387466 0.612534
6412 cob 1 83.508638 0.388687 0.611313
6413 cob 1 83.508638 0.389907 0.610093
6414 cob 1 83.508638 0.391128 0.608872
6415 cob 1 83.508638 0.392348 0.607652
6416 cob 1 83.508638 0.393569 0.606431
6417 cob 1 83.508638 0.394790 0.605210
6418 cob 1 83.508638 0.396010 0.603990
6419 cob 1 83.508638 0.397231 0.602769
6420 cob 1 83.508638 0.398452 0.601548
6421 cob 1 83.508638 0.399672 0.600328
6422 cob 1 83.508638 0.400893 0.599107
6423 cob 1 83.508638 0.402114 0.597886
6424 cob 1 83.508638 0.403334 0.596666
6425 cob 1 83.508638 0.404555 0.595445
6426 cob 1 83.508638 0.405776 0.594224
6427 cob 1 83.508638 0.406996 0.593004
6428 cob 1 83.508638 0.408217 0.591783
6429 cob 1 83.508638 0.409438 0.590562
6430 cob 1 83.508638 0.410658 0.589342
6431 cob 1 83.508638 0.411879 0.588121
6432 cob 1 83.508638 0.413100 0.586900
6433 cob 1 83.508638 0.414320 0.585680
6434 cob 1 83.508638 0.415541 0.584459
6435 cob 1 83.508638 0.416762 0.583238
6436 cob 1 83.508638 0.417982 0.582018
6437 cob 1 83.508638 0.419203 0.580797
6438 cob 1 83.508638 0.420423 0.579577
6439 cob 1 83.508638 0.421644 0.578356
6440 cob 1 83.508638 0.422865 0.577135
6441 cob 1 83.508638 0.424085 0.575915
6442 cob 1 83.508638 0.425306 0.574694
6443 cob 1 83.508638 0.426527 0.573473
6444 cob 1 83.508638 0.427747 0.572253
6445 cob 1 83.508638 0.428968 0.571032
6446 cob 1 83.508638 0.430189 0.569811
6447 cob 1 83.508638 0.431409 0.568591
6448 cob 1 83.508638 0.432630 0.567370
6449 cob 1 83.508638 0.433851 0.566149
6450 cob 1 83.508638 0.435071 0.564929
6451 cob 1 83.508638 0.436292 0.563708
6452 cob 1 83.508638 0.437513 0.562487
6453 cob 1 83.508638 0.438733 0.561267
6454 cob 1 83.508638 0.439954 0.560046
6455 cob 1 83.508638 0.441175 0.558825
6456 cob 1 83.508638 0.442395 0.557605
6457 cob 1 83.508638 0.443616 0.556384
6458 cob 1 83.508638 0.444837 0.555163
6459 cob 1 83.508638 0.446057 0.553943
6460 cob 1 83.508638 0.447278 0.552722
6461 cob 1 83.508638 0.448499 0.551501
6462 cob 1 83.508638 0.449719 0.550281
6463 cob 1 83.508638 0.450940 0.549060
6464 cob 1 83.508638 0.452160 0.547840
6465 cob 1 83.508638 0.453381 0.546619
6466 cob 1 83.508638 0.454602 0.545398
6467 cob 1 83.508638 0.455822 0.544178
6468 cob 1 83.508638 0.457043 0.542957
6469 cob 1 83.508638 0.458264 0.541736
6470 cob 1 83.508638 0.459484 0.540516
6471 cob 1 83.508638 0.460705 0.539295
6472 cob 1 83.508638 0.461926 0.538074
6473 cob 1 83.508638 0.463146 0.536854
6474 cob 1 83.508638 0.464367 0.535633
6475 cob 1 83.508638 0.465588 0.534412
6476 cob 1 83.508638 0.466808 0.533192
6477 cob 1 83.508638 0.468029 0.531971
6478 cob 1 83.508638 0.469250 0.530750
6479 cob 1 83.508638 0.470470 0.529530
6480 cob 1 83.508638 0.471691 0.528309
6481 cob 1 83.508638 0.472912 0.527088
6482 cob 1 83.508638 0.474132 0.525868
6483 cob 1 83.508638 0.475353 0.524647
6484 cob 1 83.508638 0.476574 0.523426
6485 cob 1 83.508638 0.477794 0.522206
6486 cob 1 83.508638 0.479015 0.520985
6487 cob 1 83.508638 0.480236 0.519764
6488 cob 1 83.508638 0.481456 0.518544
6489 cob 1 83.508638 0.482677 0.517323
6490 cob 1 83.508638 0.483897 0.516103
6491 cob 1 83.508638 0.485118 0.514882
6492 cob 1 83.508638 0.486339 0.513661
6493 cob 1 83.508638 0.487559 0.512441
6494 cob 1 83.508638 0.488780 0.511220
6495 cob 1 83.508638 0.490001 0.509999
6496 cob 1 83.508638 0.491221 0.508779
6497 cob 1 83.508638 0.492442 0.507558
6498 cob 1 83.508638 0.493663 0.506337
6499 cob 1 83.508638 0.494883 0.505117
6500 cob 1 83.508638 0.496104 0.503896
6501 cob 1 83.508638 0.497325 0.502675
6502 cob 1 83.508638 0.498545 0.501455
6503 cob 1 83.508638 0.499766 0.500234
6504 cob 1 83.508638 0.500987 0.499013
6505 cob 1 83.508638 0.502207 0.497793
6506 cob 1 83.508638 0.503428 0.496572
6507 cob 1 83.508638 0.504649 0.495351
6508 cob 1 83.508638 0.505869 0.494131
6509 cob 1 83.508638 0.507090 0.492910
6510 cob 1 83.508638 0.508311 0.491689
6511 cob 1 83.508638 0.509531 0.490469
6512 cob 1 83.508638 0.510752 0.489248
6513 cob 1 83.508638 0.511973 0.488027
6514 cob 1 83.508638 0.513193 0.486807
6515 cob 1 83.508638 0.514414 0.485586
6516 cob 1 83.508638 0.515634 0.484366
6517 cob 1 83.508638 0.516855 0.483145
6518 cob 1 83.508638 0.518076 0.481924
6519 cob 1 83.508638 0.519296 0.480704
6520 cob 1 83.508638 0.520517 0.479483
6521 cob 1 83.508638 0.521738 0.478262
6522 cob 1 83.508638 0.522958 0.477042
6523 cob 1 83.508638 0.524179 0.475821
6524 cob 1 83.508638 0.525400 0.474600
6525 cob 1 83.508638 0.526620 0.473380
6526 cob 1 83.508638 0.527841 0.472159
6527 cob 1 83.508638 0.529062 0.470938
6528 cob 1 83.508638 0.530282 0.469718
6529 cob 1 83.508638 0.531503 0.468497
6530 cob 1 83.508638 0.532724 0.467276
6531 cob 1 83.508638 0.533944 0.466056
6532 cob 1 83.508638 0.535165 0.464835
6533 cob 1 83.508638 0.536386 0.463614
6534 cob 1 83.508638 0.537606 0.462394
6535 cob 1 83.508638 0.538827 0.461173
6536 cob 1 83.508638 0.540048 0.459952
6537 cob 1 83.508638 0.541268 0.458732
6538 cob 1 83.508638 0.542489 0.457511
6539 cob 1 83.508638 0.543710 0.456290
6540 cob 1 83.508638 0.544930 0.455070
6541 cob 1 83.508638 0.546151 0.453849
6542 cob 1 83.508638 0.547371 0.452629
6543 cob 1 83.508638 0.548592 0.451408
6544 cob 1 83.508638 0.549813 0.450187
6545 cob 1 83.508638 0.551033 0.448967
6546 cob 1 83.508638 0.552254 0.447746
6547 cob 1 83.508638 0.553475 0.446525
6548 cob 1 83.508638 0.554695 0.445305
6549 cob 1 83.508638 0.555916 0.444084
6550 cob 1 83.508638 0.557137 0.442863
6551 cob 1 83.508638 0.558357 0.441643
6552 cob 1 83.508638 0.559578 0.440422
6553 cob 1 83.508638 0.560799 0.439201
6554 cob 1 83.508638 0.562019 0.437981
6555 cob 1 83.508638 0.563240 0.436760
6556 cob 1 83.508638 0.564461 0.435539
6557 cob 1 83.508638 0.565681 0.434319
6558 cob 1 83.508638 0.566902 0.433098
6559 cob 1 83.508638 0.568123 0.431877
6560 cob 1 83.508638 0.569343 0.430657
6561 cob 1 83.508638 0.570564 0.429436
6562 cob 1 83.508638 0.571785 0.428215
6563 cob 1 83.508638 0.573005 0.426995
6564 cob 1 83.508638 0.574226 0.425774
6565 cob 1 83.508638 0.575447 0.424553
6566 cob 1 83.508638 0.576667 0.423333
6567 cob 1 83.508638 0.577888 0.422112
6568 cob 1 83.508638 0.579108 0.420892
6569 cob 1 83.508638 0.580329 0.419671
6570 cob 1 83.508638 0.581550 0.418450
6571 cob 1 83.508638 0.582770 0.417230
6572 cob 1 83.508638 0.583991 0.416009
6573 cob 1 83.508638 0.585212 0.414788
6574 cob 1 83.508638 0.586432 0.413568
6575 cob 1 83.508638 0.587653 0.412347
6576 cob 1 83.508638 0.588874 0.411126
6577 cob 1 83.508638 0.590094 0.409906
6578 cob 1 83.508638 0.591315 0.408685
6579 cob 1 83.508638 0.592536 0.407464
6580 cob 1 83.508638 0.593756 0.406244
6581 cob 1 83.508638 0.594977 0.405023
6582 cob 1 83.508638 0.596198 0.403802
6583 cob 1 83.508638 0.597418 0.402582
6584 cob 1 83.508638 0.598639 0.401361
6585 cob 1 83.508638 0.599860 0.400140
6586 cob 1 83.508638 0.601080 0.398920
6587 cob 1 83.508638 0.602301 0.397699
6588 cob 1 83.508638 0.603522 0.396478
6589 cob 1 83.508638 0.604742 0.395258
6590 cob 1 83.508638 0.605963 0.394037
6591 cob 1 83.508638 0.607184 0.392816
6592 cob 1 83.508638 0.608404 0.391596
6593 cob 1 83.508638 0.609625 0.390375
6594 cob 1 83.508638 0.610845 0.389155
6595 cob 1 83.508638 0.612066 0.387934
6596 cob 1 83.508638 0.613287 0.386713
6597 cob 1 83.508638 0.614507 0.385493
6598 cob 1 83.508638 0.615728 0.384272
6599 cob 1 83.508638 0.616949 0.383051
6600 cob 1 83.508638 0.618169 0.381831
6601 cob 1 83.508638 0.619390 0.380610
6602 cob 1 83.508638 0.620611 0.379389
6603 cob 1 83.508638 0.621831 0.378169
6604 cob 1 83.508638 0.623052 0.376948
6605 cob 1 83.508638 0.624273 0.375727
6606 cob 1 83.508638 0.625493 0.374507
6607 cob 1 83.508638 0.626714 0.373286
6608 cob 1 83.508638 0.627935 0.372065
6609 cob 1 83.508638 0.629155 0.370845
6610 cob 1 83.508638 0.630376 0.369624
6611 cob 1 83.508638 0.631597 0.368403
6612 cob 1 83.508638 0.632817 0.367183
6613 cob 1 83.508638 0.634038 0.365962
6614 cob 1 83.508638 0.635259 0.364741
6615 cob 1 83.508638 0.636479 0.363521
6616 cob 1 83.508638 0.637700 0.362300
6617 cob 1 83.508638 0.638921 0.361079
6618 cob 1 83.508638 0.640141 0.359859
6619 cob 1 83.508638 0.641362 0.358638
6620 cob 1 83.508638 0.642582 0.357418
6621 cob 1 83.508638 0.643803 0.356197
6622 cob 1 83.508638 0.645024 0.354976
6623 cob 1 83.508638 0.646244 0.353756
6624 cob 1 83.508638 0.647465 0.352535
6625 cob 1 83.508638 0.648686 0.351314
6626 cob 1 83.508638 0.649906 0.350094
6627 cob 1 83.508638 0.651127 0.348873
6628 cob 1 83.508638 0.652348 0.347652
6629 cob 1 83.508638 0.653568 0.346432
6630 cob 1 83.508638 0.654789 0.345211
6631 cob 1 83.508638 0.656010 0.343990
6632 cob 1 83.508638 0.657230 0.342770
6633 cob 1 83.508638 0.658451 0.341549
6634 cob 1 83.508638 0.659672 0.340328
6635 cob 1 83.508638 0.660892 0.339108
6636 cob 1 83.508638 0.662113 0.337887
6637 cob 1 83.508638 0.663334 0.336666
6638 cob 1 83.508638 0.664554 0.335446
6639 cob 1 83.508638 0.665775 0.334225
6640 cob 1 83.508638 0.666996 0.333004
6641 cob 1 83.508638 0.668216 0.331784
6642 cob 1 83.508638 0.669437 0.330563
6643 cob 1 83.508638 0.670658 0.329342
6644 cob 1 83.508638 0.671878 0.328122
6645 cob 1 83.508638 0.673099 0.326901
6646 cob 1 83.508638 0.674319 0.325681
6647 cob 1 83.508638 0.675540 0.324460
6648 cob 1 83.508638 0.676761 0.323239
6649 cob 1 83.508638 0.677981 0.322019
6650 cob 1 83.508638 0.679202 0.320798
6651 cob 1 83.508638 0.680423 0.319577
6652 cob 1 83.508638 0.681643 0.318357
6653 cob 1 83.508638 0.682864 0.317136
6654 cob 1 83.508638 0.684085 0.315915
6655 cob 1 83.508638 0.685305 0.314695
6656 cob 1 83.508638 0.686526 0.313474
6657 cob 1 83.508638 0.687747 0.312253
6658 cob 1 83.508638 0.688967 0.311033
6659 cob 1 83.508638 0.690188 0.309812
6660 cob 1 83.508638 0.691409 0.308591
6661 cob 1 83.508638 0.692629 0.307371
6662 cob 1 83.508638 0.693850 0.306150
6663 cob 1 83.508638 0.695071 0.304929
6664 cob 1 83.508638 0.696291 0.303709
6665 cob 1 83.508638 0.697512 0.302488
6666 cob 1 83.508638 0.698733 0.301267
6667 cob 1 83.508638 0.699953 0.300047
6668 cob 1 83.508638 0.701174 0.298826
6669 cob 1 83.508638 0.702395 0.297605
6670 cob 1 83.508638 0.703615 0.296385
6671 cob 1 83.508638 0.704836 0.295164
6672 cob 1 83.508638 0.706056 0.293944
6673 cob 1 83.508638 0.707277 0.292723
6674 cob 1 83.508638 0.708498 0.291502
6675 cob 1 83.508638 0.709718 0.290282
6676 cob 1 83.508638 0.710939 0.289061
6677 cob 1 83.508638 0.712160 0.287840
6678 cob 1 83.508638 0.713380 0.286620
6679 cob 1 83.508638 0.714601 0.285399
6680 cob 1 83.508638 0.715822 0.284178
6681 cob 1 83.508638 0.717042 0.282958
6682 cob 1 83.508638 0.718263 0.281737
6683 cob 1 83.508638 0.719484 0.280516
6684 cob 1 83.508638 0.720704 0.279296
6685 cob 1 83.508638 0.721925 0.278075
6686 cob 1 83.508638 0.723146 0.276854
6687 cob 1 83.508638 0.724366 0.275634
6688 cob 1 83.508638 0.725587 0.274413
6689 cob 1 83.508638 0.726808 0.273192
6690 cob 1 83.508638 0.728028 0.271972
6691 cob 1 83.508638 0.729249 0.270751
6692 cob 1 83.508638 0.730470 0.269530
6693 cob 1 83.508638 0.731690 0.268310
6694 cob 1 83.508638 0.732911 0.267089
6695 cob 1 83.508638 0.734132 0.265868
6696 cob 1 83.508638 0.735352 0.264648
6697 cob 1 83.508638 0.736573 0.263427
6698 cob 1 83.508638 0.737793 0.262207
6699 cob 1 83.508638 0.739014 0.260986
6700 cob 1 83.508638 0.740235 0.259765
6701 cob 1 83.508638 0.741455 0.258545
6702 cob 1 83.508638 0.742676 0.257324
6703 cob 1 83.508638 0.743897 0.256103
6704 cob 1 83.508638 0.745117 0.254883
6705 cob 1 83.508638 0.746338 0.253662
6706 cob 1 83.508638 0.747559 0.252441
6707 cob 1 83.508638 0.748779 0.251221
6708 cob 1 83.508638 0.750000 0.250000
6709 cob 1 83.508638 0.751221 0.248779
6710 cob 1 83.508638 0.752441 0.247559
6711 cob 1 83.508638 0.753662 0.246338
6712 cob 1 83.508638 0.754883 0.245117
6713 cob 1 83.508638 0.756103 0.243897
6714 cob 1 83.508638 0.757324 0.242676
6715 cob 1 83.508638 0.758545 0.241455
6716 cob 1 83.508638 0.759765 0.240235
6717 cob 1 83.508638 0.760986 0.239014
6718 cob 1 83.508638 0.762207 0.237793
6719 cob 1 83.508638 0.763427 0.236573
6720 cob 1 83.508638 0.764648 0.235352
6721 cob 1 83.508638 0.765868 0.234132
6722 cob 1 83.508638 0.767089 0.232911
6723 cob 1 83.508638 0.768310 0.231690
6724 cob 1 83.508638 0.769530 0.230470
6725 cob 1 83.508638 0.770751 0.229249
6726 cob 1 83.508638 0.771972 0.228028
6727 cob 1 83.508638 0.773192 0.226808
6728 cob 1 83.508638 0.774413 0.225587
6729 cob 1 83.508638 0.775634 0.224366
6730 cob 1 83.508638 0.776854 0.223146
6731 cob 1 83.508638 0.778075 0.221925
6732 cob 1 83.508638 0.779296 0.220704
6733 cob 1 83.508638 0.780516 0.219484
6734 cob 1 83.508638 0.781737 0.218263
6735 cob 1 83.508638 0.782958 0.217042
6736 cob 1 83.508638 0.784178 0.215822
6737 cob 1 83.508638 0.785399 0.214601
6738 cob 1 83.508638 0.786620 0.213380
6739 cob 1 83.508638 0.787840 0.212160
6740 cob 1 83.508638 0.789061 0.210939
6741 cob 1 83.508638 0.790282 0.209718
6742 cob 1 83.508638 0.791502 0.208498
6743 cob 1 83.508638 0.792723 0.207277
6744 cob 1 83.508638 0.793944 0.206056
6745 cob 1 83.508638 0.795164 0.204836
6746 cob 1 83.508638 0.796385 0.203615
6747 cob 1 83.508638 0.797605 0.202395
6748 cob 1 83.508638 0.798826 0.201174
6749 cob 1 83.508638 0.800047 0.199953
6750 cob 1 83.508638 0.801267 0.198733
6751 cob 1 83.508638 0.802488 0.197512
6752 cob 1 83.508638 0.803709 0.196291
6753 cob 1 83.508638 0.804929 0.195071
6754 cob 1 83.508638 0.806150 0.193850
6755 cob 1 83.508638 0.807371 0.192629
6756 cob 1 83.508638 0.808591 0.191409
6757 cob 1 83.508638 0.809812 0.190188
6758 cob 1 83.508638 0.811033 0.188967
6759 cob 1 83.508638 0.812253 0.187747
6760 cob 1 83.508638 0.813474 0.186526
6761 cob 1 83.508638 0.814695 0.185305
6762 cob 1 83.508638 0.815915 0.184085
6763 cob 1 83.508638 0.817136 0.182864
6764 cob 1 83.508638 0.818357 0.181643
6765 cob 1 83.508638 0.819577 0.180423
6766 cob 1 83.508638 0.820798 0.179202
6767 cob 1 83.508638 0.822019 0.177981
6768 cob 1 83.508638 0.823239 0.176761
6769 cob 1 83.508638 0.824460 0.175540
6770 cob 1 83.508638 0.825681 0.174319
6771 cob 1 83.508638 0.826901 0.173099
6772 cob 1 83.508638 0.828122 0.171878
6773 cob 1 83.508638 0.829342 0.170658
6774 cob 1 83.508638 0.830563 0.169437
6775 cob 1 83.508638 0.831784 0.168216
6776 cob 1 83.508638 0.833004 0.166996
6777 cob 1 83.508638 0.834225 0.165775
6778 cob 1 83.508638 0.835446 0.164554
6779 cob 1 83.508638 0.836666 0.163334
6780 cob 1 83.508638 0.837887 0.162113
6781 cob 1 83.508638 0.839108 0.160892
6782 cob 1 83.508638 0.840328 0.159672
6783 cob 1 83.508638 0.841549 0.158451
6784 cob 1 83.508638 0.842770 0.157230
6785 cob 1 83.508638 0.843990 0.156010
6786 cob 1 83.508638 0.845211 0.154789
6787 cob 1 83.508638 0.846432 0.153568
6788 cob 1 83.508638 0.847652 0.152348
6789 cob 1 83.508638 0.848873 0.151127
6790 cob 1 83.508638 0.850094 0.149906
6791 cob 1 83.508638 0.851314 0.148686
6792 cob 1 83.508638 0.852535 0.147465
6793 cob 1 83.508638 0.853756 0.146244
6794 cob 1 83.508638 0.854976 0.145024
6795 cob 1 83.508638 0.856197 0.143803
6796 cob 1 83.508638 0.857418 0.142582
6797 cob 1 83.508638 0.858638 0.141362
6798 cob 1 83.508638 0.859859 0.140141
6799 cob 1 83.508638 0.861079 0.138921
6800 cob 1 83.508638 0.862300 0.137700
6801 cob 1 83.508638 0.863521 0.136479
6802 cob 1 83.508638 0.864741 0.135259
6803 cob 1 83.508638 0.865962 0.134038
6804 cob 1 83.508638 0.867183 0.132817
6805 cob 1 83.508638 0.868403 0.131597
6806 cob 1 83.508638 0.869624 0.130376
6807 cob 1 83.508638 0.870845 0.129155
6808 cob 1 83.508638 0.872065 0.127935
6809 cob 1 83.508638 0.873286 0.126714
6810 cob 1 83.508638 0.874507 0.125493
6811 cob 1 83.508638 0.875727 0.124273
6812 cob 1 83.508638 0.876948 0.123052
6813 cob 1 83.508638 0.878169 0.121831
6814 cob 1 83.508638 0.879389 0.120611
6815 cob 1 83.508638 0.880610 0.119390
6816 cob 1 83.508638 0.881831 0.118169
6817 cob 1 83.508638 0.883051 0.116949
6818 cob 1 83.508638 0.884272 0.115728
6819 cob 1 83.508638 0.885493 0.114507
6820 cob 1 83.508638 0.886713 0.113287
6821 cob 1 83.508638 0.887934 0.112066
6822 cob 1 83.508638 0.889155 0.110845
6823 cob 1 83.508638 0.890375 0.109625
6824 cob 1 83.508638 0.891596 0.108404
6825 cob 1 83.508638 0.892816 0.107184
6826 cob 1 83.508638 0.894037 0.105963
6827 cob 1 83.508638 0.895258 0.104742
6828 cob 1 83.508638 0.896478 0.103522
6829 cob 1 83.508638 0.897699 0.102301
6830 cob 1 83.508638 0.898920 0.101080
6831 cob 1 83.508638 0.900140 0.099860
6832 cob 1 83.508638 0.901361 0.098639
6833 cob 1 83.508638 0.902582 0.097418
6834 cob 1 83.508638 0.903802 0.096198
6835 cob 1 83.508638 0.905023 0.094977
6836 cob 1 83.508638 0.906244 0.093756
6837 cob 1 83.508638 0.907464 0.092536
6838 cob 1 83.508638 0.908685 0.091315
6839 cob 1 83.508638 0.909906 0.090094
6840 cob 1 83.508638 0.911126 0.088874
6841 cob 1 83.508638 0.912347 0.087653
6842 cob 1 83.508638 0.913568 0.086432
6843 cob 1 83.508638 0.914788 0.085212
6844 cob 1 83.508638 0.916009 0.083991
6845 cob 1 83.508638 0.917230 0.082770
6846 cob 1 83.508638 0.918450 0.081550
6847 cob 1 83.508638 0.919671 0.080329
6848 cob 1 83.508638 0.920892 0.079108
6849 cob 1 83.508638 0.922112 0.077888
6850 cob 1 83.508638 0.923333 0.076667
6851 cob 1 83.508638 0.924553 0.075447
6852 cob 1 83.508638 0.925774 0.074226
6853 cob 1 83.508638 0.926995 0.073005
6854 cob 1 83.508638 0.928215 0.071785
6855 cob 1 83.508638 0.929436 0.070564
6856 cob 1 83.508638 0.930657 0.069343
6857 cob 1 83.508638 0.931877 0.068123
6858 cob 1 83.508638 0.933098 0.066902
6859 cob 1 83.508638 0.934319 0.065681
6860 cob 1 83.508638 0.935539 0.064461
6861 cob 1 83.508638 0.936760 0.063240
6862 cob 1 83.508638 0.937981 0.062019
6863 cob 1 83.508638 0.939201 0.060799
6864 cob 1 83.508638 0.940422 0.059578
6865 cob 1 83.508638 0.941643 0.058357
6866 cob 1 83.508638 0.942863 0.057137
6867 cob 1 83.508638 0.944084 0.055916
6868 cob 1 83.508638 0.945305 0.054695
6869 cob 1 83.508638 0.946525 0.053475
6870 cob 1 83.508638 0.947746 0.052254
6871 cob 1 83.508638 0.948967 0.051033
6872 cob 1 83.508638 0.950187 0.049813
6873 cob 1 83.508638 0.951408 0.048592
6874 cob 1 83.508638 0.952629 0.047371
6875 cob 1 83.508638 0.953849 0.046151
6876 cob 1 83.508638 0.955070 0.044930
6877 cob 1 83.508638 0.956290 0.043710
6878 cob 1 83.508638 0.957511 0.042489
6879 cob 1 83.508638 0.958732 0.041268
6880 cob 1 83.508638 0.959952 0.040048
6881 cob 1 83.508638 0.961173 0.038827
6882 cob 1 83.508638 0.962394 0.037606
6883 cob 1 83.508638 0.963614 0.036386
6884 cob 1 83.508638 0.964835 0.035165
6885 cob 1 83.508638 0.966056 0.033944
6886 cob 1 83.508638 0.967276 0.032724
6887 cob 1 83.508638 0.968497 0.031503
6888 cob 1 83.508638 0.969718 0.030282
6889 cob 1 83.508638 0.970938 0.029062
6890 cob 1 83.508638 0.972159 0.027841
6891 cob 1 0.000000 0.000000 0.000000
14133 cob 1 0.000000 0.000000 0.000000
14134 cob 1 134.485452 0.009926 0.990074
14135 cob 1 134.485452 0.010753 0.989247
14136 cob 1 134.485452 0.011581 0.988419
14137 cob 1 134.485452 0.012409 0.987591
14138 cob 1 134.485452 0.013237 0.986763
14139 cob 1 134.485452 0.014065 0.985935
14140 cob 1 256.631146 0.028803 0.971197
14141 cob 1 256.631146 0.029625 0.970375
14142 cob 1 256.631146 0.030447 0.969553
14143 cob 1 256.631146 0.031269 0.968731
14144 cob 1 256.631146 0.032091 0.967909
14145 cob 1 256.631146 0.032913 0.967087
14146 cob 1 256.631146 0.033735 0.966265
14147 cob 1 256.631146 0.034557 0.965443
14148 cob 1 256.631146 0.035379 0.964621
14149 cob 1 549.606496 0.023113 0.976887
14150 cob 1 549.606496 0.023943 0.976057
14151 cob 1 549.606496 0.024772 0.975228
14152 cob 1 549.606496 0.025602 0.974398
14153 cob 1 549.606496 0.026431 0.973569
14154 cob 1 549.606496 0.027261 0.972739
14155 cob 1 774.504200 0.018727 0.981273
14156 cob 1 774.504200 0.019573 0.980427
14157 cob 1 774.504200 0.020418 0.979582
14158 cob 1 774.504200 0.021264 0.978736
14159 cob 1 774.504200 0.022110 0.977890
14160 cob 1 774.504200 0.022956 0.977044
14161 cob 1 3785.327798 0.011863 0.988137
14162 cob 1 3785.327798 0.012716 0.987284
14163 cob 1 3785.327798 0.013569 0.986431
14164 cob 1 4675.214322 0.013709 0.986291
14165 cob 1 4675.214322 0.014563 0.985437
14166 cob 1 4675.214322 0.015416 0.984584
14167 cob 1 10136.583722 0.010603 0.989397
14168 cob 1 10136.583722 0.011462 0.988538
14169 cob 1 10136.583722 0.012322 0.987678
14170 cob 1 44364.931358 0.007670 0.992330
14171 cob 1 44364.931358 0.008535 0.991465
14172 cob 1 44364.931358 0.009400 0.990600
14173 cob 1 130144.267081 0.003768 0.996232
14174 cob 1 130144.267081 0.004640 0.995360
14175 cob 1 130144.267081 0.005512 0.994488
14176 cob 1 826718.702577 0.001219 0.998781
14177 cob 1 826718.702577 0.002095 0.997905
14178 cob 1 826718.702577 0.002971 0.997029
14179 cob 1 838860.738110 0.003912 0.996088
14180 cob 1 838860.738110 0.004788 0.995212
14181 cob 1 838860.738110 0.005664 0.994336
14182 cob 1 1009478.869000 0.006732 0.993268
14183 cob 1 1009478.869000 0.007608 0.992392
14184 cob 1 1009478.869000 0.008484 0.991516
14185 cob 1 1264804.119569 0.009468 0.990532
14186 cob 1 1264804.119569 0.010345 0.989655
14187 cob 1 1264804.119569 0.011221 0.988779
14188 cob 1 1331493.620287 0.012109 0.987891
14189 cob 1 1331493.620287 0.012985 0.987015
14190 cob 1 1331493.620287 0.013861 0.986139
14191 cob 1 1338383.474123 0.014711 0.985289
14192 cob 1 1338383.474123 0.015587 0.984413
14193 cob 1 1338383.474123 0.016463 0.983537
14194 cob 1 1339976.749533 0.017329 0.982671
14195 cob 1 1339976.749533 0.018205 0.981795
14196 cob 1 1339976.749533 0.019082 0.980918
14197 cob 1 1341595.114022 0.019952 0.980048
14198 cob 1 1341595.114022 0.020828 0.979172
14199 cob 1 1341595.114022 0.021704 0.978296
14200 cob 1 1342312.310888 0.022569 0.977431
14201 cob 1 1342312.310888 0.023445 0.976555
14202 cob 1 1342312.310888 0.024321 0.975679
14203 cob 1 1355444.385638 0.024760 0.975240
14204 cob 1 1355444.385638 0.025637 0.974363
14205 cob 1 1355444.385638 0.026513 0.973487
14206 cob 1 1360198.505187 0.027261 0.972739
14207 cob 1 1360198.505187 0.028138 0.971862
14208 cob 1 1360198.505187 0.029015 0.970985
14209 cob 1 1363002.969451 0.029834 0.970166
14210 cob 1 1363002.969451 0.030711 0.969289
14211 cob 1 1363002.969451 0.031588 0.968412
14212 cob 1 1364755.573132 0.032408 0.967592
14213 cob 1 1364755.573132 0.033285 0.966715
14214 cob 1 1364755.573132 0.034162 0.965838
14215 cob 1 1366746.296059 0.034989 0.965011
14216 cob 1 1366746.296059 0.035866 0.964134
14217 cob 1 1366746.296059 0.036743 0.963257
14218 cob 1 1368578.274430 0.037592 0.962408
14219 cob 1 1368578.274430 0.038469 0.961531
14220 cob 1 1368578.274430 0.039346 0.960654
14221 cob 1 1372060.327597 0.040155 0.959845
14222 cob 1 1372060.327597 0.041032 0.958968
14223 cob 1 1372060.327597 0.041910 0.958090
14224 cob 1 1373296.047080 0.042766 0.957234
14225 cob 1 1373296.047080 0.043643 0.956357
14226 cob 1 1373296.047080 0.044520 0.955480
14227 cob 1 1373386.975198 0.045398 0.954602
14228 cob 1 1373386.975198 0.046275 0.953725
14229 cob 1 1373386.975198 0.047152 0.952848
14230 cob 1 1379474.648090 0.047879 0.952121
14231 cob 1 1379474.648090 0.048757 0.951243
14232 cob 1 1379474.648090 0.049634 0.950366
14233 cob 1 1383510.094032 0.050416 0.949584
14234 cob 1 1383510.094032 0.051293 0.948707
14235 cob 1 1383510.094032 0.052171 0.947829
14236 cob 1 1396323.870364 0.052787 0.947213
14237 cob 1 1396323.870364 0.053665 0.946335
14238 cob 1 1396323.870364 0.054543 0.945457
14239 cob 1 1397157.104184 0.055409 0.944591
14240 cob 1 1397157.104184 0.056287 0.943713
14241 cob 1 1397157.104184 0.057165 0.942835
14242 cob 1 1397460.325241 0.058029 0.941971
14243 cob 1 1397460.325241 0.058907 0.941093
14244 cob 1 1397460.325241 0.059785 0.940215
14245 cob 1 1397460.325241 0.060663 0.939337
14246 cob 1 1397460.325241 0.061541 0.938459
14247 cob 1 1397460.325241 0.062418 0.937582
14248 cob 1 1397549.645813 0.063295 0.936705
14249 cob 1 1397549.645813 0.064173 0.935827
14250 cob 1 1397549.645813 0.065051 0.934949
14251 cob 1 1397726.990867 0.065918 0.934082
14252 cob 1 1397726.990867 0.066796 0.933204
14253 cob 1 1397726.990867 0.067674 0.932326
14254 cob 1 1397872.733188 0.068543 0.931457
14255 cob 1 1397872.733188 0.069421 0.930579
14256 cob 1 1397872.733188 0.070299 0.929701
14257 cob 1 1397890.625978 0.071170 0.928830
14258 cob 1 1397890.625978 0.072048 0.927952
14259 cob 1 1397890.625978 0.072926 0.927074
14260 cob 1 1397890.625978 0.073804 0.926196
14261 cob 1 1397890.625978 0.074682 0.925318
14262 cob 1 1397890.625978 0.075560 0.924440
14263 cob 1 1398289.688379 0.076423 0.923577
14264 cob 1 1398289.688379 0.077301 0.922699
14265 cob 1 1398289.688379 0.078179 0.921821
14266 cob 1 1398496.685798 0.079050 0.920950
14267 cob 1 1398496.685798 0.079928 0.920072
14268 cob 1 1398496.685798 0.080806 0.919194
14269 cob 1 1398752.936071 0.081659 0.918341
14270 cob 1 1398752.936071 0.082537 0.917463
14271 cob 1 1398752.936071 0.083415 0.916585
14272 cob 1 1398752.936071 0.084293 0.915707
14273 cob 1 1398752.936071 0.085171 0.914829
14274 cob 1 1398752.936071 0.086049 0.913951
14275 cob 1 1398929.082982 0.086906 0.913094
14276 cob 1 1398929.082982 0.087784 0.912216
14277 cob 1 1398929.082982 0.088662 0.911338
14278 cob 1 1398929.082982 0.089540 0.910460
14279 cob 1 1398929.082982 0.090418 0.909582
14280 cob 1 1398929.082982 0.091295 0.908705
14281 cob 1 1398929.082982 0.092173 0.907827
14282 cob 1 1398929.082982 0.093051 0.906949
14283 cob 1 1398929.082982 0.093929 0.906071
14284 cob 1 1399155.529803 0.094786 0.905214
14285 cob 1 1399155.529803 0.095664 0.904336
14286 cob 1 1399155.529803 0.096542 0.903458
14287 cob 1 1399155.529803 0.097420 0.902580
14288 cob 1 1399155.529803 0.098298 0.901702
14289 cob 1 1399155.529803 0.099175 0.900825
14290 cob 1 1399155.529803 0.100053 0.899947
14291 cob 1 1399155.529803 0.100931 0.899069
14292 cob 1 1399155.529803 0.101809 0.898191
14293 cob 1 1399155.529803 0.102687 0.897313
14294 cob 1 1399155.529803 0.103565 0.896435
14295 cob 1 1399155.529803 0.104443 0.895557
14296 cob 1 1399155.529803 0.105321 0.894679
14297 cob 1 1399155.529803 0.106199 0.893801
14298 cob 1 1399155.529803 0.107077 0.892923
14299 cob 1 1399155.529803 0.107955 0.892045
14300 cob 1 1399155.529803 0.108833 0.891167
14301 cob 1 1399155.529803 0.109711 0.890289
14302 cob 1 1399407.645291 0.110576 0.889424
14303 cob 1 1399407.645291 0.111454 0.888546
14304 cob 1 1399407.645291 0.112332 0.887668
14305 cob 1 1399407.645291 0.113210 0.886790
14306 cob 1 1399407.645291 0.114088 0.885912
14307 cob 1 1399407.645291 0.114966 0.885034
14308 cob 1 1399407.645291 0.115844 0.884156
14309 cob 1 1399407.645291 0.116722 0.883278
14310 cob 1 1399407.645291 0.117600 0.882400
14311 cob 1 1399407.645291 0.118478 0.881522
14312 cob 1 1399407.645291 0.119356 0.880644
14313 cob 1 1399407.645291 0.120234 0.879766
14314 cob 1 1399407.645291 0.121112 0.878888
14315 cob 1 1399407.645291 0.121990 0.878010
14316 cob 1 1399407.645291 0.122868 0.877132
14317 cob 1 1399407.645291 0.123746 0.876254
14318 cob 1 1399407.645291 0.124624 0.875376
14319 cob 1 1399407.645291 0.125502 0.874498
14320 cob 1 1399407.645291 0.126380 0.873620
14321 cob 1 1399407.645291 0.127258 0.872742
14322 cob 1 1399407.645291 0.128136 0.871864
14323 cob 1 1399407.645291 0.129014 0.870986
14324 cob 1 1399407.645291 0.129892 0.870108
14325 cob 1 1399407.645291 0.130769 0.869231
14326 cob 1 1399407.645291 0.131647 0.868353
14327 cob 1 1399407.645291 0.132525 0.867475
14328 cob 1 1399407.645291 0.133403 0.866597
14329 cob 1 1399407.645291 0.134281 0.865719
14330 cob 1 1399407.645291 0.135159 0.864841
14331 cob 1 1399407.645291 0.136037 0.863963
14332 cob 1 1399407.645291 0.136915 0.863085
14333 cob 1 1399407.645291 0.137793 0.862207
14334 cob 1 1399407.645291 0.138671 0.861329
14335 cob 1 1399407.645291 0.139549 0.860451
14336 cob 1 1399407.645291 0.140427 0.859573
14337 cob 1 1399407.645291 0.141305 0.858695
14338 cob 1 1399407.645291 0.142183 0.857817
14339 cob 1 1399407.645291 0.143061 0.856939
14340 cob 1 1399407.645291 0.143939 0.856061
14341 cob 1 1399407.645291 0.144817 0.855183
14342 cob 1 1399407.645291 0.145695 0.854305
14343 cob 1 1399407.645291 0.146573 0.853427
14344 cob 1 1399407.645291 0.147451 0.852549
14345 cob 1 1399407.645291 0.148329 0.851671
14346 cob 1 1399407.645291 0.149207 0.850793
14347 cob 1 1399407.645291 0.150085 0.849915
14348 cob 1 1399407.645291 0.150963 0.849037
14349 cob 1 1399407.645291 0.151841 0.848159
14350 cob 1 1399407.645291 0.152719 0.847281
14351 cob 1 1399407.645291 0.153597 0.846403
14352 cob 1 1399407.645291 0.154475 0.845525
14353 cob 1 1399407.645291 0.155353 0.844647
14354 cob 1 1399407.645291 0.156231 0.843769
14355 cob 1 1399407.645291 0.157109 0.842891
14356 cob 1 1399407.645291 0.157987 0.842013
14357 cob 1 1399407.645291 0.158865 0.841135
14358 cob 1 1399407.645291 0.159742 0.840258
14359 cob 1 1399668.457607 0.160561 0.839439
14360 cob 1 1399668.457607 0.161439 0.838561
14361 cob 1 1399668.457607 0.162317 0.837683
14362 cob 1 1399668.457607 0.163195 0.836805
14363 cob 1 1399668.457607 0.164073 0.835927
14364 cob 1 1399668.457607 0.164951 0.835049
14365 cob 1 1399668.457607 0.165829 0.834171
14366 cob 1 1399668.457607 0.166707 0.833293
14367 cob 1 1399668.457607 0.167585 0.832415
14368 cob 1 1399668.457607 0.168463 0.831537
14369 cob 1 1399668.457607 0.169341 0.830659
14370 cob 1 1399668.457607 0.170219 0.829781
14371 cob 1 1399668.457607 0.171097 0.828903
14372 cob 1 1399668.457607 0.171975 0.828025
14373 cob 1 1399668.457607 0.172853 0.827147
14374 cob 1 1399668.457607 0.173731 0.826269
14375 cob 1 1399668.457607 0.174608 0.825392
14376 cob 1 1399668.457607 0.175486 0.824514
14377 cob 1 1399668.457607 0.176364 0.823636
14378 cob 1 1399668.457607 0.177242 0.822758
14379 cob 1 1399668.457607 0.178120 0.821880
14380 cob 1 1399668.457607 0.178998 0.821002
14381 cob 1 1399668.457607 0.179876 0.820124
14382 cob 1 1399668.457607 0.180754 0.819246
14383 cob 1 1399668.457607 0.181632 0.818368
14384 cob 1 1399668.457607 0.182510 0.817490
14385 cob 1 1399668.457607 0.183388 0.816612
14386 cob 1 1399743.131271 0.184243 0.815757
14387 cob 1 1399743.131271 0.185121 0.814879
14388 cob 1 1399743.131271 0.185999 0.814001
14389 cob 1 1399743.131271 0.186877 0.813123
14390 cob 1 1399743.131271 0.187755 0.812245
14391 cob 1 1399743.131271 0.188633 0.811367
14392 cob 1 1399743.131271 0.189511 0.810489
14393 cob 1 1399743.131271 0.190389 0.809611
14394 cob 1 1399743.131271 0.191267 0.808733
14395 cob 1 1399743.131271 0.192145 0.807855
14396 cob 1 1399743.131271 0.193023 0.806977
14397 cob 1 1399743.131271 0.193901 0.806099
14398 cob 1 1399743.131271 0.194779 0.805221
14399 cob 1 1399743.131271 0.195657 0.804343
14400 cob 1 1399743.131271 0.196535 0.803465
14401 cob 1 1399743.131271 0.197413 0.802587
14402 cob 1 1399743.131271 0.198291 0.801709
14403 cob 1 1399743.131271 0.199169 0.800831
14404 cob 1 1399743.131271 0.200047 0.799953
14405 cob 1 1399743.131271 0.200924 0.799076
14406 cob 1 1399743.131271 0.201802 0.798198
14407 cob 1 1399743.131271 0.202680 0.797320
14408 cob 1 1399743.131271 0.203558 0.796442
14409 cob 1 1399743.131271 0.204436 0.795564
14410 cob 1 1399743.131271 0.205314 0.794686
14411 cob 1 1399743.131271 0.206192 0.793808
14412 cob 1 1399743.131271 0.207070 0.792930
14413 cob 1 1399743.131271 0.207948 0.792052
14414 cob 1 1399743.131271 0.208826 0.791174
14415 cob 1 1399743.131271 0.209704 0.790296
14416 cob 1 1399743.131271 0.210582 0.789418
14417 cob 1 1399743.131271 0.211460 0.788540
14418 cob 1 1399743.131271 0.212338 0.787662
14419 cob 1 1399743.131271 0.213216 0.786784
14420 cob 1 1399743.131271 0.214094 0.785906
14421 cob 1 1399743.131271 0.214972 0.785028
14422 cob 1 1399743.131271 0.215850 0.784150
14423 cob 1 1399743.131271 0.216728 0.783272
14424 cob 1 1399743.131271 0.217606 0.782394
14425 cob 1 1399743.131271 0.218484 0.781516
14426 cob 1 1399743.131271 0.219362 0.780638
14427 cob 1 1399743.131271 0.220240 0.779760
14428 cob 1 1399743.131271 0.221117 0.778883
14429 cob 1 1399743.131271 0.221995 0.778005
14430 cob 1 1399743.131271 0.222873 0.777127
14431 cob 1 1399743.131271 0.223751 0.776249
14432 cob 1 1399743.131271 0.224629 0.775371
14433 cob 1 1399743.131271 0.225507 0.774493
14434 cob 1 1399743.131271 0.226385 0.773615
14435 cob 1 1399743.131271 0.227263 0.772737
14436 cob 1 1399743.131271 0.228141 0.771859
14437 cob 1 1399743.131271 0.229019 0.770981
14438 cob 1 1399743.131271 0.229897 0.770103
14439 cob 1 1399743.131271 0.230775 0.769225
14440 cob 1 1399743.131271 0.231653 0.768347
14441 cob 1 1399743.131271 0.232531 0.767469
14442 cob 1 1399743.131271 0.233409 0.766591
14443 cob 1 1399743.131271 0.234287 0.765713
14444 cob 1 1399743.131271 0.235165 0.764835
14445 cob 1 1399743.131271 0.236043 0.763957
14446 cob 1 1399743.131271 0.236921 0.763079
14447 cob 1 1399743.131271 0.237799 0.762201
14448 cob 1 1399743.131271 0.238677 0.761323
14449 cob 1 1399743.131271 0.239555 0.760445
14450 cob 1 1399743.131271 0.240433 0.759567
14451 cob 1 1399743.131271 0.241310 0.758690
14452 cob 1 1399743.131271 0.242188 0.757812
14453 cob 1 1399743.131271 0.243066 0.756934
14454 cob 1 1399743.131271 0.243944 0.756056
14455 cob 1 1399743.131271 0.244822 0.755178
14456 cob 1 1399743.131271 0.245700 0.754300
14457 cob 1 1399743.131271 0.246578 0.753422
14458 cob 1 1399743.131271 0.247456 0.752544
14459 cob 1 1399743.131271 0.248334 0.751666
14460 cob 1 1399743.131271 0.249212 0.750788
14461 cob 1 1399743.131271 0.250090 0.749910
14462 cob 1 1399743.131271 0.250968 0.749032
14463 cob 1 1399743.131271 0.251846 0.748154
14464 cob 1 1399743.131271 0.252724 0.747276
14465 cob 1 1399743.131271 0.253602 0.746398
14466 cob 1 1399743.131271 0.254480 0.745520
14467 cob 1 1399743.131271 0.255358 0.744642
14468 cob 1 1399743.131271 0.256236 0.743764
14469 cob 1 1399743.131271 0.257114 0.742886
14470 cob 1 1399743.131271 0.257992 0.742008
14471 cob 1 1399743.131271 0.258870 0.741130
14472 cob 1 1399743.131271 0.259748 0.740252
14473 cob 1 1399743.131271 0.260626 0.739374
14474 cob 1 1399743.131271 0.261504 0.738496
14475 cob 1 1399743.131271 0.262381 0.737619
14476 cob 1 1399743.131271 0.263259 0.736741
14477 cob 1 1399743.131271 0.264137 0.735863
14478 cob 1 1399743.131271 0.265015 0.734985
14479 cob 1 1399743.131271 0.265893 0.734107
14480 cob 1 1399743.131271 0.266771 0.733229
14481 cob 1 1399743.131271 0.267649 0.732351
14482 cob 1 1399743.131271 0.268527 0.731473
14483 cob 1 1399743.131271 0.269405 0.730595
14484 cob 1 1399743.131271 0.270283 0.729717
14485 cob 1 1399743.131271 0.271161 0.728839
14486 cob 1 1399743.131271 0.272039 0.727961
14487 cob 1 1399743.131271 0.272917 0.727083
14488 cob 1 1399743.131271 0.273795 0.726205
14489 cob 1 1399743.131271 0.274673 0.725327
14490 cob 1 1399743.131271 0.275551 0.724449
14491 cob 1 1399743.131271 0.276429 0.723571
14492 cob 1 1399743.131271 0.277307 0.722693
14493 cob 1 1399743.131271 0.278185 0.721815
14494 cob 1 1399743.131271 0.279063 0.720937
14495 cob 1 1399743.131271 0.279941 0.720059
14496 cob 1 1399743.131271 0.280819 0.719181
14497 cob 1 1399743.131271 0.281697 0.718303
14498 cob 1 1399743.131271 0.282574 0.717426
14499 cob 1 1399743.131271 0.283452 0.716548
14500 cob 1 1399743.131271 0.284330 0.715670
14501 cob 1 1399743.131271 0.285208 0.714792
14502 cob 1 1399743.131271 0.286086 0.713914
14503 cob 1 1399839.254476 0.286965 0.713035
14504 cob 1 1399839.254476 0.287843 0.712157
14505 cob 1 1399839.254476 0.288721 0.711279
14506 cob 1 1399839.254476 0.289599 0.710401
14507 cob 1 1399839.254476 0.290477 0.709523
14508 cob 1 1399839.254476 0.291355 0.708645
14509 cob 1 1399839.254476 0.292233 0.707767
14510 cob 1 1399839.254476 0.293111 0.706889
14511 cob 1 1399839.254476 0.293989 0.706011
14512 cob 1 1399839.254476 0.294867 0.705133
14513 cob 1 1399839.254476 0.295745 0.704255
14514 cob 1 1399839.254476 0.296623 0.703377
14515 cob 1 1399839.254476 0.297501 0.702499
14516 cob 1 1399839.254476 0.298379 0.701621
14517 cob 1 1399839.254476 0.299256 0.700744
14518 cob 1 1399839.254476 0.300134 0.699866
14519 cob 1 1399839.254476 0.301012 0.698988
14520 cob 1 1399839.254476 0.301890 0.698110
14521 cob 1 1399839.254476 0.302768 0.697232
14522 cob 1 1399839.254476 0.303646 0.696354
14523 cob 1 1399839.254476 0.304524 0.695476
14524 cob 1 1399839.254476 0.305402 0.694598
14525 cob 1 1399839.254476 0.306280 0.693720
14526 cob 1 1399839.254476 0.307158 0.692842
14527 cob 1 1399839.254476 0.308036 0.691964
14528 cob 1 1399839.254476 0.308914 0.691086
14529 cob 1 1399839.254476 0.309792 0.690208
14530 cob 1 1399839.254476 0.310670 0.689330
14531 cob 1 1399839.254476 0.311548 0.688452
14532 cob 1 1399839.254476 0.312426 0.687574
14533 cob 1 1399839.254476 0.313304 0.686696
14534 cob 1 1399839.254476 0.314182 0.685818
14535 cob 1 1399839.254476 0.315060 0.684940
14536 cob 1 1399839.254476 0.315938 0.684062
14537 cob 1 1399839.254476 0.316816 0.683184
14538 cob 1 1399839.254476 0.317694 0.682306
14539 cob 1 1399839.254476 0.318572 0.681428
14540 cob 1 1399839.254476 0.319449 0.680551
14541 cob 1 1399839.254476 0.320327 0.679673
14542 cob 1 1399839.254476 0.321205 0.678795
14543 cob 1 1399839.254476 0.322083 0.677917
14544 cob 1 1399839.254476 0.322961 0.677039
14545 cob 1 1399839.254476 0.323839 0.676161
14546 cob 1 1399839.254476 0.324717 0.675283
14547 cob 1 1399839.254476 0.325595 0.674405
14548 cob 1 1399839.254476 0.326473 0.673527
14549 cob 1 1399839.254476 0.327351 0.672649
14550 cob 1 1399839.254476 0.328229 0.671771
14551 cob 1 1399839.254476 0.329107 0.670893
14552 cob 1 1399839.254476 0.329985 0.670015
14553 cob 1 1399839.254476 0.330863 0.669137
14554 cob 1 1399839.254476 0.331741 0.668259
14555 cob 1 1399839.254476 0.332619 0.667381
14556 cob 1 1399839.254476 0.333497 0.666503
14557 cob 1 1399839.254476 0.334375 0.665625
14558 cob 1 1399839.254476 0.335253 0.664747
14559 cob 1 1399839.254476 0.336131 0.663869
14560 cob 1 1399839.254476 0.337009 0.662991
14561 cob 1 1399839.254476 0.337887 0.662113
14562 cob 1 1399839.254476 0.338765 0.661235
14563 cob 1 1399839.254476 0.339642 0.660358
14564 cob 1 1399839.254476 0.340520 0.659480
14565 cob 1 1399839.254476 0.341398 0.658602
14566 cob 1 1399839.254476 0.342276 0.657724
14567 cob 1 1399839.254476 0.343154 0.656846
14568 cob 1 1399839.254476 0.344032 0.655968
14569 cob 1 1399839.254476 0.344910 0.655090
14570 cob 1 1399839.254476 0.345788 0.654212
14571 cob 1 1399839.254476 0.346666 0.653334
14572 cob 1 1399839.254476 0.347544 0.652456
14573 cob 1 1399839.254476 0.348422 0.651578
14574 cob 1 1399839.254476 0.349300 0.650700
14575 cob 1 1399839.254476 0.350178 0.649822
14576 cob 1 1399839.254476 0.351056 0.648944
14577 cob 1 1399839.254476 0.351934 0.648066
14578 cob 1 1399839.254476 0.352812 0.647188
14579 cob 1 1399839.254476 0.353690 0.646310
14580 cob 1 1399839.254476 0.354568 0.645432
14581 cob 1 1399839.254476 0.355446 0.644554
14582 cob 1 1399839.254476 0.356324 0.643676
14583 cob 1 1399839.254476 0.357202 0.642798
14584 cob 1 1399839.254476 0.358080 0.641920
14585 cob 1 1399839.254476 0.358958 0.641042
14586 cob 1 1399839.254476 0.359836 0.640164
14587 cob 1 1399839.254476 0.360713 0.639287
14588 cob 1 1399839.254476 0.361591 0.638409
14589 cob 1 1399839.254476 0.362469 0.637531
14590 cob 1 1399839.254476 0.363347 0.636653
14591 cob 1 1399839.254476 0.364225 0.635775
14592 cob 1 1399839.254476 0.365103 0.634897
14593 cob 1 1399839.254476 0.365981 0.634019
14594 cob 1 1399839.254476 0.366859 0.633141
14595 cob 1 1399839.254476 0.367737 0.632263
14596 cob 1 1399839.254476 0.368615 0.631385
14597 cob 1 1399839.254476 0.369493 0.630507
14598 cob 1 1399839.254476 0.370371 0.629629
14599 cob 1 1399839.254476 0.371249 0.628751
14600 cob 1 1399839.254476 0.372127 0.627873
14601 cob 1 1399839.254476 0.373005 0.626995
14602 cob 1 1399839.254476 0.373883 0.626117
14603 cob 1 1399839.254476 0.374761 0.625239
14604 cob 1 1399839.254476 0.375639 0.624361
14605 cob 1 1399839.254476 0.376517 0.623483
14606 cob 1 1399839.254476 0.377395 0.622605
14607 cob 1 1399839.254476 0.378273 0.621727
14608 cob 1 1399839.254476 0.379151 0.620849
14609 cob 1 1399839.254476 0.380029 0.619971
14610 cob 1 1399839.254476 0.380906 0.619094
14611 cob 1 1399839.254476 0.381784 0.618216
14612 cob 1 1399839.254476 0.382662 0.617338
14613 cob 1 1399839.254476 0.383540 0.616460
14614 cob 1 1399839.254476 0.384418 0.615582
14615 cob 1 1399839.254476 0.385296 0.614704
14616 cob 1 1399839.254476 0.386174 0.613826
14617 cob 1 1399839.254476 0.387052 0.612948
14618 cob 1 1399839.254476 0.387930 0.612070
14619 cob 1 1399839.254476 0.388808 0.611192
14620 cob 1 1399839.254476 0.389686 0.610314
14621 cob 1 1399839.254476 0.390564 0.609436
14622 cob 1 1399839.254476 0.391442 0.608558
14623 cob 1 1399839.254476 0.392320 0.607680
14624 cob 1 1399839.254476 0.393198 0.606802
14625 cob 1 1399839.254476 0.394076 0.605924
14626 cob 1 1399839.254476 0.394954 0.605046
14627 cob 1 1399839.254476 0.395832 0.604168
14628 cob 1 1399839.254476 0.396710 0.603290
14629 cob 1 1399839.254476 0.397588 0.602412
14630 cob 1 1399839.254476 0.398466 0.601534
14631 cob 1 1399839.254476 0.399344 0.600656
14632 cob 1 1399839.254476 0.400222 0.599778
14633 cob 1 1399839.254476 0.401099 0.598901
14634 cob 1 1399839.254476 0.401977 0.598023
14635 cob 1 1399839.254476 0.402855 0.597145
14636 cob 1 1399839.254476 0.403733 0.596267
14637 cob 1 1399839.254476 0.404611 0.595389
14638 cob 1 1399839.254476 0.405489 0.594511
14639 cob 1 1399839.254476 0.406367 0.593633
14640 cob 1 1399839.254476 0.407245 0.592755
14641 cob 1 1399839.254476 0.408123 0.591877
14642 cob 1 1399839.254476 0.409001 0.590999
14643 cob 1 1399839.254476 0.409879 0.590121
14644 cob 1 1399839.254476 0.410757 0.589243
14645 cob 1 1399839.254476 0.411635 0.588365
14646 cob 1 1399839.254476 0.412513 0.587487
14647 cob 1 1399839.254476 0.413391 0.586609
14648 cob 1 1399839.254476 0.414269 0.585731
14649 cob 1 1399839.254476 0.415147 0.584853
14650 cob 1 1399839.254476 0.416025 0.583975
14651 cob 1 1399839.254476 0.416903 0.583097
14652 cob 1 1399839.254476 0.417781 0.582219
14653 cob 1 1399839.254476 0.418659 0.581341
14654 cob 1 1399839.254476 0.419537 0.580463
14655 cob 1 1399839.254476 0.420415 0.579585
14656 cob 1 1399839.254476 0.421292 0.578708
14657 cob 1 1399839.254476 0.422170 0.577830
14658 cob 1 1399839.254476 0.423048 0.576952
14659 cob 1 1399839.254476 0.423926 0.576074
14660 cob 1 1399839.254476 0.424804 0.575196
14661 cob 1 1399839.254476 0.425682 0.574318
14662 cob 1 1399839.254476 0.426560 0.573440
14663 cob 1 1399839.254476 0.427438 0.572562
14664 cob 1 1399839.254476 0.428316 0.571684
14665 cob 1 1399839.254476 0.429194 0.570806
14666 cob 1 1399839.254476 0.430072 0.569928
14667 cob 1 1399839.254476 0.430950 0.569050
14668 cob 1 1399839.254476 0.431828 0.568172
14669 cob 1 1399839.254476 0.432706 0.567294
14670 cob 1 1399839.254476 0.433584 0.566416
14671 cob 1 1399839.254476 0.434462 0.565538
14672 cob 1 1399839.254476 0.435340 0.564660
14673 cob 1 1399839.254476 0.436218 0.563782
14674 cob 1 1399839.254476 0.437096 0.562904
14675 cob 1 1399839.254476 0.437974 0.562026
14676 cob 1 1399839.254476 0.438852 0.561148
14677 cob 1 1399839.254476 0.439730 0.560270
14678 cob 1 1399839.254476 0.440608 0.559392
14679 cob 1 1399839.254476 0.441485 0.558515
14680 cob 1 1399839.254476 0.442363 0.557637
14681 cob 1 1399839.254476 0.443241 0.556759
14682 cob 1 1399839.254476 0.444119 0.555881
14683 cob 1 1399839.254476 0.444997 0.555003
14684 cob 1 1399839.254476 0.445875 0.554125
14685 cob 1 1399839.254476 0.446753 0.553247
14686 cob 1 1399839.254476 0.447631 0.552369
14687 cob 1 1399839.254476 0.448509 0.551491
14688 cob 1 1399839.254476 0.449387 0.550613
14689 cob 1 1399839.254476 0.450265 0.549735
14690 cob 1 1399839.254476 0.451143 0.548857
14691 cob 1 1399839.254476 0.452021 0.547979
14692 cob 1 1399839.254476 0.452899 0.547101
14693 cob 1 1399839.254476 0.453777 0.546223
14694 cob 1 1399839.254476 0.454655 0.545345
14695 cob 1 1399839.254476 0.455533 0.544467
14696 cob 1 1399839.254476 0.456411 0.543589
14697 cob 1 1399839.254476 0.457289 0.542711
14698 cob 1 1399839.254476 0.458167 0.541833
14699 cob 1 1399839.254476 0.459045 0.540955
14700 cob 1 1399839.254476 0.459923 0.540077
14701 cob 1 1399839.254476 0.460801 0.539199
14702 cob 1 1399839.254476 0.461678 0.538322
14703 cob 1 1399839.254476 0.462556 0.537444
14704 cob 1 1399839.254476 0.463434 0.536566
14705 cob 1 1399839.254476 0.464312 0.535688
14706 cob 1 1399839.254476 0.465190 0.534810
14707 cob 1 1399839.254476 0.466068 0.533932
14708 cob 1 1399839.254476 0.466946 0.533054
14709 cob 1 1399839.254476 0.467824 0.532176
14710 cob 1 1399839.254476 0.468702 0.531298
14711 cob 1 1399839.254476 0.469580 0.530420
14712 cob 1 1399839.254476 0.470458 0.529542
14713 cob 1 1399839.254476 0.471336 0.528664
14714 cob 1 1399839.254476 0.472214 0.527786
14715 cob 1 1399839.254476 0.473092 0.526908
14716 cob 1 1399839.254476 0.473970 0.526030
14717 cob 1 1399839.254476 0.474848 0.525152
14718 cob 1 1399839.254476 0.475726 0.524274
14719 cob 1 1399839.254476 0.476604 0.523396
14720 cob 1 1399839.254476 0.477482 0.522518
14721 cob 1 1399839.254476 0.478360 0.521640
14722 cob 1 1399839.254476 0.479238 0.520762
14723 cob 1 1399839.254476 0.480116 0.519884
14724 cob 1 1399839.254476 0.480994 0.519006
14725 cob 1 1399795.023854 0.481872 0.518128
14726 cob 1 1399795.023854 0.482750 0.517250
14727 cob 1 1399795.023854 0.483628 0.516372
14728 cob 1 1399795.023854 0.484506 0.515494
14729 cob 1 1399795.023854 0.485384 0.514616
14730 cob 1 1399795.023854 0.486262 0.513738
14731 cob 1 1399795.023854 0.487140 0.512860
14732 cob 1 1399795.023854 0.488018 0.511982
14733 cob 1 1399795.023854 0.488896 0.511104
14734 cob 1 1399795.023854 0.489774 0.510226
14735 cob 1 1399795.023854 0.490652 0.509348
14736 cob 1 1399795.023854 0.491530 0.508470
14737 cob 1 1399795.023854 0.492408 0.507592
14738 cob 1 1399795.023854 0.493286 0.506714
14739 cob 1 1399795.023854 0.494164 0.505836
14740 cob 1 1399795.023854 0.495042 0.504958
14741 cob 1 1399795.023854 0.495919 0.504081
14742 cob 1 1399795.023854 0.496797 0.503203
14743 cob 1 1399795.023854 0.497675 0.502325
14744 cob 1 1399795.023854 0.498553 0.501447
14745 cob 1 1399795.023854 0.499431 0.500569
14746 cob 1 1399795.023854 0.500309 0.499691
14747 cob 1 1399795.023854 0.501187 0.498813
14748 cob 1 1399795.023854 0.502065 0.497935
14749 cob 1 1399795.023854 0.502943 0.497057
14750 cob 1 1399795.023854 0.503821 0.496179
14751 cob 1 1399795.023854 0.504699 0.495301
14752 cob 1 1399795.023854 0.505577 0.494423
14753 cob 1 1399795.023854 0.506455 0.493545
14754 cob 1 1399795.023854 0.507333 0.492667
14755 cob 1 1399795.023854 0.508211 0.491789
14756 cob 1 1399795.023854 0.509089 0.490911
14757 cob 1 1399795.023854 0.509967 0.490033
14758 cob 1 1399795.023854 0.510845 0.489155
14759 cob 1 1399795.023854 0.511723 0.488277
14760 cob 1 1399795.023854 0.512601 0.487399
14761 cob 1 1399795.023854 0.513479 0.486521
14762 cob 1 1399795.023854 0.514356 0.485644
14763 cob 1 1399795.023854 0.515234 0.484766
14764 cob 1 1399795.023854 0.516112 0.483888
14765 cob 1 1399795.023854 0.516990 0.483010
14766 cob 1 1399795.023854 0.517868 0.482132
14767 cob 1 1399795.023854 0.518746 0.481254
14768 cob 1 1399795.023854 0.519624 0.480376
14769 cob 1 1399795.023854 0.520502 0.479498
14770 cob 1 1399795.023854 0.521380 0.478620
14771 cob 1 1399795.023854 0.522258 0.477742
14772 cob 1 1399795.023854 0.523136 0.476864
14773 cob 1 1399795.023854 0.524014 0.475986
14774 cob 1 1399795.023854 0.524892 0.475108
14775 cob 1 1399795.023854 0.525770 0.474230
14776 cob 1 1399795.023854 0.526648 0.473352
14777 cob 1 1399795.023854 0.527526 0.472474
14778 cob 1 1399795.023854 0.528404 0.471596
14779 cob 1 1399795.023854 0.529282 0.470718
14780 cob 1 1399795.023854 0.530160 0.469840
14781 cob 1 1399795.023854 0.531038 0.468962
14782 cob 1 1399795.023854 0.531916 0.468084
14783 cob 1 1399795.023854 0.532794 0.467206
14784 cob 1 1399795.023854 0.533671 0.466329
14785 cob 1 1399795.023854 0.534549 0.465451
14786 cob 1 1399795.023854 0.535427 0.464573
14787 cob 1 1399795.023854 0.536305 0.463695
14788 cob 1 1399795.023854 0.537183 0.462817
14789 cob 1 1399795.023854 0.538061 0.461939
14790 cob 1 1399795.023854 0.538939 0.461061
14791 cob 1 1399795.023854 0.539817 0.460183
14792 cob 1 1399795.023854 0.540695 0.459305
14793 cob 1 1399795.023854 0.541573 0.458427
14794 cob 1 1399795.023854 0.542451 0.457549
14795 cob 1 1399795.023854 0.543329 0.456671
14796 cob 1 1399795.023854 0.544207 0.455793
14797 cob 1 1399795.023854 0.545085 0.454915
14798 cob 1 1399795.023854 0.545963 0.454037
14799 cob 1 1399795.023854 0.546841 0.453159
14800 cob 1 1399795.023854 0.547719 0.452281
14801 cob 1 1399795.023854 0.548597 0.451403
14802 cob 1 1399795.023854 0.549475 0.450525
14803 cob 1 1399795.023854 0.550353 0.449647
14804 cob 1 1399795.023854 0.551231 0.448769
14805 cob 1 1399795.023854 0.552108 0.447892
14806 cob 1 1399795.023854 0.552986 0.447014
14807 cob 1 1399795.023854 0.553864 0.446136
14808 cob 1 1399795.023854 0.554742 0.445258
14809 cob 1 1399795.023854 0.555620 0.444380
14810 cob 1 1399795.023854 0.556498 0.443502
14811 cob 1 1399795.023854 0.557376 0.442624
14812 cob 1 1399795.023854 0.558254 0.441746
14813 cob 1 1399795.023854 0.559132 0.440868
14814 cob 1 1399795.023854 0.560010 0.439990
14815 cob 1 1399795.023854 0.560888 0.439112
14816 cob 1 1399795.023854 0.561766 0.438234
14817 cob 1 1399795.023854 0.562644 0.437356
14818 cob 1 1399795.023854 0.563522 0.436478
14819 cob 1 1399795.023854 0.564400 0.435600
14820 cob 1 1399795.023854 0.565278 0.434722
14821 cob 1 1399795.023854 0.566156 0.433844
14822 cob 1 1399795.023854 0.567034 0.432966
14823 cob 1 1399795.023854 0.567912 0.432088
14824 cob 1 1399795.023854 0.568790 0.431210
14825 cob 1 1399795.023854 0.569668 0.430332
14826 cob 1 1399795.023854 0.570545 0.429455
14827 cob 1 1399795.023854 0.571423 0.428577
14828 cob 1 1399795.023854 0.572301 0.427699
14829 cob 1 1399795.023854 0.573179 0.426821
14830 cob 1 1399795.023854 0.574057 0.425943
14831 cob 1 1399795.023854 0.574935 0.425065
14832 cob 1 1399795.023854 0.575813 0.424187
14833 cob 1 1399795.023854 0.576691 0.423309
14834 cob 1 1399795.023854 0.577569 0.422431
14835 cob 1 1399795.023854 0.578447 0.421553
14836 cob 1 1399795.023854 0.579325 0.420675
14837 cob 1 1399795.023854 0.580203 0.419797
14838 cob 1 1399795.023854 0.581081 0.418919
14839 cob 1 1399795.023854 0.581959 0.418041
14840 cob 1 1399795.023854 0.582837 0.417163
14841 cob 1 1399795.023854 0.583715 0.416285
14842 cob 1 1399795.023854 0.584593 0.415407
14843 cob 1 1399795.023854 0.585471 0.414529
14844 cob 1 1399795.023854 0.586349 0.413651
14845 cob 1 1399795.023854 0.587227 0.412773
14846 cob 1 1399795.023854 0.588105 0.411895
14847 cob 1 1399795.023854 0.588982 0.411018
14848 cob 1 1399795.023854 0.589860 0.410140
14849 cob 1 1399795.023854 0.590738 0.409262
14850 cob 1 1399795.023854 0.591616 0.408384
14851 cob 1 1399795.023854 0.592494 0.407506
14852 cob 1 1399795.023854 0.593372 0.406628
14853 cob 1 1399795.023854 0.594250 0.405750
14854 cob 1 1399795.023854 0.595128 0.404872
14855 cob 1 1399795.023854 0.596006 0.403994
14856 cob 1 1399795.023854 0.596884 0.403116
14857 cob 1 1399795.023854 0.597762 0.402238
14858 cob 1 1399795.023854 0.598640 0.401360
14859 cob 1 1399795.023854 0.599518 0.400482
14860 cob 1 1399795.023854 0.600396 0.399604
14861 cob 1 1399795.023854 0.601274 0.398726
14862 cob 1 1399795.023854 0.602152 0.397848
14863 cob 1 1399795.023854 0.603030 0.396970
14864 cob 1 1399795.023854 0.603908 0.396092
14865 cob 1 1399795.023854 0.604786 0.395214
14866 cob 1 1399795.023854 0.605664 0.394336
14867 cob 1 1399795.023854 0.606542 0.393458
14868 cob 1 1399795.023854 0.607419 0.392581
14869 cob 1 1399795.023854 0.608297 0.391703
14870 cob 1 1399795.023854 0.609175 0.390825
14871 cob 1 1399795.023854 0.610053 0.389947
14872 cob 1 1399795.023854 0.610931 0.389069
14873 cob 1 1399795.023854 0.611809 0.388191
14874 cob 1 1399795.023854 0.612687 0.387313
14875 cob 1 1399795.023854 0.613565 0.386435
14876 cob 1 1399795.023854 0.614443 0.385557
14877 cob 1 1399795.023854 0.615321 0.384679
14878 cob 1 1399795.023854 0.616199 0.383801
14879 cob 1 1399795.023854 0.617077 0.382923
14880 cob 1 1399795.023854 0.617955 0.382045
14881 cob 1 1399795.023854 0.618833 0.381167
14882 cob 1 1399795.023854 0.619711 0.380289
14883 cob 1 1399795.023854 0.620589 0.379411
14884 cob 1 1399795.023854 0.621467 0.378533
14885 cob 1 1399795.023854 0.622345 0.377655
14886 cob 1 1399795.023854 0.623223 0.376777
14887 cob 1 1399795.023854 0.624101 0.375899
14888 cob 1 1399795.023854 0.624979 0.375021
14889 cob 1 1399795.023854 0.625856 0.374144
14890 cob 1 1399795.023854 0.626734 0.373266
14891 cob 1 1399795.023854 0.627612 0.372388
14892 cob 1 1399795.023854 0.628490 0.371510
14893 cob 1 1399795.023854 0.629368 0.370632
14894 cob 1 1399795.023854 0.630246 0.369754
14895 cob 1 1399795.023854 0.631124 0.368876
14896 cob 1 1399795.023854 0.632002 0.367998
14897 cob 1 1399795.023854 0.632880 0.367120
14898 cob 1 1399795.023854 0.633758 0.366242
14899 cob 1 1399679.936076 0.634595 0.365405
14900 cob 1 1399679.936076 0.635473 0.364527
14901 cob 1 1399679.936076 0.636351 0.363649
14902 cob 1 1399679.936076 0.637228 0.362772
14903 cob 1 1399679.936076 0.638106 0.361894
14904 cob 1 1399679.936076 0.638984 0.361016
14905 cob 1 1399679.936076 0.639862 0.360138
14906 cob 1 1399679.936076 0.640740 0.359260
14907 cob 1 1399679.936076 0.641618 0.358382
14908 cob 1 1399679.936076 0.642496 0.357504
14909 cob 1 1399679.936076 0.643374 0.356626
14910 cob 1 1399679.936076 0.644252 0.355748
14911 cob 1 1399679.936076 0.645129 0.354871
14912 cob 1 1399679.936076 0.646007 0.353993
14913 cob 1 1399679.936076 0.646885 0.353115
14914 cob 1 1399679.936076 0.647763 0.352237
14915 cob 1 1399679.936076 0.648641 0.351359
14916 cob 1 1399679.936076 0.649519 0.350481
14917 cob 1 1399679.936076 0.650397 0.349603
14918 cob 1 1399679.936076 0.651275 0.348725
14919 cob 1 1399679.936076 0.652153 0.347847
14920 cob 1 1399679.936076 0.653031 0.346969
14921 cob 1 1399679.936076 0.653908 0.346092
14922 cob 1 1399679.936076 0.654786 0.345214
14923 cob 1 1399679.936076 0.655664 0.344336
14924 cob 1 1399679.936076 0.656542 0.343458
14925 cob 1 1399679.936076 0.657420 0.342580
14926 cob 1 1399679.936076 0.658298 0.341702
14927 cob 1 1399679.936076 0.659176 0.340824
14928 cob 1 1399679.936076 0.660054 0.339946
14929 cob 1 1399679.936076 0.660932 0.339068
14930 cob 1 1399679.936076 0.661809 0.338191
14931 cob 1 1399679.936076 0.662687 0.337313
14932 cob 1 1399679.936076 0.663565 0.336435
14933 cob 1 1399679.936076 0.664443 0.335557
14934 cob 1 1399679.936076 0.665321 0.334679
14935 cob 1 1399679.936076 0.666199 0.333801
14936 cob 1 1399679.936076 0.667077 0.332923
14937 cob 1 1399679.936076 0.667955 0.332045
14938 cob 1 1399679.936076 0.668833 0.331167
14939 cob 1 1399679.936076 0.669711 0.330289
14940 cob 1 1399679.936076 0.670588 0.329412
14941 cob 1 1399679.936076 0.671466 0.328534
14942 cob 1 1399679.936076 0.672344 0.327656
14943 cob 1 1399679.936076 0.673222 0.326778
14944 cob 1 1399679.936076 0.674100 0.325900
14945 cob 1 1399679.936076 0.674978 0.325022
14946 cob 1 1399679.936076 0.675856 0.324144
14947 cob 1 1399679.936076 0.676734 0.323266
14948 cob 1 1399679.936076 0.677612 0.322388
14949 cob 1 1399679.936076 0.678490 0.321510
14950 cob 1 1399679.936076 0.679367 0.320633
14951 cob 1 1399679.936076 0.680245 0.319755
14952 cob 1 1399679.936076 0.681123 0.318877
14953 cob 1 1399679.936076 0.682001 0.317999
14954 cob 1 1399679.936076 0.682879 0.317121
14955 cob 1 1399679.936076 0.683757 0.316243
14956 cob 1 1399679.936076 0.684635 0.315365
14957 cob 1 1399679.936076 0.685513 0.314487
14958 cob 1 1399679.936076 0.686391 0.313609
14959 cob 1 1399679.936076 0.687268 0.312732
14960 cob 1 1399679.936076 0.688146 0.311854
14961 cob 1 1399679.936076 0.689024 0.310976
14962 cob 1 1399679.936076 0.689902 0.310098
14963 cob 1 1399679.936076 0.690780 0.309220
14964 cob 1 1399679.936076 0.691658 0.308342
14965 cob 1 1399679.936076 0.692536 0.307464
14966 cob 1 1399679.936076 0.693414 0.306586
14967 cob 1 1399679.936076 0.694292 0.305708
14968 cob 1 1399679.936076 0.695170 0.304830
14969 cob 1 1399679.936076 0.696047 0.303953
14970 cob 1 1399679.936076 0.696925 0.303075
14971 cob 1 1399679.936076 0.697803 0.302197
14972 cob 1 1399679.936076 0.698681 0.301319
14973 cob 1 1399679.936076 0.699559 0.300441
14974 cob 1 1399679.936076 0.700437 0.299563
14975 cob 1 1399679.936076 0.701315 0.298685
14976 cob 1 1399679.936076 0.702193 0.297807
14977 cob 1 1399679.936076 0.703071 0.296929
14978 cob 1 1399679.936076 0.703948 0.296052
14979 cob 1 1399679.936076 0.704826 0.295174
14980 cob 1 1399679.936076 0.705704 0.294296
14981 cob 1 1399679.936076 0.706582 0.293418
14982 cob 1 1399679.936076 0.707460 0.292540
14983 cob 1 1399679.936076 0.708338 0.291662
14984 cob 1 1399679.936076 0.709216 0.290784
14985 cob 1 1399679.936076 0.710094 0.289906
14986 cob 1 1399679.936076 0.710972 0.289028
14987 cob 1 1399679.936076 0.711850 0.288150
14988 cob 1 1399679.936076 0.712727 0.287273
14989 cob 1 1399679.936076 0.713605 0.286395
14990 cob 1 1399679.936076 0.714483 0.285517
14991 cob 1 1399679.936076 0.715361 0.284639
14992 cob 1 1399679.936076 0.716239 0.283761
14993 cob 1 1399679.936076 0.717117 0.282883
14994 cob 1 1399679.936076 0.717995 0.282005
14995 cob 1 1399679.936076 0.718873 0.281127
14996 cob 1 1399679.936076 0.719751 0.280249
14997 cob 1 1399679.936076 0.720629 0.279371
14998 cob 1 1399679.936076 0.721506 0.278494
14999 cob 1 1399679.936076 0.722384 0.277616
15000 cob 1 1399679.936076 0.723262 0.276738
15001 cob 1 1399679.936076 0.724140 0.275860
15002 cob 1 1399679.936076 0.725018 0.274982
15003 cob 1 1399679.936076 0.725896 0.274104
15004 cob 1 1399679.936076 0.726774 0.273226
15005 cob 1 1399679.936076 0.727652 0.272348
15006 cob 1 1399679.936076 0.728530 0.271470
15007 cob 1 1399679.936076 0.729407 0.270593
15008 cob 1 1399679.936076 0.730285 0.269715
15009 cob 1 1399679.936076 0.731163 0.268837
15010 cob 1 1399605.262412 0.732061 0.267939
15011 cob 1 1399605.262412 0.732939 0.267061
15012 cob 1 1399605.262412 0.733817 0.266183
15013 cob 1 1399605.262412 0.734694 0.265306
15014 cob 1 1399605.262412 0.735572 0.264428
15015 cob 1 1399605.262412 0.736450 0.263550
15016 cob 1 1399605.262412 0.737328 0.262672
15017 cob 1 1399605.262412 0.738206 0.261794
15018 cob 1 1399605.262412 0.739084 0.260916
15019 cob 1 1399605.262412 0.739962 0.260038
15020 cob 1 1399605.262412 0.740840 0.259160
15021 cob 1 1399605.262412 0.741718 0.258282
15022 cob 1 1399605.262412 0.742595 0.257405
15023 cob 1 1399605.262412 0.743473 0.256527
15024 cob 1 1399605.262412 0.744351 0.255649
15025 cob 1 1399605.262412 0.745229 0.254771
15026 cob 1 1399605.262412 0.746107 0.253893
15027 cob 1 1399605.262412 0.746985 0.253015
15028 cob 1 1399550.774295 0.747861 0.252139
15029 cob 1 1399550.774295 0.748738 0.251262
15030 cob 1 1399550.774295 0.749616 0.250384
15031 cob 1 1399550.774295 0.750494 0.249506
15032 cob 1 1399550.774295 0.751372 0.248628
15033 cob 1 1399550.774295 0.752250 0.247750
15034 cob 1 1399550.774295 0.753128 0.246872
15035 cob 1 1399550.774295 0.754006 0.245994
15036 cob 1 1399550.774295 0.754884 0.245116
15037 cob 1 1399393.765087 0.755760 0.244240
15038 cob 1 1399393.765087 0.756638 0.243362
15039 cob 1 1399393.765087 0.757516 0.242484
15040 cob 1 1399393.765087 0.758394 0.241606
15041 cob 1 1399393.765087 0.759272 0.240728
15042 cob 1 1399393.765087 0.760150 0.239850
15043 cob 1 1399393.765087 0.761028 0.238972
15044 cob 1 1399393.765087 0.761905 0.238095
15045 cob 1 1399393.765087 0.762783 0.237217
15046 cob 1 1399393.765087 0.763661 0.236339
15047 cob 1 1399393.765087 0.764539 0.235461
15048 cob 1 1399393.765087 0.765417 0.234583
15049 cob 1 1399267.136154 0.766285 0.233715
15050 cob 1 1399267.136154 0.767163 0.232837
15051 cob 1 1399267.136154 0.768041 0.231959
15052 cob 1 1399267.136154 0.768919 0.231081
15053 cob 1 1399267.136154 0.769797 0.230203
15054 cob 1 1399267.136154 0.770674 0.229326
15055 cob 1 1399187.527090 0.771548 0.228452
15056 cob 1 1399187.527090 0.772426 0.227574
15057 cob 1 1399187.527090 0.773304 0.226696
15058 cob 1 1399187.527090 0.774182 0.225818
15059 cob 1 1399187.527090 0.775060 0.224940
15060 cob 1 1399187.527090 0.775938 0.224062
15061 cob 1 1399187.527090 0.776815 0.223185
15062 cob 1 1399187.527090 0.777693 0.222307
15063 cob 1 1399187.527090 0.778571 0.221429
15064 cob 1 1399033.976105 0.779441 0.220559
15065 cob 1 1399033.976105 0.780319 0.219681
15066 cob 1 1399033.976105 0.781197 0.218803
15067 cob 1 1399033.976105 0.782075 0.217925
15068 cob 1 1399033.976105 0.782952 0.217048
15069 cob 1 1399033.976105 0.783830 0.216170
15070 cob 1 1399033.976105 0.784708 0.215292
15071 cob 1 1399033.976105 0.785586 0.214414
15072 cob 1 1399033.976105 0.786464 0.213536
15073 cob 1 1399033.976105 0.787342 0.212658
15074 cob 1 1399033.976105 0.788219 0.211781
15075 cob 1 1399033.976105 0.789097 0.210903
15076 cob 1 1399016.083315 0.789973 0.210027
15077 cob 1 1399016.083315 0.790850 0.209150
15078 cob 1 1399016.083315 0.791728 0.208272
15079 cob 1 1398999.983135 0.792603 0.207397
15080 cob 1 1398999.983135 0.793481 0.206519
15081 cob 1 1398999.983135 0.794358 0.205642
15082 cob 1 1398999.983135 0.795236 0.204764
15083 cob 1 1398999.983135 0.796114 0.203886
15084 cob 1 1398999.983135 0.796992 0.203008
15085 cob 1 1398999.983135 0.797870 0.202130
15086 cob 1 1398999.983135 0.798747 0.201253
15087 cob 1 1398999.983135 0.799625 0.200375
15088 cob 1 1398999.983135 0.800503 0.199497
15089 cob 1 1398999.983135 0.801381 0.198619
15090 cob 1 1398999.983135 0.802259 0.197741
15091 cob 1 1398520.305094 0.803132 0.196868
15092 cob 1 1398520.305094 0.804010 0.195990
15093 cob 1 1398520.305094 0.804887 0.195113
15094 cob 1 1398520.305094 0.805765 0.194235
15095 cob 1 1398520.305094 0.806643 0.193357
15096 cob 1 1398520.305094 0.807521 0.192479
15097 cob 1 1398520.305094 0.808399 0.191601
15098 cob 1 1398520.305094 0.809277 0.190723
15099 cob 1 1398520.305094 0.810154 0.189846
15100 cob 1 1398520.305094 0.811032 0.188968
15101 cob 1 1398520.305094 0.811910 0.188090
15102 cob 1 1398520.305094 0.812788 0.187212
15103 cob 1 1398520.305094 0.813666 0.186334
15104 cob 1 1398520.305094 0.814543 0.185457
15105 cob 1 1398520.305094 0.815421 0.184579
15106 cob 1 1398404.415684 0.816301 0.183699
15107 cob 1 1398404.415684 0.817179 0.182821
15108 cob 1 1398404.415684 0.818057 0.181943
15109 cob 1 1398404.415684 0.818935 0.181065
15110 cob 1 1398404.415684 0.819813 0.180187
15111 cob 1 1398404.415684 0.820690 0.179310
15112 cob 1 1398404.415684 0.821568 0.178432
15113 cob 1 1398404.415684 0.822446 0.177554
15114 cob 1 1398404.415684 0.823324 0.176676
15115 cob 1 1398404.415684 0.824202 0.175798
15116 cob 1 1398404.415684 0.825079 0.174921
15117 cob 1 1398404.415684 0.825957 0.174043
15118 cob 1 1398255.756128 0.826814 0.173186
15119 cob 1 1398255.756128 0.827691 0.172309
15120 cob 1 1398255.756128 0.828569 0.171431
15121 cob 1 1398255.756128 0.829447 0.170553
15122 cob 1 1398255.756128 0.830325 0.169675
15123 cob 1 1398255.756128 0.831203 0.168797
15124 cob 1 1398255.756128 0.832080 0.167920
15125 cob 1 1398255.756128 0.832958 0.167042
15126 cob 1 1398255.756128 0.833836 0.166164
15127 cob 1 1398126.859932 0.834713 0.165287
15128 cob 1 1398126.859932 0.835590 0.164410
15129 cob 1 1398126.859932 0.836468 0.163532
15130 cob 1 1398126.859932 0.837346 0.162654
15131 cob 1 1398126.859932 0.838224 0.161776
15132 cob 1 1398126.859932 0.839102 0.160898
15133 cob 1 1398126.859932 0.839979 0.160021
15134 cob 1 1398126.859932 0.840857 0.159143
15135 cob 1 1398126.859932 0.841735 0.158265
15136 cob 1 1398126.859932 0.842613 0.157387
15137 cob 1 1398126.859932 0.843491 0.156509
15138 cob 1 1398126.859932 0.844368 0.155632
15139 cob 1 1398126.859932 0.845246 0.154754
15140 cob 1 1398126.859932 0.846124 0.153876
15141 cob 1 1398126.859932 0.847002 0.152998
15142 cob 1 1398126.859932 0.847880 0.152120
15143 cob 1 1398126.859932 0.848757 0.151243
15144 cob 1 1398126.859932 0.849635 0.150365
15145 cob 1 1398126.859932 0.850513 0.149487
15146 cob 1 1398126.859932 0.851391 0.148609
15147 cob 1 1398126.859932 0.852269 0.147731
15148 cob 1 1398126.859932 0.853146 0.146854
15149 cob 1 1398126.859932 0.854024 0.145976
15150 cob 1 1398126.859932 0.854902 0.145098
15151 cob 1 1398126.859932 0.855780 0.144220
15152 cob 1 1398126.859932 0.856657 0.143343
15153 cob 1 1398126.859932 0.857535 0.142465
15154 cob 1 1398126.859932 0.858413 0.141587
15155 cob 1 1398126.859932 0.859291 0.140709
15156 cob 1 1398126.859932 0.860169 0.139831
15157 cob 1 1397995.589906 0.861045 0.138955
15158 cob 1 1397995.589906 0.861923 0.138077
15159 cob 1 1397995.589906 0.862801 0.137199
15160 cob 1 1397995.589906 0.863679 0.136321
15161 cob 1 1397995.589906 0.864557 0.135443
15162 cob 1 1397995.589906 0.865434 0.134566
15163 cob 1 1397995.589906 0.866312 0.133688
15164 cob 1 1397995.589906 0.867190 0.132810
15165 cob 1 1397995.589906 0.868068 0.131932
15166 cob 1 1397995.589906 0.868946 0.131054
15167 cob 1 1397995.589906 0.869823 0.130177
15168 cob 1 1397995.589906 0.870701 0.129299
15169 cob 1 1397995.589906 0.871579 0.128421
15170 cob 1 1397995.589906 0.872457 0.127543
15171 cob 1 1397995.589906 0.873335 0.126665
15172 cob 1 1397995.589906 0.874212 0.125788
15173 cob 1 1397995.589906 0.875090 0.124910
15174 cob 1 1397995.589906 0.875968 0.124032
15175 cob 1 1397995.589906 0.876846 0.123154
15176 cob 1 1397995.589906 0.877724 0.122276
15177 cob 1 1397995.589906 0.878601 0.121399
15178 cob 1 1397995.589906 0.879479 0.120521
15179 cob 1 1397995.589906 0.880357 0.119643
15180 cob 1 1397995.589906 0.881235 0.118765
15181 cob 1 1397995.589906 0.882112 0.117888
15182 cob 1 1397995.589906 0.882990 0.117010
15183 cob 1 1397995.589906 0.883868 0.116132
15184 cob 1 1397995.589906 0.884746 0.115254
15185 cob 1 1397995.589906 0.885624 0.114376
15186 cob 1 1397995.589906 0.886501 0.113499
15187 cob 1 1397995.589906 0.887379 0.112621
15188 cob 1 1397995.589906 0.888257 0.111743
15189 cob 1 1397995.589906 0.889135 0.110865
15190 cob 1 1397995.589906 0.890013 0.109987
15191 cob 1 1397995.589906 0.890890 0.109110
15192 cob 1 1397995.589906 0.891768 0.108232
15193 cob 1 1397995.589906 0.892646 0.107354
15194 cob 1 1397995.589906 0.893524 0.106476
15195 cob 1 1397995.589906 0.894402 0.105598
15196 cob 1 1397848.162371 0.895279 0.104721
15197 cob 1 1397848.162371 0.896156 0.103844
15198 cob 1 1397848.162371 0.897034 0.102966
15199 cob 1 1397848.162371 0.897912 0.102088
15200 cob 1 1397848.162371 0.898790 0.101210
15201 cob 1 1397848.162371 0.899668 0.100332
15202 cob 1 1397848.162371 0.900545 0.099455
15203 cob 1 1397848.162371 0.901423 0.098577
15204 cob 1 1397848.162371 0.902301 0.097699
15205 cob 1 1397848.162371 0.903179 0.096821
15206 cob 1 1397848.162371 0.904057 0.095943
15207 cob 1 1397848.162371 0.904934 0.095066
15208 cob 1 1397649.615310 0.905810 0.094190
15209 cob 1 1397649.615310 0.906688 0.093312
15210 cob 1 1397649.615310 0.907566 0.092434
15211 cob 1 1397530.301052 0.908433 0.091567
15212 cob 1 1397530.301052 0.909311 0.090689
15213 cob 1 1397530.301052 0.910189 0.089811
15214 cob 1 1397315.093523 0.911068 0.088932
15215 cob 1 1397315.093523 0.911945 0.088055
15216 cob 1 1397315.093523 0.912823 0.087177
15217 cob 1 1395428.090515 0.913700 0.086300
15218 cob 1 1395428.090515 0.914578 0.085422
15219 cob 1 1395428.090515 0.915456 0.084544
15220 cob 1 1395089.922609 0.916333 0.083667
15221 cob 1 1395089.922609 0.917211 0.082789
15222 cob 1 1395089.922609 0.918088 0.081912
15223 cob 1 1395006.680764 0.918966 0.081034
15224 cob 1 1395006.680764 0.919843 0.080157
15225 cob 1 1395006.680764 0.920721 0.079279
15226 cob 1 1394536.542222 0.921600 0.078400
15227 cob 1 1394536.542222 0.922478 0.077522
15228 cob 1 1394536.542222 0.923356 0.076644
15229 cob 1 1393002.929385 0.924221 0.075779
15230 cob 1 1393002.929385 0.925099 0.074901
15231 cob 1 1393002.929385 0.925976 0.074024
15232 cob 1 1389496.491455 0.926839 0.073161
15233 cob 1 1389496.491455 0.927716 0.072284
15234 cob 1 1389496.491455 0.928594 0.071406
15235 cob 1 1388307.194652 0.929455 0.070545
15236 cob 1 1388307.194652 0.930332 0.069668
15237 cob 1 1388307.194652 0.931210 0.068790
15238 cob 1 1388307.194652 0.932088 0.067912
15239 cob 1 1388307.194652 0.932965 0.067035
15240 cob 1 1388307.194652 0.933843 0.066157
15241 cob 1 1386453.652010 0.934700 0.065300
15242 cob 1 1386453.652010 0.935578 0.064422
15243 cob 1 1386453.652010 0.936456 0.063544
15244 cob 1 1383300.144837 0.937304 0.062696
15245 cob 1 1383300.144837 0.938182 0.061818
15246 cob 1 1383300.144837 0.939059 0.060941
15247 cob 1 1380158.169764 0.939917 0.060083
15248 cob 1 1380158.169764 0.940794 0.059206
15249 cob 1 1380158.169764 0.941672 0.058328
15250 cob 1 1378420.076808 0.942523 0.057477
15251 cob 1 1378420.076808 0.943400 0.056600
15252 cob 1 1378420.076808 0.944278 0.055722
15253 cob 1 1321294.418109 0.945008 0.054992
15254 cob 1 1321294.418109 0.945885 0.054115
15255 cob 1 1321294.418109 0.946763 0.053237
15256 cob 1 1294751.649077 0.947513 0.052487
15257 cob 1 1294751.649077 0.948390 0.051610
15258 cob 1 1294751.649077 0.949267 0.050733
15259 cob 1 1294162.164839 0.950136 0.049864
15260 cob 1 1294162.164839 0.951013 0.048987
15261 cob 1 1294162.164839 0.951890 0.048110
15262 cob 1 1293582.387422 0.952745 0.047255
15263 cob 1 1293582.387422 0.953622 0.046378
15264 cob 1 1293582.387422 0.954499 0.045501
15265 cob 1 1291441.039409 0.955340 0.044660
15266 cob 1 1291441.039409 0.956216 0.043784
15267 cob 1 1291441.039409 0.957093 0.042907
15268 cob 1 1254218.251261 0.957742 0.042258
15269 cob 1 1254218.251261 0.958619 0.041381
15270 cob 1 1254218.251261 0.959495 0.040505
15271 cob 1 1243694.004083 0.960157 0.039843
15272 cob 1 1243694.004083 0.961033 0.038967
15273 cob 1 1243694.004083 0.961910 0.038090
15274 cob 1 1236253.028466 0.962691 0.037309
15275 cob 1 1236253.028466 0.963567 0.036433
15276 cob 1 1236253.028466 0.964444 0.035556
15277 cob 1 1234251.448976 0.965304 0.034696
15278 cob 1 1234251.448976 0.966180 0.033820
15279 cob 1 1234251.448976 0.967056 0.032944
15280 cob 1 1225567.679993 0.967869 0.032131
15281 cob 1 1225567.679993 0.968745 0.031255
15282 cob 1 1225567.679993 0.969621 0.030379
15283 cob 1 1218420.494955 0.970476 0.029524
15284 cob 1 1218420.494955 0.971352 0.028648
15285 cob 1 1218420.494955 0.972228 0.027772
15286 cob 1 1204242.110530 0.973065 0.026935
15287 cob 1 1204242.110530 0.973941 0.026059
15288 cob 1 1204242.110530 0.974818 0.025182
15289 cob 1 1199876.902175 0.975698 0.024302
15290 cob 1 1199876.902175 0.976574 0.023426
15291 cob 1 1199876.902175 0.977450 0.022550
15292 cob 1 1196028.982172 0.978312 0.021688
15293 cob 1 1196028.982172 0.979188 0.020812
15294 cob 1 1196028.982172 0.980064 0.019936
15295 cob 1 1191837.922608 0.980890 0.019110
15296 cob 1 1191837.922608 0.981766 0.018234
15297 cob 1 1191837.922608 0.982642 0.017358
15298 cob 1 1182100.763546 0.983541 0.016459
15299 cob 1 1182100.763546 0.984417 0.015583
15300 cob 1 1182100.763546 0.985293 0.014707
15301 cob 1 1174011.439406 0.986130 0.013870
15302 cob 1 1174011.439406 0.987006 0.012994
15303 cob 1 1174011.439406 0.987882 0.012118
15304 cob 1 1129874.256687 0.988681 0.011319
15305 cob 1 1129874.256687 0.989557 0.010443
15306 cob 1 1129874.256687 0.990432 0.009568
15307 cob 1 1016453.452171 0.991677 0.008323
15308 cob 1 1016453.452171 0.992554 0.007446
15309 cob 1 1016453.452171 0.993430 0.006570
15310 cob 1 618168.174483 0.993793 0.006207
15311 cob 1 618168.174483 0.994669 0.005331
15312 cob 1 618168.174483 0.995545 0.004455
15313 cob 1 685.383332 0.934408 0.065592
15314 cob 1 685.383332 0.935226 0.064774
15315 cob 1 685.383332 0.936044 0.063956
15316 cob 1 685.383332 0.936862 0.063138
15317 cob 1 685.383332 0.937680 0.062320
15318 cob 1 685.383332 0.938499 0.061501
15319 cob 1 685.383332 0.939317 0.060683
15320 cob 1 685.383332 0.940135 0.059865
15321 cob 1 685.383332 0.940953 0.059047
15322 cob 1 685.383332 0.941771 0.058229
15323 cob 1 685.383332 0.942589 0.057411
15324 cob 1 685.383332 0.943407 0.056593
15325 cob 1 578.957363 0.933250 0.066750
15326 cob 1 578.957363 0.934060 0.065940
15327 cob 1 578.957363 0.934869 0.065131
15328 cob 1 578.957363 0.935679 0.064321
15329 cob 1 578.957363 0.936489 0.063511
15330 cob 1 578.957363 0.937299 0.062701
15331 cob 1 578.957363 0.938109 0.061891
15332 cob 1 578.957363 0.938918 0.061082
15333 cob 1 578.957363 0.939728 0.060272
15334 cob 1 578.957363 0.940538 0.059462
15335 cob 1 578.957363 0.941348 0.058652
15336 cob 1 578.957363 0.942158 0.057842
15337 cob 1 578.957363 0.942967 0.057033
15338 cob 1 578.957363 0.943777 0.056223
15339 cob 1 578.957363 0.944587 0.055413
15340 cob 1 578.957363 0.945397 0.054603
15341 cob 1 578.957363 0.946207 0.053793
15342 cob 1 578.957363 0.947016 0.052984
15343 cob 1 578.957363 0.947826 0.052174
15344 cob 1 578.957363 0.948636 0.051364
15345 cob 1 578.957363 0.949446 0.050554
15346 cob 1 578.957363 0.950256 0.049744
15347 cob 1 578.957363 0.951065 0.048935
15348 cob 1 578.957363 0.951875 0.048125
15349 cob 1 578.957363 0.952685 0.047315
15350 cob 1 578.957363 0.953495 0.046505
15351 cob 1 578.957363 0.954305 0.045695
15352 cob 1 578.957363 0.955114 0.044886
15353 cob 1 578.957363 0.955924 0.044076
15354 cob 1 578.957363 0.956734 0.043266
15355 cob 1 400.291817 0.948235 0.051765
15356 cob 1 400.291817 0.949036 0.050964
15357 cob 1 400.291817 0.949837 0.050163
15358 cob 1 400.291817 0.950639 0.049361
15359 cob 1 400.291817 0.951440 0.048560
15360 cob 1 400.291817 0.952241 0.047759
15361 cob 1 400.291817 0.953042 0.046958
15362 cob 1 400.291817 0.953843 0.046157
15363 cob 1 400.291817 0.954644 0.045356
15364 cob 1 400.291817 0.955445 0.044555
15365 cob 1 400.291817 0.956246 0.043754
15366 cob 1 400.291817 0.957047 0.042953
15367 cob 1 400.291817 0.957849 0.042151
15368 cob 1 400.291817 0.958650 0.041350
15369 cob 1 400.291817 0.959451 0.040549
15370 cob 1 400.291817 0.960252 0.039748
15371 cob 1 400.291817 0.961053 0.038947
15372 cob 1 400.291817 0.961854 0.038146
15373 cob 1 288.774691 0.973057 0.026943
15374 cob 1 288.774691 0.973859 0.026141
15375 cob 1 288.774691 0.974660 0.025340
15376 cob 1 200.000000 0.993391 0.006609
15377 cob 1 200.000000 0.994219 0.005781
15378 cob 1 200.000000 0.995047 0.004953
15379 cob 1 0.000000 0.000000 0.000000
13565 nad6 -1 0.000000 0.000000 0.000000
13566 nad6 -1 181.209909 0.992582 0.007418
13567 nad6 -1 181.209909 0.990731 0.009269
13568 nad6 -1 181.209909 0.988880 0.011120
13569 nad6 -1 663.422523 0.988476 0.011524
13570 nad6 -1 663.422523 0.986621 0.013379
13571 nad6 -1 663.422523 0.984767 0.015233
13572 nad6 -1 702.788610 0.982201 0.017799
13573 nad6 -1 702.788610 0.980348 0.019652
13574 nad6 -1 702.788610 0.978495 0.021505
13575 nad6 -1 702.788610 0.976642 0.023358
13576 nad6 -1 702.788610 0.974789 0.025211
13577 nad6 -1 702.788610 0.972936 0.027064
13578 nad6 -1 702.788610 0.971083 0.028917
13579 nad6 -1 702.788610 0.969230 0.030770
13580 nad6 -1 702.788610 0.967377 0.032623
13581 nad6 -1 740.388072 0.965044 0.034956
13582 nad6 -1 740.388072 0.963190 0.036810
13583 nad6 -1 740.388072 0.961336 0.038664
13584 nad6 -1 740.388072 0.959482 0.040518
13585 nad6 -1 740.388072 0.957628 0.042372
13586 nad6 -1 740.388072 0.955774 0.044226
13587 nad6 -1 1221.546164 0.956403 0.043597
13588 nad6 -1 1221.546164 0.954539 0.045461
13589 nad6 -1 1221.546164 0.952676 0.047324
13590 nad6 -1 1221.546164 0.950813 0.049187
13591 nad6 -1 1221.546164 0.948950 0.051050
13592 nad6 -1 1221.546164 0.947087 0.052913
13593 nad6 -1 19278.249490 0.948139 0.051861
13594 nad6 -1 19278.249490 0.946276 0.053724
13595 nad6 -1 19278.249490 0.944413 0.055587
13596 nad6 -1 98562.384631 0.952913 0.047087
13597 nad6 -1 98562.384631 0.951031 0.048969
13598 nad6 -1 98562.384631 0.949149 0.050851
13599 nad6 -1 106110.010969 0.948605 0.051395
13600 nad6 -1 106110.010969 0.946720 0.053280
13601 nad6 -1 106110.010969 0.944835 0.055165
13602 nad6 -1 106124.465572 0.942945 0.057055
13603 nad6 -1 106124.465572 0.941060 0.058940
13604 nad6 -1 106124.465572 0.939176 0.060824
13605 nad6 -1 106172.996651 0.937251 0.062749
13606 nad6 -1 106172.996651 0.935367 0.064633
13607 nad6 -1 106172.996651 0.933482 0.066518
13608 nad6 -1 106172.996651 0.931598 0.068402
13609 nad6 -1 106172.996651 0.929713 0.070287
13610 nad6 -1 106172.996651 0.927829 0.072171
13611 nad6 -1 106188.983814 0.925940 0.074060
13612 nad6 -1 106188.983814 0.924055 0.075945
13613 nad6 -1 106188.983814 0.922171 0.077829
13614 nad6 -1 106188.983814 0.920286 0.079714
13615 nad6 -1 106188.983814 0.918402 0.081598
13616 nad6 -1 106188.983814 0.916517 0.083483
13617 nad6 -1 106188.983814 0.914633 0.085367
13618 nad6 -1 106188.983814 0.912748 0.087252
13619 nad6 -1 106188.983814 0.910864 0.089136
13620 nad6 -1 106203.187295 0.908983 0.091017
13621 nad6 -1 106203.187295 0.907099 0.092901
13622 nad6 -1 106203.187295 0.905214 0.094786
13623 nad6 -1 106203.187295 0.903330 0.096670
13624 nad6 -1 106203.187295 0.901445 0.098555
13625 nad6 -1 106203.187295 0.899561 0.100439
13626 nad6 -1 106203.187295 0.897676 0.102324
13627 nad6 -1 106203.187295 0.895792 0.104208
13628 nad6 -1 106203.187295 0.893907 0.106093
13629 nad6 -1 106203.187295 0.892022 0.107978
13630 nad6 -1 106203.187295 0.890138 0.109862
13631 nad6 -1 106203.187295 0.888253 0.111747
13632 nad6 -1 106203.187295 0.886369 0.113631
13633 nad6 -1 106203.187295 0.884484 0.115516
13634 nad6 -1 106203.187295 0.882600 0.117400
13635 nad6 -1 106203.187295 0.880715 0.119285
13636 nad6 -1 106203.187295 0.878831 0.121169
13637 nad6 -1 106203.187295 0.876946 0.123054
13638 nad6 -1 106219.680790 0.875058 0.124942
13639 nad6 -1 106219.680790 0.873174 0.126826
13640 nad6 -1 106219.680790 0.871289 0.128711
13641 nad6 -1 106314.740085 0.869373 0.130627
13642 nad6 -1 106314.740085 0.867489 0.132511
13643 nad6 -1 106314.740085 0.865604 0.134396
13644 nad6 -1 106363.274209 0.863710 0.136290
13645 nad6 -1 106363.274209 0.861825 0.138175
13646 nad6 -1 106363.274209 0.859941 0.140059
13647 nad6 -1 106377.509286 0.858053 0.141947
13648 nad6 -1 106377.509286 0.856168 0.143832
13649 nad6 -1 106377.509286 0.854284 0.145716
13650 nad6 -1 106377.509286 0.852399 0.147601
13651 nad6 -1 106377.509286 0.850515 0.149485
13652 nad6 -1 106377.509286 0.848631 0.151369
13653 nad6 -1 106377.509286 0.846746 0.153254
13654 nad6 -1 106377.509286 0.844862 0.155138
13655 nad6 -1 106377.509286 0.842977 0.157023
13656 nad6 -1 106811.400511 0.841014 0.158986
13657 nad6 -1 106811.400511 0.839129 0.160871
13658 nad6 -1 106811.400511 0.837245 0.162755
13659 nad6 -1 107445.013631 0.835249 0.164751
13660 nad6 -1 107445.013631 0.833365 0.166635
13661 nad6 -1 107445.013631 0.831481 0.168519
13662 nad6 -1 107445.013631 0.829597 0.170403
13663 nad6 -1 107445.013631 0.827713 0.172287
13664 nad6 -1 107445.013631 0.825829 0.174171
13665 nad6 -1 107461.741266 0.823948 0.176052
13666 nad6 -1 107461.741266 0.822064 0.177936
13667 nad6 -1 107461.741266 0.820180 0.179820
13668 nad6 -1 107689.128973 0.818247 0.181753
13669 nad6 -1 107689.128973 0.816363 0.183637
13670 nad6 -1 107689.128973 0.814479 0.185521
13671 nad6 -1 107706.841171 0.812577 0.187423
13672 nad6 -1 107706.841171 0.810693 0.189307
13673 nad6 -1 107706.841171 0.808809 0.191191
13674 nad6 -1 107726.595658 0.806922 0.193078
13675 nad6 -1 107726.595658 0.805038 0.194962
13676 nad6 -1 107726.595658 0.803154 0.196846
13677 nad6 -1 107743.962190 0.801266 0.198734
13678 nad6 -1 107743.962190 0.799383 0.200617
13679 nad6 -1 107743.962190 0.797499 0.202501
13680 nad6 -1 107895.478460 0.795672 0.204328
13681 nad6 -1 107895.478460 0.793788 0.206212
13682 nad6 -1 107895.478460 0.791904 0.208096
13683 nad6 -1 107895.478460 0.790020 0.209980
13684 nad6 -1 107895.478460 0.788136 0.211864
13685 nad6 -1 107895.478460 0.786252 0.213748
13686 nad6 -1 107901.672280 0.784381 0.215619
13687 nad6 -1 107901.672280 0.782497 0.217503
13688 nad6 -1 107901.672280 0.780613 0.219387
13689 nad6 -1 107901.672280 0.778729 0.221271
13690 nad6 -1 107901.672280 0.776845 0.223155
13691 nad6 -1 107901.672280 0.774960 0.225040
13692 nad6 -1 107901.672280 0.773076 0.226924
13693 nad6 -1 107901.672280 0.771192 0.228808
13694 nad6 -1 107901.672280 0.769308 0.230692
13695 nad6 -1 107901.672280 0.767424 0.232576
13696 nad6 -1 107901.672280 0.765540 0.234460
13697 nad6 -1 107901.672280 0.763656 0.236344
13698 nad6 -1 107901.672280 0.761772 0.238228
13699 nad6 -1 107901.672280 0.759888 0.240112
13700 nad6 -1 107901.672280 0.758004 0.241996
13701 nad6 -1 107901.672280 0.756120 0.243880
13702 nad6 -1 107901.672280 0.754236 0.245764
13703 nad6 -1 107901.672280 0.752352 0.247648
13704 nad6 -1 107901.672280 0.750468 0.249532
13705 nad6 -1 107901.672280 0.748584 0.251416
13706 nad6 -1 107901.672280 0.746700 0.253300
13707 nad6 -1 107915.753726 0.744825 0.255175
13708 nad6 -1 107915.753726 0.742941 0.257059
13709 nad6 -1 107915.753726 0.741057 0.258943
13710 nad6 -1 107915.753726 0.739173 0.260827
13711 nad6 -1 107915.753726 0.737289 0.262711
13712 nad6 -1 107915.753726 0.735405 0.264595
13713 nad6 -1 107915.753726 0.733521 0.266479
13714 nad6 -1 107915.753726 0.731637 0.268363
13715 nad6 -1 107915.753726 0.729753 0.270247
13716 nad6 -1 107915.753726 0.727868 0.272132
13717 nad6 -1 107915.753726 0.725984 0.274016
13718 nad6 -1 107915.753726 0.724100 0.275900
13719 nad6 -1 107915.753726 0.722216 0.277784
13720 nad6 -1 107915.753726 0.720332 0.279668
13721 nad6 -1 107915.753726 0.718448 0.281552
13722 nad6 -1 108708.290752 0.716878 0.283122
13723 nad6 -1 108708.290752 0.714993 0.285007
13724 nad6 -1 108708.290752 0.713108 0.286892
13725 nad6 -1 108885.961339 0.711291 0.288709
13726 nad6 -1 108885.961339 0.709406 0.290594
13727 nad6 -1 108885.961339 0.707521 0.292479
13728 nad6 -1 108885.961339 0.705636 0.294364
13729 nad6 -1 108885.961339 0.703751 0.296249
13730 nad6 -1 108885.961339 0.701866 0.298134
13731 nad6 -1 108885.961339 0.699981 0.300019
13732 nad6 -1 108885.961339 0.698096 0.301904
13733 nad6 -1 108885.961339 0.696211 0.303789
13734 nad6 -1 108885.961339 0.694326 0.305674
13735 nad6 -1 108885.961339 0.692441 0.307559
13736 nad6 -1 108885.961339 0.690556 0.309444
13737 nad6 -1 108885.961339 0.688671 0.311329
13738 nad6 -1 108885.961339 0.686786 0.313214
13739 nad6 -1 108885.961339 0.684901 0.315099
13740 nad6 -1 108885.961339 0.683015 0.316985
13741 nad6 -1 108885.961339 0.681130 0.318870
13742 nad6 -1 108885.961339 0.679245 0.320755
13743 nad6 -1 108907.005170 0.677368 0.322632
13744 nad6 -1 108907.005170 0.675483 0.324517
13745 nad6 -1 108907.005170 0.673598 0.326402
13746 nad6 -1 108927.438144 0.671731 0.328269
13747 nad6 -1 108927.438144 0.669846 0.330154
13748 nad6 -1 108927.438144 0.667961 0.332039
13749 nad6 -1 108944.242244 0.666090 0.333910
13750 nad6 -1 108944.242244 0.664205 0.335795
13751 nad6 -1 108944.242244 0.662319 0.337681
13752 nad6 -1 108944.242244 0.660434 0.339566
13753 nad6 -1 108944.242244 0.658549 0.341451
13754 nad6 -1 108944.242244 0.656664 0.343336
13755 nad6 -1 108944.242244 0.654779 0.345221
13756 nad6 -1 108944.242244 0.652893 0.347107
13757 nad6 -1 108944.242244 0.651008 0.348992
13758 nad6 -1 108944.242244 0.649123 0.350877
13759 nad6 -1 108944.242244 0.647238 0.352762
13760 nad6 -1 108944.242244 0.645353 0.354647
13761 nad6 -1 108944.242244 0.643467 0.356533
13762 nad6 -1 108944.242244 0.641582 0.358418
13763 nad6 -1 108944.242244 0.639697 0.360303
13764 nad6 -1 108944.242244 0.637812 0.362188
13765 nad6 -1 108944.242244 0.635927 0.364073
13766 nad6 -1 108944.242244 0.634041 0.365959
13767 nad6 -1 108956.526241 0.632161 0.367839
13768 nad6 -1 108956.526241 0.630276 0.369724
13769 nad6 -1 108956.526241 0.628391 0.371609
13770 nad6 -1 108956.526241 0.626505 0.373495
13771 nad6 -1 108956.526241 0.624620 0.375380
13772 nad6 -1 108956.526241 0.622735 0.377265
13773 nad6 -1 109021.112771 0.620856 0.379144
13774 nad6 -1 109021.112771 0.618971 0.381029
13775 nad6 -1 109021.112771 0.617086 0.382914
13776 nad6 -1 109021.112771 0.615200 0.384800
13777 nad6 -1 109021.112771 0.613315 0.386685
13778 nad6 -1 109021.112771 0.611430 0.388570
13779 nad6 -1 109039.067448 0.609542 0.390458
13780 nad6 -1 109039.067448 0.607657 0.392343
13781 nad6 -1 109039.067448 0.605772 0.394228
13782 nad6 -1 109071.857958 0.603881 0.396119
13783 nad6 -1 109071.857958 0.601996 0.398004
13784 nad6 -1 109071.857958 0.600111 0.399889
13785 nad6 -1 109071.857958 0.598225 0.401775
13786 nad6 -1 109071.857958 0.596340 0.403660
13787 nad6 -1 109071.857958 0.594455 0.405545
13788 nad6 -1 109157.119356 0.592595 0.407405
13789 nad6 -1 109157.119356 0.590710 0.409290
13790 nad6 -1 109157.119356 0.588825 0.411175
13791 nad6 -1 109309.305849 0.586978 0.413022
13792 nad6 -1 109309.305849 0.585093 0.414907
13793 nad6 -1 109309.305849 0.583208 0.416792
13794 nad6 -1 109332.540330 0.581321 0.418679
13795 nad6 -1 109332.540330 0.579435 0.420565
13796 nad6 -1 109332.540330 0.577550 0.422450
13797 nad6 -1 109340.261142 0.575681 0.424319
13798 nad6 -1 109340.261142 0.573796 0.426204
13799 nad6 -1 109340.261142 0.571910 0.428090
13800 nad6 -1 109340.261142 0.570025 0.429975
13801 nad6 -1 109340.261142 0.568139 0.431861
13802 nad6 -1 109340.261142 0.566254 0.433746
13803 nad6 -1 109340.261142 0.564368 0.435632
13804 nad6 -1 109340.261142 0.562483 0.437517
13805 nad6 -1 109340.261142 0.560597 0.439403
13806 nad6 -1 109340.261142 0.558712 0.441288
13807 nad6 -1 109340.261142 0.556826 0.443174
13808 nad6 -1 109340.261142 0.554941 0.445059
13809 nad6 -1 109475.395299 0.553060 0.446940
13810 nad6 -1 109475.395299 0.551174 0.448826
13811 nad6 -1 109475.395299 0.549289 0.450711
13812 nad6 -1 109543.489157 0.547414 0.452586
13813 nad6 -1 109543.489157 0.545529 0.454471
13814 nad6 -1 109543.489157 0.543643 0.456357
13815 nad6 -1 109658.623270 0.541792 0.458208
13816 nad6 -1 109658.623270 0.539906 0.460094
13817 nad6 -1 109658.623270 0.538021 0.461979
13818 nad6 -1 109711.293687 0.536149 0.463851
13819 nad6 -1 109711.293687 0.534263 0.465737
13820 nad6 -1 109711.293687 0.532378 0.467622
13821 nad6 -1 110053.612680 0.530535 0.469465
13822 nad6 -1 110053.612680 0.528649 0.471351
13823 nad6 -1 110053.612680 0.526763 0.473237
13824 nad6 -1 110570.696912 0.524790 0.475210
13825 nad6 -1 110570.696912 0.522904 0.477096
13826 nad6 -1 110570.696912 0.521018 0.478982
13827 nad6 -1 111181.610242 0.519023 0.480977
13828 nad6 -1 111181.610242 0.517138 0.482862
13829 nad6 -1 111181.610242 0.515253 0.484747
13830 nad6 -1 111184.610242 0.513370 0.486630
13831 nad6 -1 111184.610242 0.511485 0.488515
13832 nad6 -1 111184.610242 0.509600 0.490400
13833 nad6 -1 111201.074948 0.507713 0.492287
13834 nad6 -1 111201.074948 0.505828 0.494172
13835 nad6 -1 111201.074948 0.503943 0.496057
13836 nad6 -1 111473.993129 0.502120 0.497880
13837 nad6 -1 111473.993129 0.500234 0.499766
13838 nad6 -1 111473.993129 0.498349 0.501651
13839 nad6 -1 111616.997030 0.496362 0.503638
13840 nad6 -1 111616.997030 0.494477 0.505523
13841 nad6 -1 111616.997030 0.492592 0.507408
13842 nad6 -1 111636.174208 0.490716 0.509284
13843 nad6 -1 111636.174208 0.488831 0.511169
13844 nad6 -1 111636.174208 0.486946 0.513054
13845 nad6 -1 111934.488662 0.485099 0.514901
13846 nad6 -1 111934.488662 0.483214 0.516786
13847 nad6 -1 111934.488662 0.481328 0.518672
13848 nad6 -1 116889.701957 0.479808 0.520192
13849 nad6 -1 116889.701957 0.477921 0.522079
13850 nad6 -1 116889.701957 0.476034 0.523966
13851 nad6 -1 120314.191719 0.474479 0.525521
13852 nad6 -1 120314.191719 0.472591 0.527409
13853 nad6 -1 120314.191719 0.470703 0.529297
13854 nad6 -1 120751.770625 0.468890 0.531110
13855 nad6 -1 120751.770625 0.467001 0.532999
13856 nad6 -1 120751.770625 0.465113 0.534887
13857 nad6 -1 121854.349415 0.463322 0.536678
13858 nad6 -1 121854.349415 0.461433 0.538567
13859 nad6 -1 121854.349415 0.459544 0.540456
13860 nad6 -1 122083.776474 0.457700 0.542300
13861 nad6 -1 122083.776474 0.455811 0.544189
13862 nad6 -1 122083.776474 0.453923 0.546077
13863 nad6 -1 122273.584476 0.452127 0.547873
13864 nad6 -1 122273.584476 0.450237 0.549763
13865 nad6 -1 122273.584476 0.448348 0.551652
13866 nad6 -1 122365.609426 0.446518 0.553482
13867 nad6 -1 122365.609426 0.444628 0.555372
13868 nad6 -1 122365.609426 0.442738 0.557262
13869 nad6 -1 122368.308396 0.440846 0.559154
13870 nad6 -1 122368.308396 0.438956 0.561044
13871 nad6 -1 122368.308396 0.437066 0.562934
13872 nad6 -1 122378.229215 0.435193 0.564807
13873 nad6 -1 122378.229215 0.433303 0.566697
13874 nad6 -1 122378.229215 0.431413 0.568587
13875 nad6 -1 122385.627155 0.429535 0.570465
13876 nad6 -1 122385.627155 0.427645 0.572355
13877 nad6 -1 122385.627155 0.425755 0.574245
13878 nad6 -1 122385.627155 0.423865 0.576135
13879 nad6 -1 122385.627155 0.421975 0.578025
13880 nad6 -1 122385.627155 0.420085 0.579915
13881 nad6 -1 122385.627155 0.418195 0.581805
13882 nad6 -1 122385.627155 0.416305 0.583695
13883 nad6 -1 122385.627155 0.414415 0.585585
13884 nad6 -1 122385.627155 0.412525 0.587475
13885 nad6 -1 122385.627155 0.410635 0.589365
13886 nad6 -1 122385.627155 0.408745 0.591255
13887 nad6 -1 122385.627155 0.406855 0.593145
13888 nad6 -1 122385.627155 0.404965 0.595035
13889 nad6 -1 122385.627155 0.403075 0.596925
13890 nad6 -1 122385.627155 0.401185 0.598815
13891 nad6 -1 122385.627155 0.399295 0.600705
13892 nad6 -1 122385.627155 0.397405 0.602595
13893 nad6 -1 122385.627155 0.395515 0.604485
13894 nad6 -1 122385.627155 0.393625 0.606375
13895 nad6 -1 122385.627155 0.391735 0.608265
13896 nad6 -1 122385.627155 0.389845 0.610155
13897 nad6 -1 122385.627155 0.387955 0.612045
13898 nad6 -1 122385.627155 0.386065 0.613935
13899 nad6 -1 122385.627155 0.384174 0.615826
13900 nad6 -1 122385.627155 0.382284 0.617716
13901 nad6 -1 122385.627155 0.380394 0.619606
13902 nad6 -1 122385.627155 0.378504 0.621496
13903 nad6 -1 122385.627155 0.376614 0.623386
13904 nad6 -1 122385.627155 0.374724 0.625276
13905 nad6 -1 122385.627155 0.372834 0.627166
13906 nad6 -1 122385.627155 0.370944 0.629056
13907 nad6 -1 122385.627155 0.369054 0.630946
13908 nad6 -1 122385.627155 0.367164 0.632836
13909 nad6 -1 122385.627155 0.365274 0.634726
13910 nad6 -1 122385.627155 0.363384 0.636616
13911 nad6 -1 122385.627155 0.361494 0.638506
13912 nad6 -1 122385.627155 0.359604 0.640396
13913 nad6 -1 122385.627155 0.357714 0.642286
13914 nad6 -1 122385.627155 0.355824 0.644176
13915 nad6 -1 122385.627155 0.353934 0.646066
13916 nad6 -1 122385.627155 0.352044 0.647956
13917 nad6 -1 122385.627155 0.350154 0.649846
13918 nad6 -1 122385.627155 0.348264 0.651736
13919 nad6 -1 122385.627155 0.346374 0.653626
13920 nad6 -1 122385.627155 0.344484 0.655516
13921 nad6 -1 122385.627155 0.342594 0.657406
13922 nad6 -1 122385.627155 0.340704 0.659296
13923 nad6 -1 122385.627155 0.338814 0.661186
13924 nad6 -1 122385.627155 0.336923 0.663077
13925 nad6 -1 122385.627155 0.335033 0.664967
13926 nad6 -1 122385.627155 0.333143 0.666857
13927 nad6 -1 122385.627155 0.331253 0.668747
13928 nad6 -1 122385.627155 0.329363 0.670637
13929 nad6 -1 122385.627155 0.327473 0.672527
13930 nad6 -1 122385.627155 0.325583 0.674417
13931 nad6 -1 122385.627155 0.323693 0.676307
13932 nad6 -1 122385.627155 0.321803 0.678197
13933 nad6 -1 122385.627155 0.319913 0.680087
13934 nad6 -1 122385.627155 0.318023 0.681977
13935 nad6 -1 122383.627155 0.316130 0.683870
13936 nad6 -1 122383.627155 0.314240 0.685760
13937 nad6 -1 122383.627155 0.312350 0.687650
13938 nad6 -1 122383.627155 0.310460 0.689540
13939 nad6 -1 122383.627155 0.308570 0.691430
13940 nad6 -1 122383.627155 0.306680 0.693320
13941 nad6 -1 122312.428587 0.304803 0.695197
13942 nad6 -1 122312.428587 0.302913 0.697087
13943 nad6 -1 122312.428587 0.301023 0.698977
13944 nad6 -1 122308.051837 0.299136 0.700864
13945 nad6 -1 122308.051837 0.297246 0.702754
13946 nad6 -1 122308.051837 0.295356 0.704644
13947 nad6 -1 122308.051837 0.293465 0.706535
13948 nad6 -1 122308.051837 0.291575 0.708425
13949 nad6 -1 122308.051837 0.289685 0.710315
13950 nad6 -1 122308.051837 0.287795 0.712205
13951 nad6 -1 122308.051837 0.285905 0.714095
13952 nad6 -1 122308.051837 0.284014 0.715986
13953 nad6 -1 122308.051837 0.282124 0.717876
13954 nad6 -1 122308.051837 0.280234 0.719766
13955 nad6 -1 122308.051837 0.278344 0.721656
13956 nad6 -1 122300.988350 0.276452 0.723548
13957 nad6 -1 122300.988350 0.274562 0.725438
13958 nad6 -1 122300.988350 0.272672 0.727328
13959 nad6 -1 122300.988350 0.270782 0.729218
13960 nad6 -1 122300.988350 0.268891 0.731109
13961 nad6 -1 122300.988350 0.267001 0.732999
13962 nad6 -1 122297.560059 0.265113 0.734887
13963 nad6 -1 122297.560059 0.263222 0.736778
13964 nad6 -1 122297.560059 0.261332 0.738668
13965 nad6 -1 122284.624517 0.259441 0.740559
13966 nad6 -1 122284.624517 0.257551 0.742449
13967 nad6 -1 122284.624517 0.255661 0.744339
13968 nad6 -1 122284.624517 0.253770 0.746230
13969 nad6 -1 122284.624517 0.251880 0.748120
13970 nad6 -1 122284.624517 0.249990 0.750010
13971 nad6 -1 122284.624517 0.248100 0.751900
13972 nad6 -1 122284.624517 0.246209 0.753791
13973 nad6 -1 122284.624517 0.244319 0.755681
13974 nad6 -1 122284.624517 0.242429 0.757571
13975 nad6 -1 122284.624517 0.240539 0.759461
13976 nad6 -1 122284.624517 0.238649 0.761351
13977 nad6 -1 122282.624517 0.236750 0.763250
13978 nad6 -1 122282.624517 0.234860 0.765140
13979 nad6 -1 122282.624517 0.232969 0.767031
13980 nad6 -1 122282.624517 0.231079 0.768921
13981 nad6 -1 122282.624517 0.229189 0.770811
13982 nad6 -1 122282.624517 0.227299 0.772701
13983 nad6 -1 122282.624517 0.225409 0.774591
13984 nad6 -1 122282.624517 0.223518 0.776482
13985 nad6 -1 122282.624517 0.221628 0.778372
13986 nad6 -1 122282.624517 0.219738 0.780262
13987 nad6 -1 122282.624517 0.217848 0.782152
13988 nad6 -1 122282.624517 0.215957 0.784043
13989 nad6 -1 122263.435186 0.214108 0.785892
13990 nad6 -1 122263.435186 0.212218 0.787782
13991 nad6 -1 122263.435186 0.210328 0.789672
13992 nad6 -1 122257.787369 0.208438 0.791562
13993 nad6 -1 122257.787369 0.206548 0.793452
13994 nad6 -1 122257.787369 0.204658 0.795342
13995 nad6 -1 122257.787369 0.202767 0.797233
13996 nad6 -1 122257.787369 0.200877 0.799123
13997 nad6 -1 122257.787369 0.198987 0.801013
13998 nad6 -1 122257.787369 0.197097 0.802903
13999 nad6 -1 122257.787369 0.195207 0.804793
14000 nad6 -1 122257.787369 0.193317 0.806683
14001 nad6 -1 122257.787369 0.191426 0.808574
14002 nad6 -1 122257.787369 0.189536 0.810464
14003 nad6 -1 122257.787369 0.187646 0.812354
14004 nad6 -1 122254.706447 0.185772 0.814228
14005 nad6 -1 122254.706447 0.183882 0.816118
14006 nad6 -1 122254.706447 0.181991 0.818009
14007 nad6 -1 122252.308507 0.180103 0.819897
14008 nad6 -1 122252.308507 0.178212 0.821788
14009 nad6 -1 122252.308507 0.176322 0.823678
14010 nad6 -1 122244.288488 0.174466 0.825534
14011 nad6 -1 122244.288488 0.172576 0.827424
14012 nad6 -1 122244.288488 0.170686 0.829314
14013 nad6 -1 122244.288488 0.168796 0.831204
14014 nad6 -1 122244.288488 0.166906 0.833094
14015 nad6 -1 122244.288488 0.165016 0.834984
14016 nad6 -1 122244.288488 0.163126 0.836874
14017 nad6 -1 122244.288488 0.161236 0.838764
14018 nad6 -1 122244.288488 0.159346 0.840654
14019 nad6 -1 122244.288488 0.157456 0.842544
14020 nad6 -1 122244.288488 0.155566 0.844434
14021 nad6 -1 122244.288488 0.153676 0.846324
14022 nad6 -1 122244.288488 0.151785 0.848215
14023 nad6 -1 122244.288488 0.149895 0.850105
14024 nad6 -1 122244.288488 0.148005 0.851995
14025 nad6 -1 122232.564949 0.146115 0.853885
14026 nad6 -1 122232.564949 0.144225 0.855775
14027 nad6 -1 122232.564949 0.142335 0.857665
14028 nad6 -1 122232.564949 0.140445 0.859555
14029 nad6 -1 122232.564949 0.138555 0.861445
14030 nad6 -1 122232.564949 0.136665 0.863335
14031 nad6 -1 122210.715388 0.134784 0.865216
14032 nad6 -1 122210.715388 0.132894 0.867106
14033 nad6 -1 122210.715388 0.131004 0.868996
14034 nad6 -1 121907.371682 0.129149 0.870851
14035 nad6 -1 121907.371682 0.127260 0.872740
14036 nad6 -1 121907.371682 0.125370 0.874630
14037 nad6 -1 121902.465104 0.123483 0.876517
14038 nad6 -1 121902.465104 0.121594 0.878406
14039 nad6 -1 121902.465104 0.119704 0.880296
14040 nad6 -1 121589.222864 0.117817 0.882183
14041 nad6 -1 121589.222864 0.115928 0.884072
14042 nad6 -1 121589.222864 0.114038 0.885962
14043 nad6 -1 118896.481683 0.112095 0.887905
14044 nad6 -1 118896.481683 0.110205 0.889795
14045 nad6 -1 118896.481683 0.108315 0.891685
14046 nad6 -1 111930.375186 0.106339 0.893661
14047 nad6 -1 111930.375186 0.104448 0.895552
14048 nad6 -1 111930.375186 0.102556 0.897444
14049 nad6 -1 111868.734391 0.100681 0.899319
14050 nad6 -1 111868.734391 0.098789 0.901211
14051 nad6 -1 111868.734391 0.096898 0.903102
14052 nad6 -1 111736.405288 0.095031 0.904969
14053 nad6 -1 111736.405288 0.093139 0.906861
14054 nad6 -1 111736.405288 0.091248 0.908752
14055 nad6 -1 110237.133926 0.089349 0.910651
14056 nad6 -1 110237.133926 0.087457 0.912543
14057 nad6 -1 110237.133926 0.085565 0.914435
14058 nad6 -1 110155.337100 0.083672 0.916328
14059 nad6 -1 110155.337100 0.081780 0.918220
14060 nad6 -1 110155.337100 0.079888 0.920112
14061 nad6 -1 109627.805831 0.077987 0.922013
14062 nad6 -1 109627.805831 0.076095 0.923905
14063 nad6 -1 109627.805831 0.074203 0.925797
14064 nad6 -1 109447.094954 0.072314 0.927686
14065 nad6 -1 109447.094954 0.070422 0.929578
14066 nad6 -1 109447.094954 0.068530 0.931470
14067 nad6 -1 108999.846842 0.066652 0.933348
14068 nad6 -1 108999.846842 0.064760 0.935240
14069 nad6 -1 108999.846842 0.062868 0.937132
14070 nad6 -1 108021.944748 0.061188 0.938812
14071 nad6 -1 108021.944748 0.059295 0.940705
14072 nad6 -1 108021.944748 0.057403 0.942597
14073 nad6 -1 107834.271382 0.055518 0.944482
14074 nad6 -1 107834.271382 0.053626 0.946374
14075 nad6 -1 107834.271382 0.051733 0.948267
14076 nad6 -1 107709.025413 0.049858 0.950142
14077 nad6 -1 107709.025413 0.047966 0.952034
14078 nad6 -1 107709.025413 0.046074 0.953926
14079 nad6 -1 107096.408692 0.044347 0.955653
14080 nad6 -1 107096.408692 0.042454 0.957546
14081 nad6 -1 107096.408692 0.040562 0.959438
14082 nad6 -1 106955.547768 0.038719 0.961281
14083 nad6 -1 106955.547768 0.036827 0.963173
14084 nad6 -1 106955.547768 0.034935 0.965065
14085 nad6 -1 105837.794932 0.033370 0.966630
14086 nad6 -1 105837.794932 0.031478 0.968522
14087 nad6 -1 105837.794932 0.029586 0.970414
14088 nad6 -1 105323.270884 0.027763 0.972237
14089 nad6 -1 105323.270884 0.025871 0.974129
14090 nad6 -1 105323.270884 0.023979 0.976021
14091 nad6 -1 104346.140844 0.022046 0.977954
14092 nad6 -1 104346.140844 0.020154 0.979846
14093 nad6 -1 104346.140844 0.018262 0.981738
14094 nad6 -1 102204.111308 0.016369 0.983631
14095 nad6 -1 102204.111308 0.014477 0.985523
14096 nad6 -1 102204.111308 0.012586 0.987414
14097 nad6 -1 99924.851190 0.010720 0.989280
14098 nad6 -1 99924.851190 0.008830 0.991170
14099 nad6 -1 99924.851190 0.006939 0.993061
14100 nad6 -1 99669.431761 0.004979 0.995021
14101 nad6 -1 99669.431761 0.003089 0.996911
14102 nad6 -1 99669.431761 0.001198 0.998802
14103 nad6 -1 28625.606633 0.004100 0.995900
14104 nad6 -1 28625.606633 0.002187 0.997813
14105 nad6 -1 28625.606633 0.000275 0.999725
14106 nad6 -1 46.990029 0.014480 0.985520
14107 nad6 -1 46.990029 0.012658 0.987342
14108 nad6 -1 46.990029 0.010836 0.989164
14109 nad6 -1 46.990029 0.009014 0.990986
14110 nad6 -1 46.990029 0.007192 0.992808
14111 nad6 -1 46.990029 0.005371 0.994629
14112 nad6 -1 46.990029 0.003549 0.996451
14113 nad6 -1 46.990029 0.001727 0.998273
14114 nad6 -1 46.990029 -0.000095 1.000095
14115 nad6 -1 0.000000 0.000000 0.000000
5264 cox1 1 0.000000 0.000000 0.000000
5265 cox1 1 200.000000 0.000000 1.000000
5266 cox1 1 200.000000 0.000602 0.999398
5267 cox1 1 200.000000 0.001204 0.998796
5268 cox1 1 200.000000 0.001806 0.998194
5269 cox1 1 200.000000 0.002408 0.997592
5270 cox1 1 200.000000 0.003010 0.996990
5271 cox1 1 200.000000 0.003612 0.996388
5272 cox1 1 200.000000 0.004214 0.995786
5273 cox1 1 200.000000 0.004816 0.995184
5274 cox1 1 200.000000 0.005419 0.994581
5275 cox1 1 200.000000 0.006021 0.993979
5276 cox1 1 200.000000 0.006623 0.993377
5277 cox1 1 200.000000 0.007225 0.992775
5278 cox1 1 200.000000 0.007827 0.992173
5279 cox1 1 200.000000 0.008429 0.991571
5280 cox1 1 200.000000 0.009031 0.990969
5281 cox1 1 200.000000 0.009633 0.990367
5282 cox1 1 200.000000 0.010235 0.989765
5283 cox1 1 200.000000 0.010837 0.989163
5284 cox1 1 200.000000 0.011439 0.988561
5285 cox1 1 200.000000 0.012041 0.987959
5286 cox1 1 200.000000 0.012643 0.987357
5287 cox1 1 200.000000 0.013245 0.986755
5288 cox1 1 200.000000 0.013847 0.986153
5289 cox1 1 600.000000 0.008511 0.991489
5290 cox1 1 600.000000 0.009122 0.990878
5291 cox1 1 600.000000 0.009732 0.990268
5292 cox1 1 600.000000 0.010343 0.989657
5293 cox1 1 600.000000 0.010953 0.989047
5294 cox1 1 600.000000 0.011564 0.988436
5295 cox1 1 2200.000000 0.009062 0.990938
5296 cox1 1 2200.000000 0.009677 0.990323
5297 cox1 1 2200.000000 0.010292 0.989708
5298 cox1 1 2200.000000 0.010906 0.989094
5299 cox1 1 2200.000000 0.011521 0.988479
5300 cox1 1 2200.000000 0.012135 0.987865
5301 cox1 1 2200.000000 0.012750 0.987250
5302 cox1 1 2200.000000 0.013365 0.986635
5303 cox1 1 2200.000000 0.013979 0.986021
5304 cox1 1 2200.000000 0.014594 0.985406
5305 cox1 1 2200.000000 0.015209 0.984791
5306 cox1 1 2200.000000 0.015823 0.984177
5307 cox1 1 2200.000000 0.016438 0.983562
5308 cox1 1 2200.000000 0.017053 0.982947
5309 cox1 1 2200.000000 0.017667 0.982333
5310 cox1 1 3200.000000 0.018240 0.981760
5311 cox1 1 3200.000000 0.018852 0.981148
5312 cox1 1 3200.000000 0.019464 0.980536
5313 cox1 1 3600.000000 0.017845 0.982155
5314 cox1 1 3600.000000 0.018457 0.981543
5315 cox1 1 3600.000000 0.019070 0.980930
5316 cox1 1 4000.000000 0.018096 0.981904
5317 cox1 1 4000.000000 0.018711 0.981289
5318 cox1 1 4000.000000 0.019325 0.980675
5319 cox1 1 4800.000000 0.016918 0.983082
5320 cox1 1 4800.000000 0.017535 0.982465
5321 cox1 1 4800.000000 0.018152 0.981848
5322 cox1 1 4800.000000 0.018768 0.981232
5323 cox1 1 4800.000000 0.019385 0.980615
5324 cox1 1 4800.000000 0.020001 0.979999
5325 cox1 1 4800.000000 0.020618 0.979382
5326 cox1 1 4800.000000 0.021235 0.978765
5327 cox1 1 4800.000000 0.021851 0.978149
5328 cox1 1 5547.344862 0.019865 0.980135
5329 cox1 1 5547.344862 0.020483 0.979517
5330 cox1 1 5547.344862 0.021101 0.978899
5331 cox1 1 5747.344862 0.021293 0.978707
5332 cox1 1 5747.344862 0.021911 0.978089
5333 cox1 1 5747.344862 0.022529 0.977471
5334 cox1 1 6147.344862 0.023073 0.976927
5335 cox1 1 6147.344862 0.023691 0.976309
5336 cox1 1 6147.344862 0.024309 0.975691
5337 cox1 1 6347.344862 0.024209 0.975791
5338 cox1 1 6347.344862 0.024828 0.975172
5339 cox1 1 6347.344862 0.025447 0.974553
5340 cox1 1 6347.344862 0.026066 0.973934
5341 cox1 1 6347.344862 0.026685 0.973315
5342 cox1 1 6347.344862 0.027304 0.972696
5343 cox1 1 6547.344862 0.027076 0.972924
5344 cox1 1 6547.344862 0.027696 0.972304
5345 cox1 1 6547.344862 0.028315 0.971685
5346 cox1 1 7347.344862 0.027130 0.972870
5347 cox1 1 7347.344862 0.027751 0.972249
5348 cox1 1 7347.344862 0.028372 0.971628
5349 cox1 1 7547.344862 0.028726 0.971274
5350 cox1 1 7547.344862 0.029348 0.970652
5351 cox1 1 7547.344862 0.029969 0.970031
5352 cox1 1 16683.986927 0.014843 0.985157
5353 cox1 1 16683.986927 0.015472 0.984528
5354 cox1 1 16683.986927 0.016102 0.983898
5355 cox1 1 16883.986927 0.016604 0.983396
5356 cox1 1 16883.986927 0.017234 0.982766
5357 cox1 1 16883.986927 0.017864 0.982136
5358 cox1 1 910468.512796 0.000452 0.999548
5359 cox1 1 910468.512796 0.001096 0.998904
5360 cox1 1 910468.512796 0.001740 0.998260
5361 cox1 1 1038756.548239 0.002667 0.997333
5362 cox1 1 1038756.548239 0.003311 0.996689
5363 cox1 1 1038756.548239 0.003955 0.996045
5364 cox1 1 1191788.103979 0.004527 0.995473
5365 cox1 1 1191788.103979 0.005171 0.994829
5366 cox1 1 1191788.103979 0.005815 0.994185
5367 cox1 1 1406690.384321 0.005868 0.994132
5368 cox1 1 1406690.384321 0.006513 0.993487
5369 cox1 1 1406690.384321 0.007158 0.992842
5370 cox1 1 1558086.928079 0.007490 0.992510
5371 cox1 1 1558086.928079 0.008135 0.991865
5372 cox1 1 1558086.928079 0.008780 0.991220
5373 cox1 1 1575351.590526 0.009492 0.990508
5374 cox1 1 1575351.590526 0.010137 0.989863
5375 cox1 1 1575351.590526 0.010783 0.989217
5376 cox1 1 1579570.024934 0.011411 0.988589
5377 cox1 1 1579570.024934 0.012056 0.987944
5378 cox1 1 1579570.024934 0.012701 0.987299
5379 cox1 1 1580737.195910 0.013346 0.986654
5380 cox1 1 1580737.195910 0.013991 0.986009
5381 cox1 1 1580737.195910 0.014636 0.985364
5382 cox1 1 1588102.094130 0.015272 0.984728
5383 cox1 1 1588102.094130 0.015917 0.984083
5384 cox1 1 1588102.094130 0.016562 0.983438
5385 cox1 1 1588244.558836 0.017206 0.982794
5386 cox1 1 1588244.558836 0.017852 0.982148
5387 cox1 1 1588244.558836 0.018497 0.981503
5388 cox1 1 1588410.455032 0.019140 0.980860
5389 cox1 1 1588410.455032 0.019785 0.980215
5390 cox1 1 1588410.455032 0.020430 0.979570
5391 cox1 1 1588533.229723 0.021077 0.978923
5392 cox1 1 1588533.229723 0.021722 0.978278
5393 cox1 1 1588533.229723 0.022367 0.977633
5394 cox1 1 1588733.229723 0.023009 0.976991
5395 cox1 1 1588733.229723 0.023655 0.976345
5396 cox1 1 1588733.229723 0.024300 0.975700
5397 cox1 1 1588733.229723 0.024945 0.975055
5398 cox1 1 1588733.229723 0.025590 0.974410
5399 cox1 1 1588733.229723 0.026235 0.973765
5400 cox1 1 1594306.115780 0.026787 0.973213
5401 cox1 1 1594306.115780 0.027432 0.972568
5402 cox1 1 1594306.115780 0.028077 0.971923
5403 cox1 1 1594706.115780 0.028721 0.971279
5404 cox1 1 1594706.115780 0.029366 0.970634
5405 cox1 1 1594706.115780 0.030012 0.969988
5406 cox1 1 1594706.115780 0.030657 0.969343
5407 cox1 1 1594706.115780 0.031302 0.968698
5408 cox1 1 1594706.115780 0.031948 0.968052
5409 cox1 1 1594906.115780 0.032589 0.967411
5410 cox1 1 1594906.115780 0.033234 0.966766
5411 cox1 1 1594906.115780 0.033880 0.966120
5412 cox1 1 1594906.115780 0.034525 0.965475
5413 cox1 1 1594906.115780 0.035170 0.964830
5414 cox1 1 1594906.115780 0.035815 0.964185
5415 cox1 1 1595279.839318 0.036454 0.963546
5416 cox1 1 1595279.839318 0.037099 0.962901
5417 cox1 1 1595279.839318 0.037744 0.962256
5418 cox1 1 1595279.839318 0.038389 0.961611
5419 cox1 1 1595279.839318 0.039035 0.960965
5420 cox1 1 1595279.839318 0.039680 0.960320
5421 cox1 1 1595279.839318 0.040325 0.959675
5422 cox1 1 1595279.839318 0.040971 0.959029
5423 cox1 1 1595279.839318 0.041616 0.958384
5424 cox1 1 1595479.839318 0.042261 0.957739
5425 cox1 1 1595479.839318 0.042907 0.957093
5426 cox1 1 1595479.839318 0.043552 0.956448
5427 cox1 1 1595479.839318 0.044197 0.955803
5428 cox1 1 1595479.839318 0.044843 0.955157
5429 cox1 1 1595479.839318 0.045488 0.954512
5430 cox1 1 1595679.839318 0.046129 0.953871
5431 cox1 1 1595679.839318 0.046774 0.953226
5432 cox1 1 1595679.839318 0.047419 0.952581
5433 cox1 1 1595831.164668 0.048066 0.951934
5434 cox1 1 1595831.164668 0.048712 0.951288
5435 cox1 1 1595831.164668 0.049357 0.950643
5436 cox1 1 1595831.164668 0.050002 0.949998
5437 cox1 1 1595831.164668 0.050648 0.949352
5438 cox1 1 1595831.164668 0.051293 0.948707
5439 cox1 1 1595831.164668 0.051938 0.948062
5440 cox1 1 1595831.164668 0.052583 0.947417
5441 cox1 1 1595831.164668 0.053229 0.946771
5442 cox1 1 1595831.164668 0.053874 0.946126
5443 cox1 1 1595831.164668 0.054519 0.945481
5444 cox1 1 1595831.164668 0.055165 0.944835
5445 cox1 1 1595831.164668 0.055810 0.944190
5446 cox1 1 1595831.164668 0.056455 0.943545
5447 cox1 1 1595831.164668 0.057101 0.942899
5448 cox1 1 1595831.164668 0.057746 0.942254
5449 cox1 1 1595831.164668 0.058391 0.941609
5450 cox1 1 1595831.164668 0.059037 0.940963
5451 cox1 1 1595831.164668 0.059682 0.940318
5452 cox1 1 1595831.164668 0.060327 0.939673
5453 cox1 1 1595831.164668 0.060972 0.939028
5454 cox1 1 1595831.164668 0.061618 0.938382
5455 cox1 1 1595831.164668 0.062263 0.937737
5456 cox1 1 1595831.164668 0.062908 0.937092
5457 cox1 1 1595831.164668 0.063554 0.936446
5458 cox1 1 1595831.164668 0.064199 0.935801
5459 cox1 1 1595831.164668 0.064844 0.935156
5460 cox1 1 1595831.164668 0.065490 0.934510
5461 cox1 1 1595831.164668 0.066135 0.933865
5462 cox1 1 1595831.164668 0.066780 0.933220
5463 cox1 1 1595831.164668 0.067425 0.932575
5464 cox1 1 1595831.164668 0.068071 0.931929
5465 cox1 1 1595831.164668 0.068716 0.931284
5466 cox1 1 1595831.164668 0.069361 0.930639
5467 cox1 1 1595831.164668 0.070007 0.929993
5468 cox1 1 1595831.164668 0.070652 0.929348
5469 cox1 1 1595831.164668 0.071297 0.928703
5470 cox1 1 1595831.164668 0.071943 0.928057
5471 cox1 1 1595831.164668 0.072588 0.927412
5472 cox1 1 1595831.164668 0.073233 0.926767
5473 cox1 1 1595831.164668 0.073879 0.926121
5474 cox1 1 1595831.164668 0.074524 0.925476
5475 cox1 1 1595831.164668 0.075169 0.924831
5476 cox1 1 1595831.164668 0.075814 0.924186
5477 cox1 1 1595831.164668 0.076460 0.923540
5478 cox1 1 1595831.164668 0.077105 0.922895
5479 cox1 1 1595831.164668 0.077750 0.922250
5480 cox1 1 1595831.164668 0.078396 0.921604
5481 cox1 1 1595831.164668 0.079041 0.920959
5482 cox1 1 1595831.164668 0.079686 0.920314
5483 cox1 1 1595831.164668 0.080332 0.919668
5484 cox1 1 1596031.164668 0.080976 0.919024
5485 cox1 1 1596031.164668 0.081621 0.918379
5486 cox1 1 1596031.164668 0.082266 0.917734
5487 cox1 1 1596031.164668 0.082912 0.917088
5488 cox1 1 1596031.164668 0.083557 0.916443
5489 cox1 1 1596031.164668 0.084202 0.915798
5490 cox1 1 1596031.164668 0.084848 0.915152
5491 cox1 1 1596031.164668 0.085493 0.914507
5492 cox1 1 1596031.164668 0.086138 0.913862
5493 cox1 1 1596031.164668 0.086783 0.913217
5494 cox1 1 1596031.164668 0.087429 0.912571
5495 cox1 1 1596031.164668 0.088074 0.911926
5496 cox1 1 1596031.164668 0.088719 0.911281
5497 cox1 1 1596031.164668 0.089365 0.910635
5498 cox1 1 1596031.164668 0.090010 0.909990
5499 cox1 1 1596031.164668 0.090655 0.909345
5500 cox1 1 1596031.164668 0.091301 0.908699
5501 cox1 1 1596031.164668 0.091946 0.908054
5502 cox1 1 1596031.164668 0.092591 0.907409
5503 cox1 1 1596031.164668 0.093237 0.906763
5504 cox1 1 1596031.164668 0.093882 0.906118
5505 cox1 1 1596031.164668 0.094527 0.905473
5506 cox1 1 1596031.164668 0.095172 0.904828
5507 cox1 1 1596031.164668 0.095818 0.904182
5508 cox1 1 1596031.164668 0.096463 0.903537
5509 cox1 1 1596031.164668 0.097108 0.902892
5510 cox1 1 1596031.164668 0.097754 0.902246
5511 cox1 1 1596031.164668 0.098399 0.901601
5512 cox1 1 1596031.164668 0.099044 0.900956
5513 cox1 1 1596031.164668 0.099690 0.900310
5514 cox1 1 1596031.164668 0.100335 0.899665
5515 cox1 1 1596031.164668 0.100980 0.899020
5516 cox1 1 1596031.164668 0.101626 0.898374
5517 cox1 1 1596031.164668 0.102271 0.897729
5518 cox1 1 1596031.164668 0.102916 0.897084
5519 cox1 1 1596031.164668 0.103561 0.896439
5520 cox1 1 1596031.164668 0.104207 0.895793
5521 cox1 1 1596031.164668 0.104852 0.895148
5522 cox1 1 1596031.164668 0.105497 0.894503
5523 cox1 1 1596031.164668 0.106143 0.893857
5524 cox1 1 1596031.164668 0.106788 0.893212
5525 cox1 1 1596031.164668 0.107433 0.892567
5526 cox1 1 1596031.164668 0.108079 0.891921
5527 cox1 1 1596031.164668 0.108724 0.891276
5528 cox1 1 1596031.164668 0.109369 0.890631
5529 cox1 1 1596031.164668 0.110015 0.889985
5530 cox1 1 1596031.164668 0.110660 0.889340
5531 cox1 1 1596031.164668 0.111305 0.888695
5532 cox1 1 1596031.164668 0.111950 0.888050
5533 cox1 1 1596031.164668 0.112596 0.887404
5534 cox1 1 1596031.164668 0.113241 0.886759
5535 cox1 1 1596031.164668 0.113886 0.886114
5536 cox1 1 1596031.164668 0.114532 0.885468
5537 cox1 1 1596031.164668 0.115177 0.884823
5538 cox1 1 1596031.164668 0.115822 0.884178
5539 cox1 1 1596031.164668 0.116468 0.883532
5540 cox1 1 1596031.164668 0.117113 0.882887
5541 cox1 1 1596031.164668 0.117758 0.882242
5542 cox1 1 1596031.164668 0.118404 0.881596
5543 cox1 1 1596031.164668 0.119049 0.880951
5544 cox1 1 1596031.164668 0.119694 0.880306
5545 cox1 1 1596031.164668 0.120339 0.879661
5546 cox1 1 1596031.164668 0.120985 0.879015
5547 cox1 1 1596031.164668 0.121630 0.878370
5548 cox1 1 1596031.164668 0.122275 0.877725
5549 cox1 1 1596031.164668 0.122921 0.877079
5550 cox1 1 1596031.164668 0.123566 0.876434
5551 cox1 1 1596031.164668 0.124211 0.875789
5552 cox1 1 1596031.164668 0.124857 0.875143
5553 cox1 1 1596031.164668 0.125502 0.874498
5554 cox1 1 1596031.164668 0.126147 0.873853
5555 cox1 1 1596031.164668 0.126793 0.873207
5556 cox1 1 1596031.164668 0.127438 0.872562
5557 cox1 1 1596031.164668 0.128083 0.871917
5558 cox1 1 1596031.164668 0.128728 0.871272
5559 cox1 1 1596031.164668 0.129374 0.870626
5560 cox1 1 1596031.164668 0.130019 0.869981
5561 cox1 1 1596031.164668 0.130664 0.869336
5562 cox1 1 1596031.164668 0.131310 0.868690
5563 cox1 1 1596031.164668 0.131955 0.868045
5564 cox1 1 1596031.164668 0.132600 0.867400
5565 cox1 1 1596031.164668 0.133246 0.866754
5566 cox1 1 1596031.164668 0.133891 0.866109
5567 cox1 1 1596031.164668 0.134536 0.865464
5568 cox1 1 1596031.164668 0.135182 0.864818
5569 cox1 1 1596031.164668 0.135827 0.864173
5570 cox1 1 1596031.164668 0.136472 0.863528
5571 cox1 1 1596031.164668 0.137117 0.862883
5572 cox1 1 1596031.164668 0.137763 0.862237
5573 cox1 1 1596031.164668 0.138408 0.861592
5574 cox1 1 1596031.164668 0.139053 0.860947
5575 cox1 1 1596031.164668 0.139699 0.860301
5576 cox1 1 1596031.164668 0.140344 0.859656
5577 cox1 1 1596031.164668 0.140989 0.859011
5578 cox1 1 1596031.164668 0.141635 0.858365
5579 cox1 1 1596031.164668 0.142280 0.857720
5580 cox1 1 1596031.164668 0.142925 0.857075
5581 cox1 1 1596031.164668 0.143571 0.856429
5582 cox1 1 1596031.164668 0.144216 0.855784
5583 cox1 1 1596031.164668 0.144861 0.855139
5584 cox1 1 1596031.164668 0.145506 0.854494
5585 cox1 1 1596031.164668 0.146152 0.853848
5586 cox1 1 1596031.164668 0.146797 0.853203
5587 cox1 1 1596031.164668 0.147442 0.852558
5588 cox1 1 1596031.164668 0.148088 0.851912
5589 cox1 1 1596031.164668 0.148733 0.851267
5590 cox1 1 1596031.164668 0.149378 0.850622
5591 cox1 1 1596031.164668 0.150024 0.849976
5592 cox1 1 1596031.164668 0.150669 0.849331
5593 cox1 1 1596031.164668 0.151314 0.848686
5594 cox1 1 1596031.164668 0.151959 0.848041
5595 cox1 1 1596031.164668 0.152605 0.847395
5596 cox1 1 1596031.164668 0.153250 0.846750
5597 cox1 1 1596031.164668 0.153895 0.846105
5598 cox1 1 1596031.164668 0.154541 0.845459
5599 cox1 1 1596031.164668 0.155186 0.844814
5600 cox1 1 1596031.164668 0.155831 0.844169
5601 cox1 1 1596031.164668 0.156477 0.843523
5602 cox1 1 1596031.164668 0.157122 0.842878
5603 cox1 1 1596031.164668 0.157767 0.842233
5604 cox1 1 1596031.164668 0.158413 0.841587
5605 cox1 1 1596031.164668 0.159058 0.840942
5606 cox1 1 1596031.164668 0.159703 0.840297
5607 cox1 1 1596031.164668 0.160348 0.839652
5608 cox1 1 1596031.164668 0.160994 0.839006
5609 cox1 1 1596031.164668 0.161639 0.838361
5610 cox1 1 1596031.164668 0.162284 0.837716
5611 cox1 1 1596031.164668 0.162930 0.837070
5612 cox1 1 1596031.164668 0.163575 0.836425
5613 cox1 1 1596031.164668 0.164220 0.835780
5614 cox1 1 1596031.164668 0.164866 0.835134
5615 cox1 1 1596031.164668 0.165511 0.834489
5616 cox1 1 1596031.164668 0.166156 0.833844
5617 cox1 1 1596031.164668 0.166802 0.833198
5618 cox1 1 1596031.164668 0.167447 0.832553
5619 cox1 1 1596031.164668 0.168092 0.831908
5620 cox1 1 1596031.164668 0.168737 0.831263
5621 cox1 1 1596031.164668 0.169383 0.830617
5622 cox1 1 1596031.164668 0.170028 0.829972
5623 cox1 1 1596031.164668 0.170673 0.829327
5624 cox1 1 1596031.164668 0.171319 0.828681
5625 cox1 1 1596031.164668 0.171964 0.828036
5626 cox1 1 1596031.164668 0.172609 0.827391
5627 cox1 1 1596031.164668 0.173255 0.826745
5628 cox1 1 1596031.164668 0.173900 0.826100
5629 cox1 1 1596031.164668 0.174545 0.825455
5630 cox1 1 1596031.164668 0.175191 0.824809
5631 cox1 1 1596031.164668 0.175836 0.824164
5632 cox1 1 1596031.164668 0.176481 0.823519
5633 cox1 1 1596031.164668 0.177126 0.822874
5634 cox1 1 1596031.164668 0.177772 0.822228
5635 cox1 1 1596031.164668 0.178417 0.821583
5636 cox1 1 1596031.164668 0.179062 0.820938
5637 cox1 1 1596031.164668 0.179708 0.820292
5638 cox1 1 1596031.164668 0.180353 0.819647
5639 cox1 1 1596031.164668 0.180998 0.819002
5640 cox1 1 1596031.164668 0.181644 0.818356
5641 cox1 1 1596031.164668 0.182289 0.817711
5642 cox1 1 1596031.164668 0.182934 0.817066
5643 cox1 1 1596031.164668 0.183580 0.816420
5644 cox1 1 1596031.164668 0.184225 0.815775
5645 cox1 1 1596031.164668 0.184870 0.815130
5646 cox1 1 1596031.164668 0.185515 0.814485
5647 cox1 1 1596031.164668 0.186161 0.813839
5648 cox1 1 1596031.164668 0.186806 0.813194
5649 cox1 1 1596031.164668 0.187451 0.812549
5650 cox1 1 1596031.164668 0.188097 0.811903
5651 cox1 1 1596031.164668 0.188742 0.811258
5652 cox1 1 1596031.164668 0.189387 0.810613
5653 cox1 1 1596031.164668 0.190033 0.809967
5654 cox1 1 1596031.164668 0.190678 0.809322
5655 cox1 1 1596031.164668 0.191323 0.808677
5656 cox1 1 1596031.164668 0.191969 0.808031
5657 cox1 1 1596031.164668 0.192614 0.807386
5658 cox1 1 1596031.164668 0.193259 0.806741
5659 cox1 1 1596031.164668 0.193904 0.806096
5660 cox1 1 1596031.164668 0.194550 0.805450
5661 cox1 1 1596031.164668 0.195195 0.804805
5662 cox1 1 1596031.164668 0.195840 0.804160
5663 cox1 1 1596031.164668 0.196486 0.803514
5664 cox1 1 1596031.164668 0.197131 0.802869
5665 cox1 1 1596031.164668 0.197776 0.802224
5666 cox1 1 1596031.164668 0.198422 0.801578
5667 cox1 1 1596031.164668 0.199067 0.800933
5668 cox1 1 1596031.164668 0.199712 0.800288
5669 cox1 1 1596031.164668 0.200358 0.799642
5670 cox1 1 1596031.164668 0.201003 0.798997
5671 cox1 1 1596031.164668 0.201648 0.798352
5672 cox1 1 1596031.164668 0.202293 0.797707
5673 cox1 1 1596031.164668 0.202939 0.797061
5674 cox1 1 1596031.164668 0.203584 0.796416
5675 cox1 1 1596031.164668 0.204229 0.795771
5676 cox1 1 1596031.164668 0.204875 0.795125
5677 cox1 1 1596031.164668 0.205520 0.794480
5678 cox1 1 1596031.164668 0.206165 0.793835
5679 cox1 1 1596031.164668 0.206811 0.793189
5680 cox1 1 1596031.164668 0.207456 0.792544
5681 cox1 1 1596031.164668 0.208101 0.791899
5682 cox1 1 1596031.164668 0.208747 0.791253
5683 cox1 1 1596031.164668 0.209392 0.790608
5684 cox1 1 1596031.164668 0.210037 0.789963
5685 cox1 1 1596031.164668 0.210682 0.789318
5686 cox1 1 1596031.164668 0.211328 0.788672
5687 cox1 1 1596031.164668 0.211973 0.788027
5688 cox1 1 1596031.164668 0.212618 0.787382
5689 cox1 1 1596031.164668 0.213264 0.786736
5690 cox1 1 1596031.164668 0.213909 0.786091
5691 cox1 1 1596031.164668 0.214554 0.785446
5692 cox1 1 1596031.164668 0.215200 0.784800
5693 cox1 1 1596031.164668 0.215845 0.784155
5694 cox1 1 1596031.164668 0.216490 0.783510
5695 cox1 1 1596031.164668 0.217136 0.782864
5696 cox1 1 1596031.164668 0.217781 0.782219
5697 cox1 1 1596031.164668 0.218426 0.781574
5698 cox1 1 1596031.164668 0.219071 0.780929
5699 cox1 1 1596031.164668 0.219717 0.780283
5700 cox1 1 1596031.164668 0.220362 0.779638
5701 cox1 1 1596031.164668 0.221007 0.778993
5702 cox1 1 1596031.164668 0.221653 0.778347
5703 cox1 1 1596031.164668 0.222298 0.777702
5704 cox1 1 1596031.164668 0.222943 0.777057
5705 cox1 1 1596031.164668 0.223589 0.776411
5706 cox1 1 1596031.164668 0.224234 0.775766
5707 cox1 1 1596031.164668 0.224879 0.775121
5708 cox1 1 1596031.164668 0.225525 0.774475
5709 cox1 1 1596031.164668 0.226170 0.773830
5710 cox1 1 1596031.164668 0.226815 0.773185
5711 cox1 1 1596031.164668 0.227460 0.772540
5712 cox1 1 1596031.164668 0.228106 0.771894
5713 cox1 1 1596031.164668 0.228751 0.771249
5714 cox1 1 1596031.164668 0.229396 0.770604
5715 cox1 1 1596031.164668 0.230042 0.769958
5716 cox1 1 1596031.164668 0.230687 0.769313
5717 cox1 1 1596031.164668 0.231332 0.768668
5718 cox1 1 1596031.164668 0.231978 0.768022
5719 cox1 1 1596031.164668 0.232623 0.767377
5720 cox1 1 1596031.164668 0.233268 0.766732
5721 cox1 1 1596031.164668 0.233914 0.766086
5722 cox1 1 1596031.164668 0.234559 0.765441
5723 cox1 1 1596031.164668 0.235204 0.764796
5724 cox1 1 1596031.164668 0.235849 0.764151
5725 cox1 1 1596031.164668 0.236495 0.763505
5726 cox1 1 1596031.164668 0.237140 0.762860
5727 cox1 1 1596031.164668 0.237785 0.762215
5728 cox1 1 1596031.164668 0.238431 0.761569
5729 cox1 1 1596031.164668 0.239076 0.760924
5730 cox1 1 1596031.164668 0.239721 0.760279
5731 cox1 1 1596031.164668 0.240367 0.759633
5732 cox1 1 1596031.164668 0.241012 0.758988
5733 cox1 1 1596031.164668 0.241657 0.758343
5734 cox1 1 1596031.164668 0.242303 0.757697
5735 cox1 1 1596031.164668 0.242948 0.757052
5736 cox1 1 1596031.164668 0.243593 0.756407
5737 cox1 1 1596031.164668 0.244238 0.755762
5738 cox1 1 1596031.164668 0.244884 0.755116
5739 cox1 1 1596031.164668 0.245529 0.754471
5740 cox1 1 1596031.164668 0.246174 0.753826
5741 cox1 1 1596031.164668 0.246820 0.753180
5742 cox1 1 1596031.164668 0.247465 0.752535
5743 cox1 1 1596031.164668 0.248110 0.751890
5744 cox1 1 1596031.164668 0.248756 0.751244
5745 cox1 1 1596031.164668 0.249401 0.750599
5746 cox1 1 1596031.164668 0.250046 0.749954
5747 cox1 1 1596031.164668 0.250692 0.749308
5748 cox1 1 1596031.164668 0.251337 0.748663
5749 cox1 1 1596031.164668 0.251982 0.748018
5750 cox1 1 1596031.164668 0.252627 0.747373
5751 cox1 1 1596031.164668 0.253273 0.746727
5752 cox1 1 1596031.164668 0.253918 0.746082
5753 cox1 1 1596031.164668 0.254563 0.745437
5754 cox1 1 1596031.164668 0.255209 0.744791
5755 cox1 1 1596031.164668 0.255854 0.744146
5756 cox1 1 1596031.164668 0.256499 0.743501
5757 cox1 1 1596031.164668 0.257145 0.742855
5758 cox1 1 1596031.164668 0.257790 0.742210
5759 cox1 1 1596031.164668 0.258435 0.741565
5760 cox1 1 1596031.164668 0.259081 0.740919
5761 cox1 1 1596031.164668 0.259726 0.740274
5762 cox1 1 1596031.164668 0.260371 0.739629
5763 cox1 1 1596031.164668 0.261016 0.738984
5764 cox1 1 1596031.164668 0.261662 0.738338
5765 cox1 1 1596031.164668 0.262307 0.737693
5766 cox1 1 1596031.164668 0.262952 0.737048
5767 cox1 1 1596031.164668 0.263598 0.736402
5768 cox1 1 1596031.164668 0.264243 0.735757
5769 cox1 1 1596031.164668 0.264888 0.735112
5770 cox1 1 1596031.164668 0.265534 0.734466
5771 cox1 1 1596031.164668 0.266179 0.733821
5772 cox1 1 1596031.164668 0.266824 0.733176
5773 cox1 1 1596031.164668 0.267470 0.732530
5774 cox1 1 1596031.164668 0.268115 0.731885
5775 cox1 1 1596031.164668 0.268760 0.731240
5776 cox1 1 1596031.164668 0.269405 0.730595
5777 cox1 1 1596031.164668 0.270051 0.729949
5778 cox1 1 1596031.164668 0.270696 0.729304
5779 cox1 1 1596031.164668 0.271341 0.728659
5780 cox1 1 1596031.164668 0.271987 0.728013
5781 cox1 1 1596031.164668 0.272632 0.727368
5782 cox1 1 1596031.164668 0.273277 0.726723
5783 cox1 1 1596031.164668 0.273923 0.726077
5784 cox1 1 1596031.164668 0.274568 0.725432
5785 cox1 1 1596031.164668 0.275213 0.724787
5786 cox1 1 1596031.164668 0.275859 0.724141
5787 cox1 1 1596031.164668 0.276504 0.723496
5788 cox1 1 1596031.164668 0.277149 0.722851
5789 cox1 1 1596031.164668 0.277794 0.722206
5790 cox1 1 1596031.164668 0.278440 0.721560
5791 cox1 1 1596031.164668 0.279085 0.720915
5792 cox1 1 1596031.164668 0.279730 0.720270
5793 cox1 1 1596031.164668 0.280376 0.719624
5794 cox1 1 1596031.164668 0.281021 0.718979
5795 cox1 1 1596031.164668 0.281666 0.718334
5796 cox1 1 1596031.164668 0.282312 0.717688
5797 cox1 1 1596031.164668 0.282957 0.717043
5798 cox1 1 1596031.164668 0.283602 0.716398
5799 cox1 1 1596031.164668 0.284248 0.715752
5800 cox1 1 1596031.164668 0.284893 0.715107
5801 cox1 1 1596031.164668 0.285538 0.714462
5802 cox1 1 1596031.164668 0.286183 0.713817
5803 cox1 1 1596031.164668 0.286829 0.713171
5804 cox1 1 1596031.164668 0.287474 0.712526
5805 cox1 1 1596031.164668 0.288119 0.711881
5806 cox1 1 1596031.164668 0.288765 0.711235
5807 cox1 1 1596031.164668 0.289410 0.710590
5808 cox1 1 1596031.164668 0.290055 0.709945
5809 cox1 1 1596031.164668 0.290701 0.709299
5810 cox1 1 1596031.164668 0.291346 0.708654
5811 cox1 1 1596031.164668 0.291991 0.708009
5812 cox1 1 1596031.164668 0.292637 0.707363
5813 cox1 1 1596031.164668 0.293282 0.706718
5814 cox1 1 1596031.164668 0.293927 0.706073
5815 cox1 1 1596031.164668 0.294572 0.705428
5816 cox1 1 1596031.164668 0.295218 0.704782
5817 cox1 1 1596031.164668 0.295863 0.704137
5818 cox1 1 1596031.164668 0.296508 0.703492
5819 cox1 1 1596031.164668 0.297154 0.702846
5820 cox1 1 1596031.164668 0.297799 0.702201
5821 cox1 1 1596031.164668 0.298444 0.701556
5822 cox1 1 1596031.164668 0.299090 0.700910
5823 cox1 1 1596031.164668 0.299735 0.700265
5824 cox1 1 1596031.164668 0.300380 0.699620
5825 cox1 1 1596031.164668 0.301026 0.698974
5826 cox1 1 1596031.164668 0.301671 0.698329
5827 cox1 1 1596031.164668 0.302316 0.697684
5828 cox1 1 1596031.164668 0.302961 0.697039
5829 cox1 1 1596031.164668 0.303607 0.696393
5830 cox1 1 1596031.164668 0.304252 0.695748
5831 cox1 1 1596031.164668 0.304897 0.695103
5832 cox1 1 1596031.164668 0.305543 0.694457
5833 cox1 1 1596031.164668 0.306188 0.693812
5834 cox1 1 1596031.164668 0.306833 0.693167
5835 cox1 1 1596031.164668 0.307479 0.692521
5836 cox1 1 1596031.164668 0.308124 0.691876
5837 cox1 1 1596031.164668 0.308769 0.691231
5838 cox1 1 1596031.164668 0.309415 0.690585
5839 cox1 1 1596031.164668 0.310060 0.689940
5840 cox1 1 1596031.164668 0.310705 0.689295
5841 cox1 1 1596031.164668 0.311350 0.688650
5842 cox1 1 1596031.164668 0.311996 0.688004
5843 cox1 1 1596031.164668 0.312641 0.687359
5844 cox1 1 1596031.164668 0.313286 0.686714
5845 cox1 1 1596031.164668 0.313932 0.686068
5846 cox1 1 1596031.164668 0.314577 0.685423
5847 cox1 1 1596031.164668 0.315222 0.684778
5848 cox1 1 1596031.164668 0.315868 0.684132
5849 cox1 1 1596031.164668 0.316513 0.683487
5850 cox1 1 1596031.164668 0.317158 0.682842
5851 cox1 1 1596031.164668 0.317804 0.682196
5852 cox1 1 1596031.164668 0.318449 0.681551
5853 cox1 1 1596031.164668 0.319094 0.680906
5854 cox1 1 1596031.164668 0.319739 0.680261
5855 cox1 1 1596031.164668 0.320385 0.679615
5856 cox1 1 1596031.164668 0.321030 0.678970
5857 cox1 1 1596031.164668 0.321675 0.678325
5858 cox1 1 1596031.164668 0.322321 0.677679
5859 cox1 1 1596031.164668 0.322966 0.677034
5860 cox1 1 1596031.164668 0.323611 0.676389
5861 cox1 1 1596031.164668 0.324257 0.675743
5862 cox1 1 1596031.164668 0.324902 0.675098
5863 cox1 1 1596031.164668 0.325547 0.674453
5864 cox1 1 1596031.164668 0.326193 0.673807
5865 cox1 1 1596031.164668 0.326838 0.673162
5866 cox1 1 1596031.164668 0.327483 0.672517
5867 cox1 1 1596031.164668 0.328128 0.671872
5868 cox1 1 1596031.164668 0.328774 0.671226
5869 cox1 1 1596031.164668 0.329419 0.670581
5870 cox1 1 1596031.164668 0.330064 0.669936
5871 cox1 1 1596031.164668 0.330710 0.669290
5872 cox1 1 1596031.164668 0.331355 0.668645
5873 cox1 1 1596031.164668 0.332000 0.668000
5874 cox1 1 1596031.164668 0.332646 0.667354
5875 cox1 1 1596031.164668 0.333291 0.666709
5876 cox1 1 1596031.164668 0.333936 0.666064
5877 cox1 1 1596031.164668 0.334582 0.665418
5878 cox1 1 1596031.164668 0.335227 0.664773
5879 cox1 1 1596031.164668 0.335872 0.664128
5880 cox1 1 1596031.164668 0.336517 0.663483
5881 cox1 1 1596031.164668 0.337163 0.662837
5882 cox1 1 1596031.164668 0.337808 0.662192
5883 cox1 1 1596031.164668 0.338453 0.661547
5884 cox1 1 1596031.164668 0.339099 0.660901
5885 cox1 1 1596031.164668 0.339744 0.660256
5886 cox1 1 1596031.164668 0.340389 0.659611
5887 cox1 1 1596031.164668 0.341035 0.658965
5888 cox1 1 1596031.164668 0.341680 0.658320
5889 cox1 1 1596031.164668 0.342325 0.657675
5890 cox1 1 1596031.164668 0.342971 0.657029
5891 cox1 1 1596031.164668 0.343616 0.656384
5892 cox1 1 1596031.164668 0.344261 0.655739
5893 cox1 1 1596031.164668 0.344906 0.655094
5894 cox1 1 1596031.164668 0.345552 0.654448
5895 cox1 1 1596031.164668 0.346197 0.653803
5896 cox1 1 1596031.164668 0.346842 0.653158
5897 cox1 1 1596031.164668 0.347488 0.652512
5898 cox1 1 1596031.164668 0.348133 0.651867
5899 cox1 1 1596031.164668 0.348778 0.651222
5900 cox1 1 1596031.164668 0.349424 0.650576
5901 cox1 1 1596031.164668 0.350069 0.649931
5902 cox1 1 1596031.164668 0.350714 0.649286
5903 cox1 1 1596031.164668 0.351360 0.648640
5904 cox1 1 1596031.164668 0.352005 0.647995
5905 cox1 1 1596031.164668 0.352650 0.647350
5906 cox1 1 1596031.164668 0.353295 0.646705
5907 cox1 1 1596031.164668 0.353941 0.646059
5908 cox1 1 1596031.164668 0.354586 0.645414
5909 cox1 1 1596031.164668 0.355231 0.644769
5910 cox1 1 1596031.164668 0.355877 0.644123
5911 cox1 1 1596031.164668 0.356522 0.643478
5912 cox1 1 1596031.164668 0.357167 0.642833
5913 cox1 1 1596031.164668 0.357813 0.642187
5914 cox1 1 1596031.164668 0.358458 0.641542
5915 cox1 1 1596031.164668 0.359103 0.640897
5916 cox1 1 1596031.164668 0.359749 0.640251
5917 cox1 1 1596031.164668 0.360394 0.639606
5918 cox1 1 1596031.164668 0.361039 0.638961
5919 cox1 1 1596031.164668 0.361684 0.638316
5920 cox1 1 1596031.164668 0.362330 0.637670
5921 cox1 1 1596031.164668 0.362975 0.637025
5922 cox1 1 1596031.164668 0.363620 0.636380
5923 cox1 1 1596031.164668 0.364266 0.635734
5924 cox1 1 1596031.164668 0.364911 0.635089
5925 cox1 1 1596031.164668 0.365556 0.634444
5926 cox1 1 1596031.164668 0.366202 0.633798
5927 cox1 1 1596031.164668 0.366847 0.633153
5928 cox1 1 1596031.164668 0.367492 0.632508
5929 cox1 1 1596031.164668 0.368138 0.631862
5930 cox1 1 1596031.164668 0.368783 0.631217
5931 cox1 1 1596031.164668 0.369428 0.630572
5932 cox1 1 1596031.164668 0.370073 0.629927
5933 cox1 1 1596031.164668 0.370719 0.629281
5934 cox1 1 1596031.164668 0.371364 0.628636
5935 cox1 1 1596031.164668 0.372009 0.627991
5936 cox1 1 1596031.164668 0.372655 0.627345
5937 cox1 1 1596031.164668 0.373300 0.626700
5938 cox1 1 1596031.164668 0.373945 0.626055
5939 cox1 1 1596031.164668 0.374591 0.625409
5940 cox1 1 1596031.164668 0.375236 0.624764
5941 cox1 1 1596031.164668 0.375881 0.624119
5942 cox1 1 1596031.164668 0.376527 0.623473
5943 cox1 1 1596031.164668 0.377172 0.622828
5944 cox1 1 1596031.164668 0.377817 0.622183
5945 cox1 1 1596031.164668 0.378462 0.621538
5946 cox1 1 1596031.164668 0.379108 0.620892
5947 cox1 1 1596031.164668 0.379753 0.620247
5948 cox1 1 1596031.164668 0.380398 0.619602
5949 cox1 1 1596031.164668 0.381044 0.618956
5950 cox1 1 1596031.164668 0.381689 0.618311
5951 cox1 1 1596031.164668 0.382334 0.617666
5952 cox1 1 1596031.164668 0.382980 0.617020
5953 cox1 1 1596031.164668 0.383625 0.616375
5954 cox1 1 1596031.164668 0.384270 0.615730
5955 cox1 1 1596031.164668 0.384916 0.615084
5956 cox1 1 1596031.164668 0.385561 0.614439
5957 cox1 1 1596031.164668 0.386206 0.613794
5958 cox1 1 1596031.164668 0.386851 0.613149
5959 cox1 1 1596031.164668 0.387497 0.612503
5960 cox1 1 1596031.164668 0.388142 0.611858
5961 cox1 1 1596031.164668 0.388787 0.611213
5962 cox1 1 1596031.164668 0.389433 0.610567
5963 cox1 1 1596031.164668 0.390078 0.609922
5964 cox1 1 1596031.164668 0.390723 0.609277
5965 cox1 1 1596031.164668 0.391369 0.608631
5966 cox1 1 1596031.164668 0.392014 0.607986
5967 cox1 1 1596031.164668 0.392659 0.607341
5968 cox1 1 1596031.164668 0.393305 0.606695
5969 cox1 1 1596031.164668 0.393950 0.606050
5970 cox1 1 1596031.164668 0.394595 0.605405
5971 cox1 1 1596031.164668 0.395240 0.604760
5972 cox1 1 1596031.164668 0.395886 0.604114
5973 cox1 1 1596031.164668 0.396531 0.603469
5974 cox1 1 1596031.164668 0.397176 0.602824
5975 cox1 1 1596031.164668 0.397822 0.602178
5976 cox1 1 1596031.164668 0.398467 0.601533
5977 cox1 1 1596031.164668 0.399112 0.600888
5978 cox1 1 1596031.164668 0.399758 0.600242
5979 cox1 1 1596031.164668 0.400403 0.599597
5980 cox1 1 1596031.164668 0.401048 0.598952
5981 cox1 1 1596031.164668 0.401694 0.598306
5982 cox1 1 1596031.164668 0.402339 0.597661
5983 cox1 1 1596031.164668 0.402984 0.597016
5984 cox1 1 1596031.164668 0.403629 0.596371
5985 cox1 1 1596031.164668 0.404275 0.595725
5986 cox1 1 1596031.164668 0.404920 0.595080
5987 cox1 1 1596031.164668 0.405565 0.594435
5988 cox1 1 1596031.164668 0.406211 0.593789
5989 cox1 1 1596031.164668 0.406856 0.593144
5990 cox1 1 1596031.164668 0.407501 0.592499
5991 cox1 1 1596031.164668 0.408147 0.591853
5992 cox1 1 1596031.164668 0.408792 0.591208
5993 cox1 1 1596031.164668 0.409437 0.590563
5994 cox1 1 1596031.164668 0.410083 0.589917
5995 cox1 1 1596031.164668 0.410728 0.589272
5996 cox1 1 1596031.164668 0.411373 0.588627
5997 cox1 1 1596031.164668 0.412018 0.587982
5998 cox1 1 1596031.164668 0.412664 0.587336
5999 cox1 1 1596031.164668 0.413309 0.586691
6000 cox1 1 1596031.164668 0.413954 0.586046
6001 cox1 1 1596031.164668 0.414600 0.585400
6002 cox1 1 1596031.164668 0.415245 0.584755
6003 cox1 1 1596031.164668 0.415890 0.584110
6004 cox1 1 1596031.164668 0.416536 0.583464
6005 cox1 1 1596031.164668 0.417181 0.582819
6006 cox1 1 1596031.164668 0.417826 0.582174
6007 cox1 1 1596031.164668 0.418472 0.581528
6008 cox1 1 1596031.164668 0.419117 0.580883
6009 cox1 1 1596031.164668 0.419762 0.580238
6010 cox1 1 1596031.164668 0.420407 0.579593
6011 cox1 1 1596031.164668 0.421053 0.578947
6012 cox1 1 1596031.164668 0.421698 0.578302
6013 cox1 1 1596031.164668 0.422343 0.577657
6014 cox1 1 1596031.164668 0.422989 0.577011
6015 cox1 1 1596031.164668 0.423634 0.576366
6016 cox1 1 1596031.164668 0.424279 0.575721
6017 cox1 1 1596031.164668 0.424925 0.575075
6018 cox1 1 1596031.164668 0.425570 0.574430
6019 cox1 1 1596031.164668 0.426215 0.573785
6020 cox1 1 1596031.164668 0.426861 0.573139
6021 cox1 1 1596031.164668 0.427506 0.572494
6022 cox1 1 1596031.164668 0.428151 0.571849
6023 cox1 1 1596031.164668 0.428796 0.571204
6024 cox1 1 1596031.164668 0.429442 0.570558
6025 cox1 1 1596031.164668 0.430087 0.569913
6026 cox1 1 1596031.164668 0.430732 0.569268
6027 cox1 1 1596031.164668 0.431378 0.568622
6028 cox1 1 1596031.164668 0.432023 0.567977
6029 cox1 1 1596031.164668 0.432668 0.567332
6030 cox1 1 1596031.164668 0.433314 0.566686
6031 cox1 1 1596031.164668 0.433959 0.566041
6032 cox1 1 1596031.164668 0.434604 0.565396
6033 cox1 1 1596031.164668 0.435250 0.564750
6034 cox1 1 1596031.164668 0.435895 0.564105
6035 cox1 1 1596031.164668 0.436540 0.563460
6036 cox1 1 1596031.164668 0.437185 0.562815
6037 cox1 1 1596031.164668 0.437831 0.562169
6038 cox1 1 1596031.164668 0.438476 0.561524
6039 cox1 1 1596031.164668 0.439121 0.560879
6040 cox1 1 1596031.164668 0.439767 0.560233
6041 cox1 1 1596031.164668 0.440412 0.559588
6042 cox1 1 1596031.164668 0.441057 0.558943
6043 cox1 1 1596031.164668 0.441703 0.558297
6044 cox1 1 1596031.164668 0.442348 0.557652
6045 cox1 1 1596031.164668 0.442993 0.557007
6046 cox1 1 1596031.164668 0.443639 0.556361
6047 cox1 1 1596031.164668 0.444284 0.555716
6048 cox1 1 1596031.164668 0.444929 0.555071
6049 cox1 1 1596031.164668 0.445574 0.554426
6050 cox1 1 1596031.164668 0.446220 0.553780
6051 cox1 1 1596031.164668 0.446865 0.553135
6052 cox1 1 1596031.164668 0.447510 0.552490
6053 cox1 1 1596031.164668 0.448156 0.551844
6054 cox1 1 1596031.164668 0.448801 0.551199
6055 cox1 1 1596031.164668 0.449446 0.550554
6056 cox1 1 1596031.164668 0.450092 0.549908
6057 cox1 1 1596031.164668 0.450737 0.549263
6058 cox1 1 1596031.164668 0.451382 0.548618
6059 cox1 1 1596031.164668 0.452028 0.547972
6060 cox1 1 1596031.164668 0.452673 0.547327
6061 cox1 1 1596031.164668 0.453318 0.546682
6062 cox1 1 1596031.164668 0.453963 0.546037
6063 cox1 1 1596031.164668 0.454609 0.545391
6064 cox1 1 1596031.164668 0.455254 0.544746
6065 cox1 1 1596031.164668 0.455899 0.544101
6066 cox1 1 1596031.164668 0.456545 0.543455
6067 cox1 1 1596031.164668 0.457190 0.542810
6068 cox1 1 1596031.164668 0.457835 0.542165
6069 cox1 1 1596031.164668 0.458481 0.541519
6070 cox1 1 1596031.164668 0.459126 0.540874
6071 cox1 1 1596031.164668 0.459771 0.540229
6072 cox1 1 1596031.164668 0.460417 0.539583
6073 cox1 1 1596031.164668 0.461062 0.538938
6074 cox1 1 1596031.164668 0.461707 0.538293
6075 cox1 1 1596031.164668 0.462352 0.537648
6076 cox1 1 1596031.164668 0.462998 0.537002
6077 cox1 1 1596031.164668 0.463643 0.536357
6078 cox1 1 1596031.164668 0.464288 0.535712
6079 cox1 1 1596031.164668 0.464934 0.535066
6080 cox1 1 1596031.164668 0.465579 0.534421
6081 cox1 1 1596031.164668 0.466224 0.533776
6082 cox1 1 1596031.164668 0.466870 0.533130
6083 cox1 1 1596031.164668 0.467515 0.532485
6084 cox1 1 1596031.164668 0.468160 0.531840
6085 cox1 1 1596031.164668 0.468806 0.531194
6086 cox1 1 1596031.164668 0.469451 0.530549
6087 cox1 1 1596031.164668 0.470096 0.529904
6088 cox1 1 1596031.164668 0.470741 0.529259
6089 cox1 1 1596031.164668 0.471387 0.528613
6090 cox1 1 1596031.164668 0.472032 0.527968
6091 cox1 1 1596031.164668 0.472677 0.527323
6092 cox1 1 1596031.164668 0.473323 0.526677
6093 cox1 1 1596031.164668 0.473968 0.526032
6094 cox1 1 1596031.164668 0.474613 0.525387
6095 cox1 1 1596031.164668 0.475259 0.524741
6096 cox1 1 1596031.164668 0.475904 0.524096
6097 cox1 1 1596031.164668 0.476549 0.523451
6098 cox1 1 1596031.164668 0.477195 0.522805
6099 cox1 1 1596031.164668 0.477840 0.522160
6100 cox1 1 1596031.164668 0.478485 0.521515
6101 cox1 1 1596031.164668 0.479130 0.520870
6102 cox1 1 1596031.164668 0.479776 0.520224
6103 cox1 1 1596031.164668 0.480421 0.519579
6104 cox1 1 1596031.164668 0.481066 0.518934
6105 cox1 1 1596031.164668 0.481712 0.518288
6106 cox1 1 1596031.164668 0.482357 0.517643
6107 cox1 1 1596031.164668 0.483002 0.516998
6108 cox1 1 1596031.164668 0.483648 0.516352
6109 cox1 1 1596031.164668 0.484293 0.515707
6110 cox1 1 1596031.164668 0.484938 0.515062
6111 cox1 1 1596031.164668 0.485584 0.514416
6112 cox1 1 1596031.164668 0.486229 0.513771
6113 cox1 1 1596031.164668 0.486874 0.513126
6114 cox1 1 1596031.164668 0.487519 0.512481
6115 cox1 1 1596031.164668 0.488165 0.511835
6116 cox1 1 1596031.164668 0.488810 0.511190
6117 cox1 1 1596031.164668 0.489455 0.510545
6118 cox1 1 1596031.164668 0.490101 0.509899
6119 cox1 1 1596031.164668 0.490746 0.509254
6120 cox1 1 1596031.164668 0.491391 0.508609
6121 cox1 1 1596031.164668 0.492037 0.507963
6122 cox1 1 1596031.164668 0.492682 0.507318
6123 cox1 1 1596031.164668 0.493327 0.506673
6124 cox1 1 1596031.164668 0.493973 0.506027
6125 cox1 1 1596031.164668 0.494618 0.505382
6126 cox1 1 1596031.164668 0.495263 0.504737
6127 cox1 1 1596031.164668 0.495908 0.504092
6128 cox1 1 1596031.164668 0.496554 0.503446
6129 cox1 1 1596031.164668 0.497199 0.502801
6130 cox1 1 1596031.164668 0.497844 0.502156
6131 cox1 1 1596031.164668 0.498490 0.501510
6132 cox1 1 1596031.164668 0.499135 0.500865
6133 cox1 1 1596031.164668 0.499780 0.500220
6134 cox1 1 1596031.164668 0.500426 0.499574
6135 cox1 1 1596031.164668 0.501071 0.498929
6136 cox1 1 1596031.164668 0.501716 0.498284
6137 cox1 1 1596031.164668 0.502362 0.497638
6138 cox1 1 1596031.164668 0.503007 0.496993
6139 cox1 1 1596031.164668 0.503652 0.496348
6140 cox1 1 1596031.164668 0.504297 0.495703
6141 cox1 1 1596031.164668 0.504943 0.495057
6142 cox1 1 1596031.164668 0.505588 0.494412
6143 cox1 1 1596031.164668 0.506233 0.493767
6144 cox1 1 1596031.164668 0.506879 0.493121
6145 cox1 1 1596031.164668 0.507524 0.492476
6146 cox1 1 1596031.164668 0.508169 0.491831
6147 cox1 1 1596031.164668 0.508815 0.491185
6148 cox1 1 1596031.164668 0.509460 0.490540
6149 cox1 1 1596031.164668 0.510105 0.489895
6150 cox1 1 1596031.164668 0.510751 0.489249
6151 cox1 1 1596031.164668 0.511396 0.488604
6152 cox1 1 1596031.164668 0.512041 0.487959
6153 cox1 1 1596031.164668 0.512686 0.487314
6154 cox1 1 1596031.164668 0.513332 0.486668
6155 cox1 1 1596031.164668 0.513977 0.486023
6156 cox1 1 1596031.164668 0.514622 0.485378
6157 cox1 1 1596031.164668 0.515268 0.484732
6158 cox1 1 1596031.164668 0.515913 0.484087
6159 cox1 1 1596031.164668 0.516558 0.483442
6160 cox1 1 1596031.164668 0.517204 0.482796
6161 cox1 1 1596031.164668 0.517849 0.482151
6162 cox1 1 1596031.164668 0.518494 0.481506
6163 cox1 1 1596031.164668 0.519140 0.480860
6164 cox1 1 1596031.164668 0.519785 0.480215
6165 cox1 1 1596031.164668 0.520430 0.479570
6166 cox1 1 1596031.164668 0.521075 0.478925
6167 cox1 1 1596031.164668 0.521721 0.478279
6168 cox1 1 1596031.164668 0.522366 0.477634
6169 cox1 1 1596031.164668 0.523011 0.476989
6170 cox1 1 1596031.164668 0.523657 0.476343
6171 cox1 1 1596031.164668 0.524302 0.475698
6172 cox1 1 1596031.164668 0.524947 0.475053
6173 cox1 1 1596031.164668 0.525593 0.474407
6174 cox1 1 1596031.164668 0.526238 0.473762
6175 cox1 1 1596031.164668 0.526883 0.473117
6176 cox1 1 1596031.164668 0.527529 0.472471
6177 cox1 1 1596031.164668 0.528174 0.471826
6178 cox1 1 1596031.164668 0.528819 0.471181
6179 cox1 1 1596031.164668 0.529464 0.470536
6180 cox1 1 1596031.164668 0.530110 0.469890
6181 cox1 1 1596031.164668 0.530755 0.469245
6182 cox1 1 1596031.164668 0.531400 0.468600
6183 cox1 1 1596031.164668 0.532046 0.467954
6184 cox1 1 1596031.164668 0.532691 0.467309
6185 cox1 1 1596031.164668 0.533336 0.466664
6186 cox1 1 1596031.164668 0.533982 0.466018
6187 cox1 1 1596031.164668 0.534627 0.465373
6188 cox1 1 1596031.164668 0.535272 0.464728
6189 cox1 1 1596031.164668 0.535918 0.464082
6190 cox1 1 1596031.164668 0.536563 0.463437
6191 cox1 1 1596031.164668 0.537208 0.462792
6192 cox1 1 1596031.164668 0.537853 0.462147
6193 cox1 1 1596031.164668 0.538499 0.461501
6194 cox1 1 1596031.164668 0.539144 0.460856
6195 cox1 1 1596031.164668 0.539789 0.460211
6196 cox1 1 1596031.164668 0.540435 0.459565
6197 cox1 1 1596031.164668 0.541080 0.458920
6198 cox1 1 1596031.164668 0.541725 0.458275
6199 cox1 1 1596031.164668 0.542371 0.457629
6200 cox1 1 1596031.164668 0.543016 0.456984
6201 cox1 1 1596031.164668 0.543661 0.456339
6202 cox1 1 1596031.164668 0.544306 0.455694
6203 cox1 1 1596031.164668 0.544952 0.455048
6204 cox1 1 1596031.164668 0.545597 0.454403
6205 cox1 1 1596031.164668 0.546242 0.453758
6206 cox1 1 1596031.164668 0.546888 0.453112
6207 cox1 1 1596031.164668 0.547533 0.452467
6208 cox1 1 1596031.164668 0.548178 0.451822
6209 cox1 1 1596031.164668 0.548824 0.451176
6210 cox1 1 1596031.164668 0.549469 0.450531
6211 cox1 1 1596031.164668 0.550114 0.449886
6212 cox1 1 1596031.164668 0.550760 0.449240
6213 cox1 1 1596031.164668 0.551405 0.448595
6214 cox1 1 1596031.164668 0.552050 0.447950
6215 cox1 1 1596031.164668 0.552695 0.447305
6216 cox1 1 1596031.164668 0.553341 0.446659
6217 cox1 1 1596031.164668 0.553986 0.446014
6218 cox1 1 1596031.164668 0.554631 0.445369
6219 cox1 1 1596031.164668 0.555277 0.444723
6220 cox1 1 1596031.164668 0.555922 0.444078
6221 cox1 1 1596031.164668 0.556567 0.443433
6222 cox1 1 1596031.164668 0.557213 0.442787
6223 cox1 1 1596031.164668 0.557858 0.442142
6224 cox1 1 1596031.164668 0.558503 0.441497
6225 cox1 1 1596031.164668 0.559149 0.440851
6226 cox1 1 1596031.164668 0.559794 0.440206
6227 cox1 1 1596031.164668 0.560439 0.439561
6228 cox1 1 1596031.164668 0.561084 0.438916
6229 cox1 1 1596031.164668 0.561730 0.438270
6230 cox1 1 1596031.164668 0.562375 0.437625
6231 cox1 1 1596031.164668 0.563020 0.436980
6232 cox1 1 1596031.164668 0.563666 0.436334
6233 cox1 1 1596031.164668 0.564311 0.435689
6234 cox1 1 1596031.164668 0.564956 0.435044
6235 cox1 1 1596031.164668 0.565602 0.434398
6236 cox1 1 1596031.164668 0.566247 0.433753
6237 cox1 1 1596031.164668 0.566892 0.433108
6238 cox1 1 1596031.164668 0.567538 0.432462
6239 cox1 1 1596031.164668 0.568183 0.431817
6240 cox1 1 1596031.164668 0.568828 0.431172
6241 cox1 1 1596031.164668 0.569473 0.430527
6242 cox1 1 1596031.164668 0.570119 0.429881
6243 cox1 1 1596031.164668 0.570764 0.429236
6244 cox1 1 1596031.164668 0.571409 0.428591
6245 cox1 1 1596031.164668 0.572055 0.427945
6246 cox1 1 1596031.164668 0.572700 0.427300
6247 cox1 1 1596031.164668 0.573345 0.426655
6248 cox1 1 1596031.164668 0.573991 0.426009
6249 cox1 1 1596031.164668 0.574636 0.425364
6250 cox1 1 1596031.164668 0.575281 0.424719
6251 cox1 1 1596031.164668 0.575927 0.424073
6252 cox1 1 1596031.164668 0.576572 0.423428
6253 cox1 1 1596031.164668 0.577217 0.422783
6254 cox1 1 1596031.164668 0.577862 0.422138
6255 cox1 1 1596031.164668 0.578508 0.421492
6256 cox1 1 1596031.164668 0.579153 0.420847
6257 cox1 1 1596031.164668 0.579798 0.420202
6258 cox1 1 1596031.164668 0.580444 0.419556
6259 cox1 1 1596031.164668 0.581089 0.418911
6260 cox1 1 1596031.164668 0.581734 0.418266
6261 cox1 1 1596031.164668 0.582380 0.417620
6262 cox1 1 1596031.164668 0.583025 0.416975
6263 cox1 1 1596031.164668 0.583670 0.416330
6264 cox1 1 1596031.164668 0.584316 0.415684
6265 cox1 1 1596031.164668 0.584961 0.415039
6266 cox1 1 1596031.164668 0.585606 0.414394
6267 cox1 1 1596031.164668 0.586251 0.413749
6268 cox1 1 1596031.164668 0.586897 0.413103
6269 cox1 1 1596031.164668 0.587542 0.412458
6270 cox1 1 1596031.164668 0.588187 0.411813
6271 cox1 1 1596031.164668 0.588833 0.411167
6272 cox1 1 1596031.164668 0.589478 0.410522
6273 cox1 1 1596031.164668 0.590123 0.409877
6274 cox1 1 1596031.164668 0.590769 0.409231
6275 cox1 1 1596031.164668 0.591414 0.408586
6276 cox1 1 1596031.164668 0.592059 0.407941
6277 cox1 1 1596031.164668 0.592705 0.407295
6278 cox1 1 1596031.164668 0.593350 0.406650
6279 cox1 1 1596031.164668 0.593995 0.406005
6280 cox1 1 1596031.164668 0.594640 0.405360
6281 cox1 1 1596031.164668 0.595286 0.404714
6282 cox1 1 1596031.164668 0.595931 0.404069
6283 cox1 1 1596031.164668 0.596576 0.403424
6284 cox1 1 1596031.164668 0.597222 0.402778
6285 cox1 1 1596031.164668 0.597867 0.402133
6286 cox1 1 1596031.164668 0.598512 0.401488
6287 cox1 1 1596031.164668 0.599158 0.400842
6288 cox1 1 1596031.164668 0.599803 0.400197
6289 cox1 1 1596031.164668 0.600448 0.399552
6290 cox1 1 1596031.164668 0.601094 0.398906
6291 cox1 1 1596031.164668 0.601739 0.398261
6292 cox1 1 1596031.164668 0.602384 0.397616
6293 cox1 1 1596031.164668 0.603029 0.396971
6294 cox1 1 1596031.164668 0.603675 0.396325
6295 cox1 1 1596031.164668 0.604320 0.395680
6296 cox1 1 1596031.164668 0.604965 0.395035
6297 cox1 1 1596031.164668 0.605611 0.394389
6298 cox1 1 1596031.164668 0.606256 0.393744
6299 cox1 1 1596031.164668 0.606901 0.393099
6300 cox1 1 1596031.164668 0.607547 0.392453
6301 cox1 1 1596031.164668 0.608192 0.391808
6302 cox1 1 1596031.164668 0.608837 0.391163
6303 cox1 1 1596031.164668 0.609483 0.390517
6304 cox1 1 1596031.164668 0.610128 0.389872
6305 cox1 1 1596031.164668 0.610773 0.389227
6306 cox1 1 1596031.164668 0.611418 0.388582
6307 cox1 1 1596031.164668 0.612064 0.387936
6308 cox1 1 1596031.164668 0.612709 0.387291
6309 cox1 1 1596031.164668 0.613354 0.386646
6310 cox1 1 1596031.164668 0.614000 0.386000
6311 cox1 1 1596031.164668 0.614645 0.385355
6312 cox1 1 1596031.164668 0.615290 0.384710
6313 cox1 1 1596031.164668 0.615936 0.384064
6314 cox1 1 1596031.164668 0.616581 0.383419
6315 cox1 1 1596031.164668 0.617226 0.382774
6316 cox1 1 1596031.164668 0.617872 0.382128
6317 cox1 1 1596031.164668 0.618517 0.381483
6318 cox1 1 1596031.164668 0.619162 0.380838
6319 cox1 1 1596031.164668 0.619807 0.380193
6320 cox1 1 1596031.164668 0.620453 0.379547
6321 cox1 1 1596031.164668 0.621098 0.378902
6322 cox1 1 1596031.164668 0.621743 0.378257
6323 cox1 1 1596031.164668 0.622389 0.377611
6324 cox1 1 1596031.164668 0.623034 0.376966
6325 cox1 1 1596031.164668 0.623679 0.376321
6326 cox1 1 1596031.164668 0.624325 0.375675
6327 cox1 1 1596031.164668 0.624970 0.375030
6328 cox1 1 1596031.164668 0.625615 0.374385
6329 cox1 1 1596031.164668 0.626261 0.373739
6330 cox1 1 1596031.164668 0.626906 0.373094
6331 cox1 1 1596031.164668 0.627551 0.372449
6332 cox1 1 1596031.164668 0.628196 0.371804
6333 cox1 1 1596031.164668 0.628842 0.371158
6334 cox1 1 1596031.164668 0.629487 0.370513
6335 cox1 1 1596031.164668 0.630132 0.369868
6336 cox1 1 1596031.164668 0.630778 0.369222
6337 cox1 1 1596031.164668 0.631423 0.368577
6338 cox1 1 1596031.164668 0.632068 0.367932
6339 cox1 1 1596031.164668 0.632714 0.367286
6340 cox1 1 1596031.164668 0.633359 0.366641
6341 cox1 1 1596031.164668 0.634004 0.365996
6342 cox1 1 1596031.164668 0.634650 0.365350
6343 cox1 1 1596031.164668 0.635295 0.364705
6344 cox1 1 1596031.164668 0.635940 0.364060
6345 cox1 1 1596031.164668 0.636585 0.363415
6346 cox1 1 1596031.164668 0.637231 0.362769
6347 cox1 1 1596031.164668 0.637876 0.362124
6348 cox1 1 1596031.164668 0.638521 0.361479
6349 cox1 1 1596031.164668 0.639167 0.360833
6350 cox1 1 1596031.164668 0.639812 0.360188
6351 cox1 1 1596031.164668 0.640457 0.359543
6352 cox1 1 1596031.164668 0.641103 0.358897
6353 cox1 1 1596031.164668 0.641748 0.358252
6354 cox1 1 1596031.164668 0.642393 0.357607
6355 cox1 1 1596031.164668 0.643039 0.356961
6356 cox1 1 1596031.164668 0.643684 0.356316
6357 cox1 1 1596031.164668 0.644329 0.355671
6358 cox1 1 1596031.164668 0.644974 0.355026
6359 cox1 1 1596031.164668 0.645620 0.354380
6360 cox1 1 1596031.164668 0.646265 0.353735
6361 cox1 1 1596031.164668 0.646910 0.353090
6362 cox1 1 1596031.164668 0.647556 0.352444
6363 cox1 1 1596031.164668 0.648201 0.351799
6364 cox1 1 1596031.164668 0.648846 0.351154
6365 cox1 1 1596031.164668 0.649492 0.350508
6366 cox1 1 1596031.164668 0.650137 0.349863
6367 cox1 1 1596031.164668 0.650782 0.349218
6368 cox1 1 1596031.164668 0.651428 0.348572
6369 cox1 1 1596031.164668 0.652073 0.347927
6370 cox1 1 1596031.164668 0.652718 0.347282
6371 cox1 1 1596031.164668 0.653363 0.346637
6372 cox1 1 1596031.164668 0.654009 0.345991
6373 cox1 1 1596031.164668 0.654654 0.345346
6374 cox1 1 1596031.164668 0.655299 0.344701
6375 cox1 1 1596031.164668 0.655945 0.344055
6376 cox1 1 1596031.164668 0.656590 0.343410
6377 cox1 1 1596031.164668 0.657235 0.342765
6378 cox1 1 1596031.164668 0.657881 0.342119
6379 cox1 1 1596031.164668 0.658526 0.341474
6380 cox1 1 1596031.164668 0.659171 0.340829
6381 cox1 1 1596031.164668 0.659817 0.340183
6382 cox1 1 1596031.164668 0.660462 0.339538
6383 cox1 1 1596031.164668 0.661107 0.338893
6384 cox1 1 1596031.164668 0.661752 0.338248
6385 cox1 1 1596031.164668 0.662398 0.337602
6386 cox1 1 1596031.164668 0.663043 0.336957
6387 cox1 1 1596031.164668 0.663688 0.336312
6388 cox1 1 1596031.164668 0.664334 0.335666
6389 cox1 1 1596031.164668 0.664979 0.335021
6390 cox1 1 1596031.164668 0.665624 0.334376
6391 cox1 1 1596031.164668 0.666270 0.333730
6392 cox1 1 1596031.164668 0.666915 0.333085
6393 cox1 1 1596031.164668 0.667560 0.332440
6394 cox1 1 1596031.164668 0.668206 0.331794
6395 cox1 1 1596031.164668 0.668851 0.331149
6396 cox1 1 1596031.164668 0.669496 0.330504
6397 cox1 1 1596031.164668 0.670141 0.329859
6398 cox1 1 1596031.164668 0.670787 0.329213
6399 cox1 1 1596031.164668 0.671432 0.328568
6400 cox1 1 1596031.164668 0.672077 0.327923
6401 cox1 1 1596031.164668 0.672723 0.327277
6402 cox1 1 1596031.164668 0.673368 0.326632
6403 cox1 1 1596031.164668 0.674013 0.325987
6404 cox1 1 1596031.164668 0.674659 0.325341
6405 cox1 1 1596031.164668 0.675304 0.324696
6406 cox1 1 1596031.164668 0.675949 0.324051
6407 cox1 1 1596031.164668 0.676595 0.323405
6408 cox1 1 1596031.164668 0.677240 0.322760
6409 cox1 1 1596031.164668 0.677885 0.322115
6410 cox1 1 1596031.164668 0.678530 0.321470
6411 cox1 1 1596031.164668 0.679176 0.320824
6412 cox1 1 1596031.164668 0.679821 0.320179
6413 cox1 1 1596031.164668 0.680466 0.319534
6414 cox1 1 1596031.164668 0.681112 0.318888
6415 cox1 1 1596031.164668 0.681757 0.318243
6416 cox1 1 1596031.164668 0.682402 0.317598
6417 cox1 1 1596031.164668 0.683048 0.316952
6418 cox1 1 1596031.164668 0.683693 0.316307
6419 cox1 1 1596031.164668 0.684338 0.315662
6420 cox1 1 1596031.164668 0.684984 0.315016
6421 cox1 1 1596031.164668 0.685629 0.314371
6422 cox1 1 1596031.164668 0.686274 0.313726
6423 cox1 1 1596031.164668 0.686919 0.313081
6424 cox1 1 1596031.164668 0.687565 0.312435
6425 cox1 1 1596031.164668 0.688210 0.311790
6426 cox1 1 1596031.164668 0.688855 0.311145
6427 cox1 1 1596031.164668 0.689501 0.310499
6428 cox1 1 1596031.164668 0.690146 0.309854
6429 cox1 1 1596031.164668 0.690791 0.309209
6430 cox1 1 1596031.164668 0.691437 0.308563
6431 cox1 1 1596031.164668 0.692082 0.307918
6432 cox1 1 1596031.164668 0.692727 0.307273
6433 cox1 1 1596031.164668 0.693373 0.306627
6434 cox1 1 1596031.164668 0.694018 0.305982
6435 cox1 1 1596031.164668 0.694663 0.305337
6436 cox1 1 1596031.164668 0.695308 0.304692
6437 cox1 1 1596031.164668 0.695954 0.304046
6438 cox1 1 1596031.164668 0.696599 0.303401
6439 cox1 1 1596031.164668 0.697244 0.302756
6440 cox1 1 1596031.164668 0.697890 0.302110
6441 cox1 1 1596031.164668 0.698535 0.301465
6442 cox1 1 1596031.164668 0.699180 0.300820
6443 cox1 1 1596031.164668 0.699826 0.300174
6444 cox1 1 1596031.164668 0.700471 0.299529
6445 cox1 1 1596031.164668 0.701116 0.298884
6446 cox1 1 1596031.164668 0.701762 0.298238
6447 cox1 1 1596031.164668 0.702407 0.297593
6448 cox1 1 1596031.164668 0.703052 0.296948
6449 cox1 1 1596031.164668 0.703697 0.296303
6450 cox1 1 1596031.164668 0.704343 0.295657
6451 cox1 1 1596031.164668 0.704988 0.295012
6452 cox1 1 1596031.164668 0.705633 0.294367
6453 cox1 1 1596031.164668 0.706279 0.293721
6454 cox1 1 1596031.164668 0.706924 0.293076
6455 cox1 1 1596031.164668 0.707569 0.292431
6456 cox1 1 1596031.164668 0.708215 0.291785
6457 cox1 1 1596031.164668 0.708860 0.291140
6458 cox1 1 1596031.164668 0.709505 0.290495
6459 cox1 1 1596031.164668 0.710151 0.289849
6460 cox1 1 1596031.164668 0.710796 0.289204
6461 cox1 1 1596031.164668 0.711441 0.288559
6462 cox1 1 1596031.164668 0.712086 0.287914
6463 cox1 1 1596031.164668 0.712732 0.287268
6464 cox1 1 1596031.164668 0.713377 0.286623
6465 cox1 1 1596031.164668 0.714022 0.285978
6466 cox1 1 1596031.164668 0.714668 0.285332
6467 cox1 1 1596031.164668 0.715313 0.284687
6468 cox1 1 1596031.164668 0.715958 0.284042
6469 cox1 1 1596031.164668 0.716604 0.283396
6470 cox1 1 1596031.164668 0.717249 0.282751
6471 cox1 1 1596031.164668 0.717894 0.282106
6472 cox1 1 1596031.164668 0.718540 0.281460
6473 cox1 1 1596031.164668 0.719185 0.280815
6474 cox1 1 1596031.164668 0.719830 0.280170
6475 cox1 1 1596031.164668 0.720475 0.279525
6476 cox1 1 1596031.164668 0.721121 0.278879
6477 cox1 1 1596031.164668 0.721766 0.278234
6478 cox1 1 1596031.164668 0.722411 0.277589
6479 cox1 1 1596031.164668 0.723057 0.276943
6480 cox1 1 1596031.164668 0.723702 0.276298
6481 cox1 1 1596031.164668 0.724347 0.275653
6482 cox1 1 1596031.164668 0.724993 0.275007
6483 cox1 1 1596031.164668 0.725638 0.274362
6484 cox1 1 1596031.164668 0.726283 0.273717
6485 cox1 1 1596031.164668 0.726929 0.273071
6486 cox1 1 1596031.164668 0.727574 0.272426
6487 cox1 1 1596031.164668 0.728219 0.271781
6488 cox1 1 1596031.164668 0.728864 0.271136
6489 cox1 1 1596031.164668 0.729510 0.270490
6490 cox1 1 1596031.164668 0.730155 0.269845
6491 cox1 1 1596031.164668 0.730800 0.269200
6492 cox1 1 1596031.164668 0.731446 0.268554
6493 cox1 1 1596031.164668 0.732091 0.267909
6494 cox1 1 1596031.164668 0.732736 0.267264
6495 cox1 1 1596031.164668 0.733382 0.266618
6496 cox1 1 1596031.164668 0.734027 0.265973
6497 cox1 1 1596031.164668 0.734672 0.265328
6498 cox1 1 1596031.164668 0.735318 0.264682
6499 cox1 1 1596031.164668 0.735963 0.264037
6500 cox1 1 1596031.164668 0.736608 0.263392
6501 cox1 1 1596031.164668 0.737253 0.262747
6502 cox1 1 1596031.164668 0.737899 0.262101
6503 cox1 1 1596031.164668 0.738544 0.261456
6504 cox1 1 1596031.164668 0.739189 0.260811
6505 cox1 1 1596031.164668 0.739835 0.260165
6506 cox1 1 1596031.164668 0.740480 0.259520
6507 cox1 1 1596031.164668 0.741125 0.258875
6508 cox1 1 1596031.164668 0.741771 0.258229
6509 cox1 1 1596031.164668 0.742416 0.257584
6510 cox1 1 1596031.164668 0.743061 0.256939
6511 cox1 1 1596031.164668 0.743707 0.256293
6512 cox1 1 1596031.164668 0.744352 0.255648
6513 cox1 1 1596031.164668 0.744997 0.255003
6514 cox1 1 1596031.164668 0.745642 0.254358
6515 cox1 1 1596031.164668 0.746288 0.253712
6516 cox1 1 1596031.164668 0.746933 0.253067
6517 cox1 1 1596031.164668 0.747578 0.252422
6518 cox1 1 1596031.164668 0.748224 0.251776
6519 cox1 1 1596031.164668 0.748869 0.251131
6520 cox1 1 1596031.164668 0.749514 0.250486
6521 cox1 1 1596031.164668 0.750160 0.249840
6522 cox1 1 1596031.164668 0.750805 0.249195
6523 cox1 1 1596031.164668 0.751450 0.248550
6524 cox1 1 1596031.164668 0.752096 0.247904
6525 cox1 1 1596031.164668 0.752741 0.247259
6526 cox1 1 1596031.164668 0.753386 0.246614
6527 cox1 1 1596031.164668 0.754031 0.245969
6528 cox1 1 1596031.164668 0.754677 0.245323
6529 cox1 1 1596031.164668 0.755322 0.244678
6530 cox1 1 1596031.164668 0.755967 0.244033
6531 cox1 1 1596031.164668 0.756613 0.243387
6532 cox1 1 1596031.164668 0.757258 0.242742
6533 cox1 1 1596031.164668 0.757903 0.242097
6534 cox1 1 1596031.164668 0.758549 0.241451
6535 cox1 1 1596031.164668 0.759194 0.240806
6536 cox1 1 1596031.164668 0.759839 0.240161
6537 cox1 1 1596031.164668 0.760485 0.239515
6538 cox1 1 1596031.164668 0.761130 0.238870
6539 cox1 1 1596031.164668 0.761775 0.238225
6540 cox1 1 1596031.164668 0.762420 0.237580
6541 cox1 1 1596031.164668 0.763066 0.236934
6542 cox1 1 1596031.164668 0.763711 0.236289
6543 cox1 1 1596031.164668 0.764356 0.235644
6544 cox1 1 1596031.164668 0.765002 0.234998
6545 cox1 1 1596031.164668 0.765647 0.234353
6546 cox1 1 1596031.164668 0.766292 0.233708
6547 cox1 1 1596031.164668 0.766938 0.233062
6548 cox1 1 1596031.164668 0.767583 0.232417
6549 cox1 1 1596031.164668 0.768228 0.231772
6550 cox1 1 1596031.164668 0.768874 0.231126
6551 cox1 1 1596031.164668 0.769519 0.230481
6552 cox1 1 1596031.164668 0.770164 0.229836
6553 cox1 1 1596031.164668 0.770809 0.229191
6554 cox1 1 1596031.164668 0.771455 0.228545
6555 cox1 1 1596031.164668 0.772100 0.227900
6556 cox1 1 1596031.164668 0.772745 0.227255
6557 cox1 1 1596031.164668 0.773391 0.226609
6558 cox1 1 1596031.164668 0.774036 0.225964
6559 cox1 1 1596031.164668 0.774681 0.225319
6560 cox1 1 1596031.164668 0.775327 0.224673
6561 cox1 1 1596031.164668 0.775972 0.224028
6562 cox1 1 1596031.164668 0.776617 0.223383
6563 cox1 1 1596031.164668 0.777263 0.222737
6564 cox1 1 1596031.164668 0.777908 0.222092
6565 cox1 1 1596031.164668 0.778553 0.221447
6566 cox1 1 1596031.164668 0.779198 0.220802
6567 cox1 1 1596031.164668 0.779844 0.220156
6568 cox1 1 1596031.164668 0.780489 0.219511
6569 cox1 1 1596031.164668 0.781134 0.218866
6570 cox1 1 1596031.164668 0.781780 0.218220
6571 cox1 1 1596031.164668 0.782425 0.217575
6572 cox1 1 1596031.164668 0.783070 0.216930
6573 cox1 1 1596031.164668 0.783716 0.216284
6574 cox1 1 1596031.164668 0.784361 0.215639
6575 cox1 1 1596031.164668 0.785006 0.214994
6576 cox1 1 1596031.164668 0.785652 0.214348
6577 cox1 1 1596031.164668 0.786297 0.213703
6578 cox1 1 1596031.164668 0.786942 0.213058
6579 cox1 1 1596031.164668 0.787587 0.212413
6580 cox1 1 1596031.164668 0.788233 0.211767
6581 cox1 1 1596031.164668 0.788878 0.211122
6582 cox1 1 1596031.164668 0.789523 0.210477
6583 cox1 1 1596031.164668 0.790169 0.209831
6584 cox1 1 1596031.164668 0.790814 0.209186
6585 cox1 1 1596031.164668 0.791459 0.208541
6586 cox1 1 1596031.164668 0.792105 0.207895
6587 cox1 1 1596031.164668 0.792750 0.207250
6588 cox1 1 1596031.164668 0.793395 0.206605
6589 cox1 1 1596031.164668 0.794041 0.205959
6590 cox1 1 1596031.164668 0.794686 0.205314
6591 cox1 1 1595831.164668 0.795330 0.204670
6592 cox1 1 1595831.164668 0.795975 0.204025
6593 cox1 1 1595831.164668 0.796621 0.203379
6594 cox1 1 1595831.164668 0.797266 0.202734
6595 cox1 1 1595831.164668 0.797911 0.202089
6596 cox1 1 1595831.164668 0.798557 0.201443
6597 cox1 1 1595831.164668 0.799202 0.200798
6598 cox1 1 1595831.164668 0.799847 0.200153
6599 cox1 1 1595831.164668 0.800493 0.199507
6600 cox1 1 1595831.164668 0.801138 0.198862
6601 cox1 1 1595831.164668 0.801783 0.198217
6602 cox1 1 1595831.164668 0.802429 0.197571
6603 cox1 1 1595831.164668 0.803074 0.196926
6604 cox1 1 1595831.164668 0.803719 0.196281
6605 cox1 1 1595831.164668 0.804364 0.195636
6606 cox1 1 1595831.164668 0.805010 0.194990
6607 cox1 1 1595831.164668 0.805655 0.194345
6608 cox1 1 1595831.164668 0.806300 0.193700
6609 cox1 1 1595831.164668 0.806946 0.193054
6610 cox1 1 1595831.164668 0.807591 0.192409
6611 cox1 1 1595831.164668 0.808236 0.191764
6612 cox1 1 1595831.164668 0.808882 0.191118
6613 cox1 1 1595831.164668 0.809527 0.190473
6614 cox1 1 1595831.164668 0.810172 0.189828
6615 cox1 1 1595831.164668 0.810818 0.189182
6616 cox1 1 1595831.164668 0.811463 0.188537
6617 cox1 1 1595831.164668 0.812108 0.187892
6618 cox1 1 1595831.164668 0.812753 0.187247
6619 cox1 1 1595831.164668 0.813399 0.186601
6620 cox1 1 1595831.164668 0.814044 0.185956
6621 cox1 1 1595831.164668 0.814689 0.185311
6622 cox1 1 1595831.164668 0.815335 0.184665
6623 cox1 1 1595831.164668 0.815980 0.184020
6624 cox1 1 1595831.164668 0.816625 0.183375
6625 cox1 1 1595831.164668 0.817271 0.182729
6626 cox1 1 1595831.164668 0.817916 0.182084
6627 cox1 1 1595831.164668 0.818561 0.181439
6628 cox1 1 1595831.164668 0.819207 0.180793
6629 cox1 1 1595831.164668 0.819852 0.180148
6630 cox1 1 1595831.164668 0.820497 0.179503
6631 cox1 1 1595831.164668 0.821142 0.178858
6632 cox1 1 1595831.164668 0.821788 0.178212
6633 cox1 1 1595831.164668 0.822433 0.177567
6634 cox1 1 1595831.164668 0.823078 0.176922
6635 cox1 1 1595831.164668 0.823724 0.176276
6636 cox1 1 1595831.164668 0.824369 0.175631
6637 cox1 1 1595831.164668 0.825014 0.174986
6638 cox1 1 1595831.164668 0.825660 0.174340
6639 cox1 1 1595831.164668 0.826305 0.173695
6640 cox1 1 1595831.164668 0.826950 0.173050
6641 cox1 1 1595831.164668 0.827596 0.172404
6642 cox1 1 1595831.164668 0.828241 0.171759
6643 cox1 1 1595831.164668 0.828886 0.171114
6644 cox1 1 1595831.164668 0.829531 0.170469
6645 cox1 1 1595831.164668 0.830177 0.169823
6646 cox1 1 1595831.164668 0.830822 0.169178
6647 cox1 1 1595831.164668 0.831467 0.168533
6648 cox1 1 1595831.164668 0.832113 0.167887
6649 cox1 1 1595831.164668 0.832758 0.167242
6650 cox1 1 1595831.164668 0.833403 0.166597
6651 cox1 1 1595831.164668 0.834049 0.165951
6652 cox1 1 1595831.164668 0.834694 0.165306
6653 cox1 1 1595831.164668 0.835339 0.164661
6654 cox1 1 1595831.164668 0.835985 0.164015
6655 cox1 1 1595831.164668 0.836630 0.163370
6656 cox1 1 1595831.164668 0.837275 0.162725
6657 cox1 1 1595831.164668 0.837920 0.162080
6658 cox1 1 1595831.164668 0.838566 0.161434
6659 cox1 1 1595831.164668 0.839211 0.160789
6660 cox1 1 1595831.164668 0.839856 0.160144
6661 cox1 1 1595831.164668 0.840502 0.159498
6662 cox1 1 1595831.164668 0.841147 0.158853
6663 cox1 1 1595831.164668 0.841792 0.158208
6664 cox1 1 1595831.164668 0.842438 0.157562
6665 cox1 1 1595831.164668 0.843083 0.156917
6666 cox1 1 1595831.164668 0.843728 0.156272
6667 cox1 1 1595831.164668 0.844374 0.155626
6668 cox1 1 1595831.164668 0.845019 0.154981
6669 cox1 1 1595831.164668 0.845664 0.154336
6670 cox1 1 1595831.164668 0.846309 0.153691
6671 cox1 1 1595831.164668 0.846955 0.153045
6672 cox1 1 1595831.164668 0.847600 0.152400
6673 cox1 1 1595831.164668 0.848245 0.151755
6674 cox1 1 1595831.164668 0.848891 0.151109
6675 cox1 1 1595509.009580 0.849507 0.150493
6676 cox1 1 1595509.009580 0.850153 0.149847
6677 cox1 1 1595509.009580 0.850798 0.149202
6678 cox1 1 1595509.009580 0.851443 0.148557
6679 cox1 1 1595509.009580 0.852088 0.147912
6680 cox1 1 1595509.009580 0.852734 0.147266
6681 cox1 1 1595509.009580 0.853379 0.146621
6682 cox1 1 1595509.009580 0.854024 0.145976
6683 cox1 1 1595509.009580 0.854670 0.145330
6684 cox1 1 1595509.009580 0.855315 0.144685
6685 cox1 1 1595509.009580 0.855960 0.144040
6686 cox1 1 1595509.009580 0.856605 0.143395
6687 cox1 1 1595309.009580 0.857250 0.142750
6688 cox1 1 1595309.009580 0.857895 0.142105
6689 cox1 1 1595309.009580 0.858540 0.141460
6690 cox1 1 1595109.009580 0.859185 0.140815
6691 cox1 1 1595109.009580 0.859830 0.140170
6692 cox1 1 1595109.009580 0.860475 0.139525
6693 cox1 1 1594943.448912 0.861120 0.138880
6694 cox1 1 1594943.448912 0.861765 0.138235
6695 cox1 1 1594943.448912 0.862411 0.137589
6696 cox1 1 1594943.448912 0.863056 0.136944
6697 cox1 1 1594943.448912 0.863701 0.136299
6698 cox1 1 1594943.448912 0.864347 0.135653
6699 cox1 1 1594943.448912 0.864992 0.135008
6700 cox1 1 1594943.448912 0.865637 0.134363
6701 cox1 1 1594943.448912 0.866282 0.133718
6702 cox1 1 1594943.448912 0.866928 0.133072
6703 cox1 1 1594943.448912 0.867573 0.132427
6704 cox1 1 1594943.448912 0.868218 0.131782
6705 cox1 1 1594943.448912 0.868864 0.131136
6706 cox1 1 1594943.448912 0.869509 0.130491
6707 cox1 1 1594943.448912 0.870154 0.129846
6708 cox1 1 1594943.448912 0.870799 0.129201
6709 cox1 1 1594943.448912 0.871445 0.128555
6710 cox1 1 1594943.448912 0.872090 0.127910
6711 cox1 1 1594780.180501 0.872735 0.127265
6712 cox1 1 1594780.180501 0.873380 0.126620
6713 cox1 1 1594780.180501 0.874026 0.125974
6714 cox1 1 1594780.180501 0.874671 0.125329
6715 cox1 1 1594780.180501 0.875316 0.124684
6716 cox1 1 1594780.180501 0.875962 0.124038
6717 cox1 1 1594780.180501 0.876607 0.123393
6718 cox1 1 1594780.180501 0.877252 0.122748
6719 cox1 1 1594780.180501 0.877897 0.122103
6720 cox1 1 1594780.180501 0.878543 0.121457
6721 cox1 1 1594780.180501 0.879188 0.120812
6722 cox1 1 1594780.180501 0.879833 0.120167
6723 cox1 1 1594780.180501 0.880479 0.119521
6724 cox1 1 1594780.180501 0.881124 0.118876
6725 cox1 1 1594780.180501 0.881769 0.118231
6726 cox1 1 1594780.180501 0.882414 0.117586
6727 cox1 1 1594780.180501 0.883060 0.116940
6728 cox1 1 1594780.180501 0.883705 0.116295
6729 cox1 1 1594780.180501 0.884350 0.115650
6730 cox1 1 1594780.180501 0.884996 0.115004
6731 cox1 1 1594780.180501 0.885641 0.114359
6732 cox1 1 1594580.180501 0.886284 0.113716
6733 cox1 1 1594580.180501 0.886929 0.113071
6734 cox1 1 1594580.180501 0.887574 0.112426
6735 cox1 1 1594580.180501 0.888220 0.111780
6736 cox1 1 1594580.180501 0.888865 0.111135
6737 cox1 1 1594580.180501 0.889510 0.110490
6738 cox1 1 1594580.180501 0.890155 0.109845
6739 cox1 1 1594580.180501 0.890801 0.109199
6740 cox1 1 1594580.180501 0.891446 0.108554
6741 cox1 1 1594580.180501 0.892091 0.107909
6742 cox1 1 1594580.180501 0.892737 0.107263
6743 cox1 1 1594580.180501 0.893382 0.106618
6744 cox1 1 1594580.180501 0.894027 0.105973
6745 cox1 1 1594580.180501 0.894672 0.105328
6746 cox1 1 1594580.180501 0.895318 0.104682
6747 cox1 1 1594580.180501 0.895963 0.104037
6748 cox1 1 1594580.180501 0.896608 0.103392
6749 cox1 1 1594580.180501 0.897254 0.102746
6750 cox1 1 1594580.180501 0.897899 0.102101
6751 cox1 1 1594580.180501 0.898544 0.101456
6752 cox1 1 1594580.180501 0.899189 0.100811
6753 cox1 1 1594580.180501 0.899835 0.100165
6754 cox1 1 1594580.180501 0.900480 0.099520
6755 cox1 1 1594580.180501 0.901125 0.098875
6756 cox1 1 1594580.180501 0.901771 0.098229
6757 cox1 1 1594580.180501 0.902416 0.097584
6758 cox1 1 1594580.180501 0.903061 0.096939
6759 cox1 1 1594580.180501 0.903706 0.096294
6760 cox1 1 1594580.180501 0.904352 0.095648
6761 cox1 1 1594580.180501 0.904997 0.095003
6762 cox1 1 1594580.180501 0.905642 0.094358
6763 cox1 1 1594580.180501 0.906288 0.093712
6764 cox1 1 1594580.180501 0.906933 0.093067
6765 cox1 1 1594580.180501 0.907578 0.092422
6766 cox1 1 1594580.180501 0.908223 0.091777
6767 cox1 1 1594580.180501 0.908869 0.091131
6768 cox1 1 1594580.180501 0.909514 0.090486
6769 cox1 1 1594580.180501 0.910159 0.089841
6770 cox1 1 1594580.180501 0.910804 0.089196
6771 cox1 1 1594580.180501 0.911450 0.088550
6772 cox1 1 1594580.180501 0.912095 0.087905
6773 cox1 1 1594580.180501 0.912740 0.087260
6774 cox1 1 1594580.180501 0.913386 0.086614
6775 cox1 1 1594580.180501 0.914031 0.085969
6776 cox1 1 1594580.180501 0.914676 0.085324
6777 cox1 1 1594580.180501 0.915321 0.084679
6778 cox1 1 1594580.180501 0.915967 0.084033
6779 cox1 1 1594580.180501 0.916612 0.083388
6780 cox1 1 1594580.180501 0.917257 0.082743
6781 cox1 1 1594580.180501 0.917903 0.082097
6782 cox1 1 1594580.180501 0.918548 0.081452
6783 cox1 1 1593819.593820 0.919195 0.080805
6784 cox1 1 1593819.593820 0.919840 0.080160
6785 cox1 1 1593819.593820 0.920485 0.079515
6786 cox1 1 1593619.593820 0.921133 0.078867
6787 cox1 1 1593619.593820 0.921779 0.078221
6788 cox1 1 1593619.593820 0.922424 0.077576
6789 cox1 1 1593619.593820 0.923069 0.076931
6790 cox1 1 1593619.593820 0.923715 0.076285
6791 cox1 1 1593619.593820 0.924360 0.075640
6792 cox1 1 1593461.213956 0.925002 0.074998
6793 cox1 1 1593461.213956 0.925647 0.074353
6794 cox1 1 1593461.213956 0.926292 0.073708
6795 cox1 1 1593307.111033 0.926935 0.073065
6796 cox1 1 1593307.111033 0.927581 0.072419
6797 cox1 1 1593307.111033 0.928226 0.071774
6798 cox1 1 1589242.595833 0.928893 0.071107
6799 cox1 1 1589242.595833 0.929538 0.070462
6800 cox1 1 1589242.595833 0.930183 0.069817
6801 cox1 1 1589242.595833 0.930829 0.069171
6802 cox1 1 1589242.595833 0.931474 0.068526
6803 cox1 1 1589242.595833 0.932119 0.067881
6804 cox1 1 1588557.482472 0.932770 0.067230
6805 cox1 1 1588557.482472 0.933415 0.066585
6806 cox1 1 1588557.482472 0.934060 0.065940
6807 cox1 1 1584591.157668 0.934717 0.065283
6808 cox1 1 1584591.157668 0.935363 0.064637
6809 cox1 1 1584591.157668 0.936008 0.063992
6810 cox1 1 1574462.548420 0.936807 0.063193
6811 cox1 1 1574462.548420 0.937452 0.062548
6812 cox1 1 1574462.548420 0.938098 0.061902
6813 cox1 1 1571991.764528 0.938739 0.061261
6814 cox1 1 1571991.764528 0.939384 0.060616
6815 cox1 1 1571991.764528 0.940030 0.059970
6816 cox1 1 1571791.764528 0.940674 0.059326
6817 cox1 1 1571791.764528 0.941320 0.058680
6818 cox1 1 1571791.764528 0.941965 0.058035
6819 cox1 1 1571791.764528 0.942611 0.057389
6820 cox1 1 1571791.764528 0.943256 0.056744
6821 cox1 1 1571791.764528 0.943902 0.056098
6822 cox1 1 1571591.764528 0.944540 0.055460
6823 cox1 1 1571591.764528 0.945186 0.054814
6824 cox1 1 1571591.764528 0.945831 0.054169
6825 cox1 1 1571591.764528 0.946477 0.053523
6826 cox1 1 1571591.764528 0.947122 0.052878
6827 cox1 1 1571591.764528 0.947768 0.052232
6828 cox1 1 1571428.545565 0.948413 0.051587
6829 cox1 1 1571428.545565 0.949059 0.050941
6830 cox1 1 1571428.545565 0.949704 0.050296
6831 cox1 1 1571260.887987 0.950350 0.049650
6832 cox1 1 1571260.887987 0.950996 0.049004
6833 cox1 1 1571260.887987 0.951641 0.048359
6834 cox1 1 1571104.330467 0.952285 0.047715
6835 cox1 1 1571104.330467 0.952930 0.047070
6836 cox1 1 1571104.330467 0.953576 0.046424
6837 cox1 1 1570704.330467 0.954216 0.045784
6838 cox1 1 1570704.330467 0.954862 0.045138
6839 cox1 1 1570704.330467 0.955507 0.044493
6840 cox1 1 1568205.344239 0.956174 0.043826
6841 cox1 1 1568205.344239 0.956820 0.043180
6842 cox1 1 1568205.344239 0.957465 0.042535
6843 cox1 1 1567631.620701 0.958122 0.041878
6844 cox1 1 1567631.620701 0.958767 0.041233
6845 cox1 1 1567631.620701 0.959413 0.040587
6846 cox1 1 1567631.620701 0.960059 0.039941
6847 cox1 1 1567631.620701 0.960704 0.039296
6848 cox1 1 1567631.620701 0.961350 0.038650
6849 cox1 1 1567631.620701 0.961995 0.038005
6850 cox1 1 1567631.620701 0.962641 0.037359
6851 cox1 1 1567631.620701 0.963286 0.036714
6852 cox1 1 1567631.620701 0.963932 0.036068
6853 cox1 1 1567631.620701 0.964577 0.035423
6854 cox1 1 1567631.620701 0.965223 0.034777
6855 cox1 1 1567231.620701 0.965869 0.034131
6856 cox1 1 1567231.620701 0.966514 0.033486
6857 cox1 1 1567231.620701 0.967160 0.032840
6858 cox1 1 1566631.620701 0.967811 0.032189
6859 cox1 1 1566631.620701 0.968457 0.031543
6860 cox1 1 1566631.620701 0.969103 0.030897
6861 cox1 1 1566257.980537 0.969746 0.030254
6862 cox1 1 1566257.980537 0.970391 0.029609
6863 cox1 1 1566257.980537 0.971037 0.028963
6864 cox1 1 1566057.980537 0.971683 0.028317
6865 cox1 1 1566057.980537 0.972328 0.027672
6866 cox1 1 1566057.980537 0.972974 0.027026
6867 cox1 1 1562443.441250 0.973625 0.026375
6868 cox1 1 1562443.441250 0.974270 0.025730
6869 cox1 1 1562443.441250 0.974916 0.025084
6870 cox1 1 1555817.478811 0.975571 0.024429
6871 cox1 1 1555817.478811 0.976216 0.023784
6872 cox1 1 1555817.478811 0.976862 0.023138
6873 cox1 1 1554871.465582 0.977509 0.022491
6874 cox1 1 1554871.465582 0.978155 0.021845
6875 cox1 1 1554871.465582 0.978800 0.021200
6876 cox1 1 1549471.465582 0.979563 0.020437
6877 cox1 1 1549471.465582 0.980208 0.019792
6878 cox1 1 1549471.465582 0.980854 0.019146
6879 cox1 1 1114214.448338 0.980075 0.019925
6880 cox1 1 1114214.448338 0.980719 0.019281
6881 cox1 1 1114214.448338 0.981363 0.018637
6882 cox1 1 1108461.119511 0.982002 0.017998
6883 cox1 1 1108461.119511 0.982646 0.017354
6884 cox1 1 1108461.119511 0.983290 0.016710
6885 cox1 1 1090036.702391 0.983863 0.016137
6886 cox1 1 1090036.702391 0.984507 0.015493
6887 cox1 1 1090036.702391 0.985151 0.014849
6888 cox1 1 1064161.602073 0.985849 0.014151
6889 cox1 1 1064161.602073 0.986493 0.013507
6890 cox1 1 1064161.602073 0.987137 0.012863
6891 cox1 1 943931.547146 0.988209 0.011791
6892 cox1 1 943931.547146 0.988853 0.011147
6893 cox1 1 943931.547146 0.989498 0.010502
6894 cox1 1 185006.156728 0.986674 0.013326
6895 cox1 1 185006.156728 0.987316 0.012684
6896 cox1 1 185006.156728 0.987958 0.012042
6897 cox1 1 85770.686133 0.982106 0.017894
6898 cox1 1 85770.686133 0.982743 0.017257
6899 cox1 1 85770.686133 0.983381 0.016619
6900 cox1 1 85770.686133 0.984019 0.015981
6901 cox1 1 85770.686133 0.984656 0.015344
6902 cox1 1 85770.686133 0.985294 0.014706
6903 cox1 1 50170.686133 0.982913 0.017087
6904 cox1 1 50170.686133 0.983548 0.016452
6905 cox1 1 50170.686133 0.984184 0.015816
6906 cox1 1 44800.000000 0.983498 0.016502
6907 cox1 1 44800.000000 0.984133 0.015867
6908 cox1 1 44800.000000 0.984768 0.015232
6909 cox1 1 23600.000000 0.981991 0.018009
6910 cox1 1 23600.000000 0.982624 0.017376
6911 cox1 1 23600.000000 0.983257 0.016743
6912 cox1 1 23600.000000 0.983890 0.016110
6913 cox1 1 23600.000000 0.984523 0.015477
6914 cox1 1 23600.000000 0.985156 0.014844
6915 cox1 1 23400.000000 0.985678 0.014322
6916 cox1 1 23400.000000 0.986311 0.013689
6917 cox1 1 23400.000000 0.986944 0.013056
6918 cox1 1 12000.000000 0.976994 0.023006
6919 cox1 1 12000.000000 0.977620 0.022380
6920 cox1 1 12000.000000 0.978246 0.021754
6921 cox1 1 9600.000000 0.973910 0.026090
6922 cox1 1 9600.000000 0.974532 0.025468
6923 cox1 1 9600.000000 0.975155 0.024845
6924 cox1 1 9600.000000 0.975777 0.024223
6925 cox1 1 9600.000000 0.976400 0.023600
6926 cox1 1 9600.000000 0.977022 0.022978
6927 cox1 1 9000.000000 0.976911 0.023089
6928 cox1 1 9000.000000 0.977533 0.022467
6929 cox1 1 9000.000000 0.978155 0.021845
6930 cox1 1 9000.000000 0.978777 0.021223
6931 cox1 1 9000.000000 0.979399 0.020601
6932 cox1 1 9000.000000 0.980021 0.019979
6933 cox1 1 6600.000000 0.974874 0.025126
6934 cox1 1 6600.000000 0.975492 0.024508
6935 cox1 1 6600.000000 0.976110 0.023890
6936 cox1 1 6000.000000 0.974781 0.025219
6937 cox1 1 6000.000000 0.975398 0.024602
6938 cox1 1 6000.000000 0.976015 0.023985
6939 cox1 1 5600.000000 0.975054 0.024946
6940 cox1 1 5600.000000 0.975669 0.024331
6941 cox1 1 5600.000000 0.976285 0.023715
6942 cox1 1 5600.000000 0.976901 0.023099
6943 cox1 1 5600.000000 0.977517 0.022483
6944 cox1 1 5600.000000 0.978133 0.021867
6945 cox1 1 5600.000000 0.978749 0.021251
6946 cox1 1 5600.000000 0.979365 0.020635
6947 cox1 1 5600.000000 0.979981 0.020019
6948 cox1 1 5400.000000 0.980278 0.019722
6949 cox1 1 5400.000000 0.980894 0.019106
6950 cox1 1 5400.000000 0.981510 0.018490
6951 cox1 1 5200.000000 0.981780 0.018220
6952 cox1 1 5200.000000 0.982395 0.017605
6953 cox1 1 5200.000000 0.983011 0.016989
6954 cox1 1 5200.000000 0.983626 0.016374
6955 cox1 1 5200.000000 0.984242 0.015758
6956 cox1 1 5200.000000 0.984857 0.015143
6957 cox1 1 1000.000000 0.978617 0.021383
6958 cox1 1 1000.000000 0.979225 0.020775
6959 cox1 1 1000.000000 0.979833 0.020167
6960 cox1 1 1000.000000 0.980441 0.019559
6961 cox1 1 1000.000000 0.981049 0.018951
6962 cox1 1 1000.000000 0.981657 0.018343
6963 cox1 1 800.000000 0.979561 0.020439
6964 cox1 1 800.000000 0.980167 0.019833
6965 cox1 1 800.000000 0.980772 0.019228
6966 cox1 1 800.000000 0.981377 0.018623
6967 cox1 1 800.000000 0.981983 0.018017
6968 cox1 1 800.000000 0.982588 0.017412
6969 cox1 1 800.000000 0.983193 0.016807
6970 cox1 1 800.000000 0.983799 0.016201
6971 cox1 1 800.000000 0.984404 0.015596
6972 cox1 1 800.000000 0.985009 0.014991
6973 cox1 1 800.000000 0.985614 0.014386
6974 cox1 1 800.000000 0.986220 0.013780
6975 cox1 1 800.000000 0.986825 0.013175
6976 cox1 1 800.000000 0.987430 0.012570
6977 cox1 1 800.000000 0.988036 0.011964
6978 cox1 1 0.000000 0.000000 0.000000
6957 cox2 2 0.000000 0.000000 0.000000
6958 cox2 2 81.703335 0.004032 0.995968
6959 cox2 2 81.703335 0.005300 0.994700
6960 cox2 2 81.703335 0.006568 0.993432
6961 cox2 2 81.703335 0.007835 0.992165
6962 cox2 2 81.703335 0.009103 0.990897
6963 cox2 2 81.703335 0.010371 0.989629
6964 cox2 2 81.703335 0.011638 0.988362
6965 cox2 2 81.703335 0.012906 0.987094
6966 cox2 2 81.703335 0.014174 0.985826
6967 cox2 2 81.703335 0.015441 0.984559
6968 cox2 2 81.703335 0.016709 0.983291
6969 cox2 2 81.703335 0.017977 0.982023
6970 cox2 2 81.703335 0.019244 0.980756
6971 cox2 2 81.703335 0.020512 0.979488
6972 cox2 2 81.703335 0.021780 0.978220
6973 cox2 2 81.703335 0.023047 0.976953
6974 cox2 2 81.703335 0.024315 0.975685
6975 cox2 2 81.703335 0.025583 0.974417
6976 cox2 2 81.703335 0.026850 0.973150
6977 cox2 2 81.703335 0.028118 0.971882
6978 cox2 2 81.703335 0.029386 0.970614
6979 cox2 2 81.703335 0.030653 0.969347
6980 cox2 2 81.703335 0.031921 0.968079
6981 cox2 2 81.703335 0.033189 0.966811
6982 cox2 2 81.703335 0.034457 0.965543
6983 cox2 2 81.703335 0.035724 0.964276
6984 cox2 2 81.703335 0.036992 0.963008
6985 cox2 2 81.703335 0.038260 0.961740
6986 cox2 2 81.703335 0.039527 0.960473
6987 cox2 2 81.703335 0.040795 0.959205
6988 cox2 2 164.393705 0.021031 0.978969
6989 cox2 2 164.393705 0.022327 0.977673
6990 cox2 2 164.393705 0.023624 0.976376
6991 cox2 2 164.393705 0.024920 0.975080
6992 cox2 2 164.393705 0.026216 0.973784
6993 cox2 2 164.393705 0.027512 0.972488
6994 cox2 2 164.393705 0.028808 0.971192
6995 cox2 2 164.393705 0.030104 0.969896
6996 cox2 2 164.393705 0.031401 0.968599
6997 cox2 2 201.434663 0.029928 0.970072
6998 cox2 2 201.434663 0.031258 0.968742
6999 cox2 2 201.434663 0.032588 0.967412
7000 cox2 2 201.434663 0.033918 0.966082
7001 cox2 2 201.434663 0.035249 0.964751
7002 cox2 2 201.434663 0.036579 0.963421
7003 cox2 2 201.434663 0.037909 0.962091
7004 cox2 2 201.434663 0.039239 0.960761
7005 cox2 2 201.434663 0.040569 0.959431
7006 cox2 2 201.434663 0.041899 0.958101
7007 cox2 2 201.434663 0.043230 0.956770
7008 cox2 2 201.434663 0.044560 0.955440
7009 cox2 2 201.434663 0.045890 0.954110
7010 cox2 2 201.434663 0.047220 0.952780
7011 cox2 2 201.434663 0.048550 0.951450
7012 cox2 2 201.434663 0.049881 0.950119
7013 cox2 2 201.434663 0.051211 0.948789
7014 cox2 2 201.434663 0.052541 0.947459
7015 cox2 2 201.434663 0.053871 0.946129
7016 cox2 2 201.434663 0.055201 0.944799
7017 cox2 2 201.434663 0.056531 0.943469
7018 cox2 2 281.125033 0.044434 0.955566
7019 cox2 2 281.125033 0.045776 0.954224
7020 cox2 2 281.125033 0.047118 0.952882
7021 cox2 2 980.590060 0.031964 0.968036
7022 cox2 2 980.590060 0.033313 0.966687
7023 cox2 2 980.590060 0.034663 0.965337
7024 cox2 2 1147.234940 0.032407 0.967593
7025 cox2 2 1147.234940 0.033762 0.966238
7026 cox2 2 1147.234940 0.035116 0.964884
7027 cox2 2 1194.554605 0.034600 0.965400
7028 cox2 2 1194.554605 0.035958 0.964042
7029 cox2 2 1194.554605 0.037316 0.962684
7030 cox2 2 1319.340736 0.036338 0.963662
7031 cox2 2 1319.340736 0.037706 0.962294
7032 cox2 2 1319.340736 0.039073 0.960927
7033 cox2 2 1319.340736 0.040440 0.959560
7034 cox2 2 1319.340736 0.041808 0.958192
7035 cox2 2 1319.340736 0.043175 0.956825
7036 cox2 2 1319.340736 0.044543 0.955457
7037 cox2 2 1319.340736 0.045910 0.954090
7038 cox2 2 1319.340736 0.047278 0.952722
7039 cox2 2 1428.127910 0.043753 0.956247
7040 cox2 2 1428.127910 0.045127 0.954873
7041 cox2 2 1428.127910 0.046500 0.953500
7042 cox2 2 1492.244248 0.046071 0.953929
7043 cox2 2 1492.244248 0.047416 0.952584
7044 cox2 2 1492.244248 0.048761 0.951239
7045 cox2 2 1760.284436 0.043066 0.956934
7046 cox2 2 1760.284436 0.044433 0.955567
7047 cox2 2 1760.284436 0.045800 0.954200
7048 cox2 2 2054.390758 0.042357 0.957643
7049 cox2 2 2054.390758 0.043733 0.956267
7050 cox2 2 2054.390758 0.045109 0.954891
7051 cox2 2 680864.636764 0.000307 0.999693
7052 cox2 2 680864.636764 0.001759 0.998241
7053 cox2 2 680864.636764 0.003211 0.996789
7054 cox2 2 684012.522669 0.004957 0.995043
7055 cox2 2 684012.522669 0.006409 0.993591
7056 cox2 2 684012.522669 0.007861 0.992139
7057 cox2 2 687821.811485 0.009546 0.990454
7058 cox2 2 687821.811485 0.010998 0.989002
7059 cox2 2 687821.811485 0.012449 0.987551
7060 cox2 2 688373.943434 0.013916 0.986084
7061 cox2 2 688373.943434 0.015368 0.984632
7062 cox2 2 688373.943434 0.016819 0.983181
7063 cox2 2 698860.136880 0.019355 0.980645
7064 cox2 2 698860.136880 0.020804 0.979196
7065 cox2 2 698860.136880 0.022254 0.977746
7066 cox2 2 752632.635547 0.023589 0.976411
7067 cox2 2 752632.635547 0.025039 0.974961
7068 cox2 2 752632.635547 0.026488 0.973512
7069 cox2 2 769937.608182 0.027911 0.972089
7070 cox2 2 769937.608182 0.029360 0.970640
7071 cox2 2 769937.608182 0.030810 0.969190
7072 cox2 2 771565.049944 0.032256 0.967744
7073 cox2 2 771565.049944 0.033706 0.966294
7074 cox2 2 771565.049944 0.035156 0.964844
7075 cox2 2 775812.682257 0.036586 0.963414
7076 cox2 2 775812.682257 0.038036 0.961964
7077 cox2 2 775812.682257 0.039486 0.960514
7078 cox2 2 785992.417410 0.040845 0.959155
7079 cox2 2 785992.417410 0.042296 0.957704
7080 cox2 2 785992.417410 0.043746 0.956254
7081 cox2 2 787958.933256 0.045175 0.954825
7082 cox2 2 787958.933256 0.046625 0.953375
7083 cox2 2 787958.933256 0.048076 0.951924
7084 cox2 2 788010.221449 0.049530 0.950470
7085 cox2 2 788010.221449 0.050981 0.949019
7086 cox2 2 788010.221449 0.052432 0.947568
7087 cox2 2 788010.221449 0.053882 0.946118
7088 cox2 2 788010.221449 0.055333 0.944667
7089 cox2 2 788010.221449 0.056783 0.943217
7090 cox2 2 788050.555868 0.058234 0.941766
7091 cox2 2 788050.555868 0.059685 0.940315
7092 cox2 2 788050.555868 0.061135 0.938865
7093 cox2 2 788327.763142 0.062586 0.937414
7094 cox2 2 788327.763142 0.064036 0.935964
7095 cox2 2 788327.763142 0.065487 0.934513
7096 cox2 2 788497.896229 0.066912 0.933088
7097 cox2 2 788497.896229 0.068363 0.931637
7098 cox2 2 788497.896229 0.069813 0.930187
7099 cox2 2 789044.076015 0.071190 0.928810
7100 cox2 2 789044.076015 0.072641 0.927359
7101 cox2 2 789044.076015 0.074091 0.925909
7102 cox2 2 789723.590788 0.075503 0.924497
7103 cox2 2 789723.590788 0.076954 0.923046
7104 cox2 2 789723.590788 0.078405 0.921595
7105 cox2 2 790096.488939 0.079835 0.920165
7106 cox2 2 790096.488939 0.081286 0.918714
7107 cox2 2 790096.488939 0.082737 0.917263
7108 cox2 2 790514.302471 0.084188 0.915812
7109 cox2 2 790514.302471 0.085639 0.914361
7110 cox2 2 790514.302471 0.087090 0.912910
7111 cox2 2 790985.713630 0.088421 0.911579
7112 cox2 2 790985.713630 0.089872 0.910128
7113 cox2 2 790985.713630 0.091323 0.908677
7114 cox2 2 791494.261446 0.092783 0.907217
7115 cox2 2 791494.261446 0.094235 0.905765
7116 cox2 2 791494.261446 0.095686 0.904314
7117 cox2 2 792824.339196 0.097106 0.902894
7118 cox2 2 792824.339196 0.098558 0.901442
7119 cox2 2 792824.339196 0.100009 0.899991
7120 cox2 2 793153.618714 0.101448 0.898552
7121 cox2 2 793153.618714 0.102899 0.897101
7122 cox2 2 793153.618714 0.104350 0.895650
7123 cox2 2 793196.528809 0.105802 0.894198
7124 cox2 2 793196.528809 0.107253 0.892747
7125 cox2 2 793196.528809 0.108704 0.891296
7126 cox2 2 793477.170363 0.110098 0.889902
7127 cox2 2 793477.170363 0.111549 0.888451
7128 cox2 2 793477.170363 0.113001 0.886999
7129 cox2 2 793875.705176 0.114470 0.885530
7130 cox2 2 793875.705176 0.115922 0.884078
7131 cox2 2 793875.705176 0.117373 0.882627
7132 cox2 2 794078.221139 0.118783 0.881217
7133 cox2 2 794078.221139 0.120235 0.879765
7134 cox2 2 794078.221139 0.121686 0.878314
7135 cox2 2 794186.612480 0.123127 0.876873
7136 cox2 2 794186.612480 0.124579 0.875421
7137 cox2 2 794186.612480 0.126030 0.873970
7138 cox2 2 794416.148707 0.127439 0.872561
7139 cox2 2 794416.148707 0.128890 0.871110
7140 cox2 2 794416.148707 0.130342 0.869658
7141 cox2 2 794592.762402 0.131745 0.868255
7142 cox2 2 794592.762402 0.133197 0.866803
7143 cox2 2 794592.762402 0.134649 0.865351
7144 cox2 2 794799.693536 0.136047 0.863953
7145 cox2 2 794799.693536 0.137499 0.862501
7146 cox2 2 794799.693536 0.138951 0.861049
7147 cox2 2 794799.693536 0.140403 0.859597
7148 cox2 2 794799.693536 0.141855 0.858145
7149 cox2 2 794799.693536 0.143307 0.856693
7150 cox2 2 794857.087111 0.144743 0.855257
7151 cox2 2 794857.087111 0.146195 0.853805
7152 cox2 2 794857.087111 0.147647 0.852353
7153 cox2 2 794857.087111 0.149099 0.850901
7154 cox2 2 794857.087111 0.150552 0.849448
7155 cox2 2 794857.087111 0.152004 0.847996
7156 cox2 2 794887.462829 0.153440 0.846560
7157 cox2 2 794887.462829 0.154892 0.845108
7158 cox2 2 794887.462829 0.156344 0.843656
7159 cox2 2 794951.504743 0.157778 0.842222
7160 cox2 2 794951.504743 0.159230 0.840770
7161 cox2 2 794951.504743 0.160682 0.839318
7162 cox2 2 794951.504743 0.162135 0.837865
7163 cox2 2 794951.504743 0.163587 0.836413
7164 cox2 2 794951.504743 0.165039 0.834961
7165 cox2 2 794951.504743 0.166491 0.833509
7166 cox2 2 794951.504743 0.167943 0.832057
7167 cox2 2 794951.504743 0.169395 0.830605
7168 cox2 2 794951.504743 0.170847 0.829153
7169 cox2 2 794951.504743 0.172299 0.827701
7170 cox2 2 794951.504743 0.173752 0.826248
7171 cox2 2 795048.242008 0.175205 0.824795
7172 cox2 2 795048.242008 0.176657 0.823343
7173 cox2 2 795048.242008 0.178110 0.821890
7174 cox2 2 795225.454867 0.179562 0.820438
7175 cox2 2 795225.454867 0.181014 0.818986
7176 cox2 2 795225.454867 0.182466 0.817534
7177 cox2 2 795225.454867 0.183919 0.816081
7178 cox2 2 795225.454867 0.185371 0.814629
7179 cox2 2 795225.454867 0.186823 0.813177
7180 cox2 2 795454.872727 0.188275 0.811725
7181 cox2 2 795454.872727 0.189727 0.810273
7182 cox2 2 795454.872727 0.191179 0.808821
7183 cox2 2 795744.510690 0.192636 0.807364
7184 cox2 2 795744.510690 0.194089 0.805911
7185 cox2 2 795744.510690 0.195541 0.804459
7186 cox2 2 795744.510690 0.196993 0.803007
7187 cox2 2 795744.510690 0.198445 0.801555
7188 cox2 2 795744.510690 0.199897 0.800103
7189 cox2 2 795825.236486 0.201347 0.798653
7190 cox2 2 795825.236486 0.202799 0.797201
7191 cox2 2 795825.236486 0.204252 0.795748
7192 cox2 2 795887.576380 0.205685 0.794315
7193 cox2 2 795887.576380 0.207137 0.792863
7194 cox2 2 795887.576380 0.208589 0.791411
7195 cox2 2 795887.576380 0.210041 0.789959
7196 cox2 2 795887.576380 0.211494 0.788506
7197 cox2 2 795887.576380 0.212946 0.787054
7198 cox2 2 795932.497199 0.214399 0.785601
7199 cox2 2 795932.497199 0.215851 0.784149
7200 cox2 2 795932.497199 0.217303 0.782697
7201 cox2 2 795986.590325 0.218734 0.781266
7202 cox2 2 795986.590325 0.220187 0.779813
7203 cox2 2 795986.590325 0.221639 0.778361
7204 cox2 2 795986.590325 0.223091 0.776909
7205 cox2 2 795986.590325 0.224543 0.775457
7206 cox2 2 795986.590325 0.225995 0.774005
7207 cox2 2 796739.610244 0.227461 0.772539
7208 cox2 2 796739.610244 0.228913 0.771087
7209 cox2 2 796739.610244 0.230365 0.769635
7210 cox2 2 796796.618801 0.231819 0.768181
7211 cox2 2 796796.618801 0.233271 0.766729
7212 cox2 2 796796.618801 0.234724 0.765276
7213 cox2 2 796796.618801 0.236176 0.763824
7214 cox2 2 796796.618801 0.237628 0.762372
7215 cox2 2 796796.618801 0.239080 0.760920
7216 cox2 2 796869.852730 0.240536 0.759464
7217 cox2 2 796869.852730 0.241988 0.758012
7218 cox2 2 796869.852730 0.243440 0.756560
7219 cox2 2 797962.349514 0.244826 0.755174
7220 cox2 2 797962.349514 0.246279 0.753721
7221 cox2 2 797962.349514 0.247731 0.752269
7222 cox2 2 797953.329518 0.249183 0.750817
7223 cox2 2 797953.329518 0.250635 0.749365
7224 cox2 2 797953.329518 0.252088 0.747912
7225 cox2 2 798077.526820 0.253533 0.746467
7226 cox2 2 798077.526820 0.254985 0.745015
7227 cox2 2 798077.526820 0.256438 0.743562
7228 cox2 2 798118.097068 0.257891 0.742109
7229 cox2 2 798118.097068 0.259344 0.740656
7230 cox2 2 798118.097068 0.260797 0.739203
7231 cox2 2 798414.190975 0.262235 0.737765
7232 cox2 2 798414.190975 0.263687 0.736313
7233 cox2 2 798414.190975 0.265140 0.734860
7234 cox2 2 798600.891566 0.266580 0.733420
7235 cox2 2 798600.891566 0.268033 0.731967
7236 cox2 2 798600.891566 0.269486 0.730514
7237 cox2 2 798600.891566 0.270939 0.729061
7238 cox2 2 798600.891566 0.272391 0.727609
7239 cox2 2 798600.891566 0.273844 0.726156
7240 cox2 2 798600.891566 0.275297 0.724703
7241 cox2 2 798600.891566 0.276750 0.723250
7242 cox2 2 798600.891566 0.278203 0.721797
7243 cox2 2 798600.891566 0.279656 0.720344
7244 cox2 2 798600.891566 0.281108 0.718892
7245 cox2 2 798600.891566 0.282561 0.717439
7246 cox2 2 798600.891566 0.284014 0.715986
7247 cox2 2 798600.891566 0.285467 0.714533
7248 cox2 2 798600.891566 0.286920 0.713080
7249 cox2 2 798600.891566 0.288373 0.711627
7250 cox2 2 798600.891566 0.289825 0.710175
7251 cox2 2 798600.891566 0.291278 0.708722
7252 cox2 2 798600.891566 0.292731 0.707269
7253 cox2 2 798600.891566 0.294184 0.705816
7254 cox2 2 798600.891566 0.295637 0.704363
7255 cox2 2 798600.891566 0.297089 0.702911
7256 cox2 2 798600.891566 0.298542 0.701458
7257 cox2 2 798600.891566 0.299995 0.700005
7258 cox2 2 798600.891566 0.301448 0.698552
7259 cox2 2 798600.891566 0.302901 0.697099
7260 cox2 2 798600.891566 0.304354 0.695646
7261 cox2 2 798600.891566 0.305806 0.694194
7262 cox2 2 798600.891566 0.307259 0.692741
7263 cox2 2 798600.891566 0.308712 0.691288
7264 cox2 2 798600.891566 0.310165 0.689835
7265 cox2 2 798600.891566 0.311618 0.688382
7266 cox2 2 798600.891566 0.313071 0.686929
7267 cox2 2 798600.891566 0.314523 0.685477
7268 cox2 2 798600.891566 0.315976 0.684024
7269 cox2 2 798600.891566 0.317429 0.682571
7270 cox2 2 798593.269963 0.318882 0.681118
7271 cox2 2 798593.269963 0.320335 0.679665
7272 cox2 2 798593.269963 0.321788 0.678212
7273 cox2 2 798593.269963 0.323241 0.676759
7274 cox2 2 798593.269963 0.324694 0.675306
7275 cox2 2 798593.269963 0.326147 0.673853
7276 cox2 2 798593.269963 0.327599 0.672401
7277 cox2 2 798593.269963 0.329052 0.670948
7278 cox2 2 798593.269963 0.330505 0.669495
7279 cox2 2 798593.269963 0.331958 0.668042
7280 cox2 2 798593.269963 0.333411 0.666589
7281 cox2 2 798593.269963 0.334864 0.665136
7282 cox2 2 798593.269963 0.336316 0.663684
7283 cox2 2 798593.269963 0.337769 0.662231
7284 cox2 2 798593.269963 0.339222 0.660778
7285 cox2 2 798593.269963 0.340675 0.659325
7286 cox2 2 798593.269963 0.342128 0.657872
7287 cox2 2 798593.269963 0.343581 0.656419
7288 cox2 2 798616.623560 0.345036 0.654964
7289 cox2 2 798616.623560 0.346489 0.653511
7290 cox2 2 798616.623560 0.347942 0.652058
7291 cox2 2 798616.623560 0.349395 0.650605
7292 cox2 2 798616.623560 0.350848 0.649152
7293 cox2 2 798616.623560 0.352301 0.647699
7294 cox2 2 798616.623560 0.353754 0.646246
7295 cox2 2 798616.623560 0.355206 0.644794
7296 cox2 2 798616.623560 0.356659 0.643341
7297 cox2 2 798616.623560 0.358112 0.641888
7298 cox2 2 798616.623560 0.359565 0.640435
7299 cox2 2 798616.623560 0.361018 0.638982
7300 cox2 2 798616.623560 0.362471 0.637529
7301 cox2 2 798616.623560 0.363923 0.636077
7302 cox2 2 798616.623560 0.365376 0.634624
7303 cox2 2 798659.031227 0.366844 0.633156
7304 cox2 2 798659.031227 0.368297 0.631703
7305 cox2 2 798659.031227 0.369750 0.630250
7306 cox2 2 798659.031227 0.371203 0.628797
7307 cox2 2 798659.031227 0.372656 0.627344
7308 cox2 2 798659.031227 0.374108 0.625892
7309 cox2 2 798659.031227 0.375561 0.624439
7310 cox2 2 798659.031227 0.377014 0.622986
7311 cox2 2 798659.031227 0.378467 0.621533
7312 cox2 2 798697.321110 0.379922 0.620078
7313 cox2 2 798697.321110 0.381375 0.618625
7314 cox2 2 798697.321110 0.382828 0.617172
7315 cox2 2 798697.321110 0.384281 0.615719
7316 cox2 2 798697.321110 0.385734 0.614266
7317 cox2 2 798697.321110 0.387186 0.612814
7318 cox2 2 798716.801282 0.388640 0.611360
7319 cox2 2 798716.801282 0.390092 0.609908
7320 cox2 2 798716.801282 0.391545 0.608455
7321 cox2 2 798716.801282 0.392998 0.607002
7322 cox2 2 798716.801282 0.394451 0.605549
7323 cox2 2 798716.801282 0.395904 0.604096
7324 cox2 2 798716.801282 0.397357 0.602643
7325 cox2 2 798716.801282 0.398809 0.601191
7326 cox2 2 798716.801282 0.400262 0.599738
7327 cox2 2 798716.801282 0.401715 0.598285
7328 cox2 2 798716.801282 0.403168 0.596832
7329 cox2 2 798716.801282 0.404621 0.595379
7330 cox2 2 798741.652063 0.406074 0.593926
7331 cox2 2 798741.652063 0.407527 0.592473
7332 cox2 2 798741.652063 0.408980 0.591020
7333 cox2 2 798741.652063 0.410433 0.589567
7334 cox2 2 798741.652063 0.411886 0.588114
7335 cox2 2 798741.652063 0.413338 0.586662
7336 cox2 2 798763.531489 0.414799 0.585201
7337 cox2 2 798763.531489 0.416252 0.583748
7338 cox2 2 798763.531489 0.417705 0.582295
7339 cox2 2 798763.531489 0.419157 0.580843
7340 cox2 2 798763.531489 0.420610 0.579390
7341 cox2 2 798763.531489 0.422063 0.577937
7342 cox2 2 798763.531489 0.423516 0.576484
7343 cox2 2 798763.531489 0.424969 0.575031
7344 cox2 2 798763.531489 0.426422 0.573578
7345 cox2 2 798763.531489 0.427874 0.572126
7346 cox2 2 798763.531489 0.429327 0.570673
7347 cox2 2 798763.531489 0.430780 0.569220
7348 cox2 2 798763.531489 0.432233 0.567767
7349 cox2 2 798763.531489 0.433686 0.566314
7350 cox2 2 798763.531489 0.435139 0.564861
7351 cox2 2 798788.063319 0.436595 0.563405
7352 cox2 2 798788.063319 0.438048 0.561952
7353 cox2 2 798788.063319 0.439501 0.560499
7354 cox2 2 798788.063319 0.440954 0.559046
7355 cox2 2 798788.063319 0.442407 0.557593
7356 cox2 2 798788.063319 0.443860 0.556140
7357 cox2 2 798802.820281 0.445344 0.554656
7358 cox2 2 798802.820281 0.446797 0.553203
7359 cox2 2 798802.820281 0.448249 0.551751
7360 cox2 2 798816.532479 0.449708 0.550292
7361 cox2 2 798816.532479 0.451161 0.548839
7362 cox2 2 798816.532479 0.452614 0.547386
7363 cox2 2 798816.532479 0.454066 0.545934
7364 cox2 2 798816.532479 0.455519 0.544481
7365 cox2 2 798816.532479 0.456972 0.543028
7366 cox2 2 798834.061188 0.458447 0.541553
7367 cox2 2 798834.061188 0.459900 0.540100
7368 cox2 2 798834.061188 0.461353 0.538647
7369 cox2 2 798834.061188 0.462805 0.537195
7370 cox2 2 798834.061188 0.464258 0.535742
7371 cox2 2 798834.061188 0.465711 0.534289
7372 cox2 2 798834.061188 0.467163 0.532837
7373 cox2 2 798834.061188 0.468616 0.531384
7374 cox2 2 798834.061188 0.470069 0.529931
7375 cox2 2 798851.408941 0.471547 0.528453
7376 cox2 2 798851.408941 0.473000 0.527000
7377 cox2 2 798851.408941 0.474452 0.525548
7378 cox2 2 798851.408941 0.475905 0.524095
7379 cox2 2 798851.408941 0.477358 0.522642
7380 cox2 2 798851.408941 0.478810 0.521190
7381 cox2 2 798797.575590 0.480483 0.519517
7382 cox2 2 798797.575590 0.481937 0.518063
7383 cox2 2 798797.575590 0.483390 0.516610
7384 cox2 2 798797.575590 0.484843 0.515157
7385 cox2 2 798797.575590 0.486296 0.513704
7386 cox2 2 798797.575590 0.487750 0.512250
7387 cox2 2 798797.575590 0.489203 0.510797
7388 cox2 2 798797.575590 0.490656 0.509344
7389 cox2 2 798797.575590 0.492110 0.507890
7390 cox2 2 798797.575590 0.493563 0.506437
7391 cox2 2 798797.575590 0.495016 0.504984
7392 cox2 2 798797.575590 0.496470 0.503530
7393 cox2 2 798806.862115 0.497973 0.502027
7394 cox2 2 798806.862115 0.499426 0.500574
7395 cox2 2 798806.862115 0.500880 0.499120
7396 cox2 2 798940.179565 0.502463 0.497537
7397 cox2 2 798940.179565 0.503916 0.496084
7398 cox2 2 798940.179565 0.505368 0.494632
7399 cox2 2 798940.179565 0.506821 0.493179
7400 cox2 2 798940.179565 0.508274 0.491726
7401 cox2 2 798940.179565 0.509726 0.490274
7402 cox2 2 798929.011219 0.511297 0.488703
7403 cox2 2 798929.011219 0.512750 0.487250
7404 cox2 2 798929.011219 0.514203 0.485797
7405 cox2 2 798980.857320 0.515702 0.484298
7406 cox2 2 798980.857320 0.517155 0.482845
7407 cox2 2 798980.857320 0.518608 0.481392
7408 cox2 2 798980.857320 0.520060 0.479940
7409 cox2 2 798980.857320 0.521513 0.478487
7410 cox2 2 798980.857320 0.522966 0.477034
7411 cox2 2 798980.857320 0.524418 0.475582
7412 cox2 2 798980.857320 0.525871 0.474129
7413 cox2 2 798980.857320 0.527324 0.472676
7414 cox2 2 798980.857320 0.528777 0.471223
7415 cox2 2 798980.857320 0.530229 0.469771
7416 cox2 2 798980.857320 0.531682 0.468318
7417 cox2 2 798980.857320 0.533135 0.466865
7418 cox2 2 798980.857320 0.534587 0.465413
7419 cox2 2 798980.857320 0.536040 0.463960
7420 cox2 2 798980.857320 0.537493 0.462507
7421 cox2 2 798980.857320 0.538946 0.461054
7422 cox2 2 798980.857320 0.540398 0.459602
7423 cox2 2 798973.804263 0.541873 0.458127
7424 cox2 2 798973.804263 0.543326 0.456674
7425 cox2 2 798973.804263 0.544779 0.455221
7426 cox2 2 798973.804263 0.546232 0.453768
7427 cox2 2 798973.804263 0.547684 0.452316
7428 cox2 2 798973.804263 0.549137 0.450863
7429 cox2 2 798973.804263 0.550590 0.449410
7430 cox2 2 798973.804263 0.552043 0.447957
7431 cox2 2 798973.804263 0.553495 0.446505
7432 cox2 2 798973.804263 0.554948 0.445052
7433 cox2 2 798973.804263 0.556401 0.443599
7434 cox2 2 798973.804263 0.557854 0.442146
7435 cox2 2 798973.804263 0.559307 0.440693
7436 cox2 2 798973.804263 0.560759 0.439241
7437 cox2 2 798973.804263 0.562212 0.437788
7438 cox2 2 798973.804263 0.563665 0.436335
7439 cox2 2 798973.804263 0.565118 0.434882
7440 cox2 2 798973.804263 0.566570 0.433430
7441 cox2 2 798959.723341 0.568073 0.431927
7442 cox2 2 798959.723341 0.569526 0.430474
7443 cox2 2 798959.723341 0.570979 0.429021
7444 cox2 2 798959.723341 0.572432 0.427568
7445 cox2 2 798959.723341 0.573885 0.426115
7446 cox2 2 798959.723341 0.575338 0.424662
7447 cox2 2 798959.723341 0.576791 0.423209
7448 cox2 2 798959.723341 0.578244 0.421756
7449 cox2 2 798959.723341 0.579697 0.420303
7450 cox2 2 798973.511153 0.581175 0.418825
7451 cox2 2 798973.511153 0.582628 0.417372
7452 cox2 2 798973.511153 0.584081 0.415919
7453 cox2 2 798973.511153 0.585534 0.414466
7454 cox2 2 798973.511153 0.586986 0.413014
7455 cox2 2 798973.511153 0.588439 0.411561
7456 cox2 2 798973.511153 0.589892 0.410108
7457 cox2 2 798973.511153 0.591345 0.408655
7458 cox2 2 798973.511153 0.592798 0.407202
7459 cox2 2 798964.320713 0.594282 0.405718
7460 cox2 2 798964.320713 0.595735 0.404265
7461 cox2 2 798964.320713 0.597188 0.402812
7462 cox2 2 798979.974360 0.598658 0.401342
7463 cox2 2 798979.974360 0.600111 0.399889
7464 cox2 2 798979.974360 0.601564 0.398436
7465 cox2 2 798979.974360 0.603017 0.396983
7466 cox2 2 798979.974360 0.604469 0.395531
7467 cox2 2 798979.974360 0.605922 0.394078
7468 cox2 2 798979.974360 0.607375 0.392625
7469 cox2 2 798979.974360 0.608828 0.391172
7470 cox2 2 798979.974360 0.610281 0.389719
7471 cox2 2 798979.974360 0.611734 0.388266
7472 cox2 2 798979.974360 0.613186 0.386814
7473 cox2 2 798979.974360 0.614639 0.385361
7474 cox2 2 798979.974360 0.616092 0.383908
7475 cox2 2 798979.974360 0.617545 0.382455
7476 cox2 2 798979.974360 0.618998 0.381002
7477 cox2 2 798979.974360 0.620450 0.379550
7478 cox2 2 798979.974360 0.621903 0.378097
7479 cox2 2 798979.974360 0.623356 0.376644
7480 cox2 2 798979.974360 0.624809 0.375191
7481 cox2 2 798979.974360 0.626262 0.373738
7482 cox2 2 798979.974360 0.627715 0.372285
7483 cox2 2 798979.974360 0.629167 0.370833
7484 cox2 2 798979.974360 0.630620 0.369380
7485 cox2 2 798979.974360 0.632073 0.367927
7486 cox2 2 798979.974360 0.633526 0.366474
7487 cox2 2 798979.974360 0.634979 0.365021
7488 cox2 2 798979.974360 0.636431 0.363569
7489 cox2 2 798979.974360 0.637884 0.362116
7490 cox2 2 798979.974360 0.639337 0.360663
7491 cox2 2 798979.974360 0.640790 0.359210
7492 cox2 2 798979.974360 0.642243 0.357757
7493 cox2 2 798979.974360 0.643695 0.356305
7494 cox2 2 798979.974360 0.645148 0.354852
7495 cox2 2 798979.974360 0.646601 0.353399
7496 cox2 2 798979.974360 0.648054 0.351946
7497 cox2 2 798979.974360 0.649507 0.350493
7498 cox2 2 798979.974360 0.650960 0.349040
7499 cox2 2 798979.974360 0.652412 0.347588
7500 cox2 2 798979.974360 0.653865 0.346135
7501 cox2 2 798979.974360 0.655318 0.344682
7502 cox2 2 798979.974360 0.656771 0.343229
7503 cox2 2 798979.974360 0.658224 0.341776
7504 cox2 2 798979.974360 0.659676 0.340324
7505 cox2 2 798979.974360 0.661129 0.338871
7506 cox2 2 798979.974360 0.662582 0.337418
7507 cox2 2 798979.974360 0.664035 0.335965
7508 cox2 2 798979.974360 0.665488 0.334512
7509 cox2 2 798979.974360 0.666941 0.333059
7510 cox2 2 798979.974360 0.668393 0.331607
7511 cox2 2 798979.974360 0.669846 0.330154
7512 cox2 2 798979.974360 0.671299 0.328701
7513 cox2 2 798979.974360 0.672752 0.327248
7514 cox2 2 798979.974360 0.674205 0.325795
7515 cox2 2 798979.974360 0.675657 0.324343
7516 cox2 2 798979.974360 0.677110 0.322890
7517 cox2 2 798979.974360 0.678563 0.321437
7518 cox2 2 798979.974360 0.680016 0.319984
7519 cox2 2 798979.974360 0.681469 0.318531
7520 cox2 2 798979.974360 0.682922 0.317078
7521 cox2 2 798979.974360 0.684374 0.315626
7522 cox2 2 798979.974360 0.685827 0.314173
7523 cox2 2 798979.974360 0.687280 0.312720
7524 cox2 2 798979.974360 0.688733 0.311267
7525 cox2 2 798979.974360 0.690186 0.309814
7526 cox2 2 798979.974360 0.691638 0.308362
7527 cox2 2 798979.974360 0.693091 0.306909
7528 cox2 2 798979.974360 0.694544 0.305456
7529 cox2 2 798979.974360 0.695997 0.304003
7530 cox2 2 798979.974360 0.697450 0.302550
7531 cox2 2 798979.974360 0.698902 0.301098
7532 cox2 2 798979.974360 0.700355 0.299645
7533 cox2 2 798979.974360 0.701808 0.298192
7534 cox2 2 798979.974360 0.703261 0.296739
7535 cox2 2 798979.974360 0.704714 0.295286
7536 cox2 2 798979.974360 0.706167 0.293833
7537 cox2 2 798979.974360 0.707619 0.292381
7538 cox2 2 798979.974360 0.709072 0.290928
7539 cox2 2 798979.974360 0.710525 0.289475
7540 cox2 2 798979.974360 0.711978 0.288022
7541 cox2 2 798979.974360 0.713431 0.286569
7542 cox2 2 798979.974360 0.714883 0.285117
7543 cox2 2 798979.974360 0.716336 0.283664
7544 cox2 2 798979.974360 0.717789 0.282211
7545 cox2 2 798979.974360 0.719242 0.280758
7546 cox2 2 798979.974360 0.720695 0.279305
7547 cox2 2 798979.974360 0.722148 0.277852
7548 cox2 2 798979.974360 0.723600 0.276400
7549 cox2 2 798979.974360 0.725053 0.274947
7550 cox2 2 798979.974360 0.726506 0.273494
7551 cox2 2 798979.974360 0.727959 0.272041
7552 cox2 2 798979.974360 0.729412 0.270588
7553 cox2 2 798979.974360 0.730864 0.269136
7554 cox2 2 798979.974360 0.732317 0.267683
7555 cox2 2 798979.974360 0.733770 0.266230
7556 cox2 2 798979.974360 0.735223 0.264777
7557 cox2 2 798979.974360 0.736676 0.263324
7558 cox2 2 798979.974360 0.738128 0.261872
7559 cox2 2 798979.974360 0.739581 0.260419
7560 cox2 2 798979.974360 0.741034 0.258966
7561 cox2 2 798979.974360 0.742487 0.257513
7562 cox2 2 798979.974360 0.743940 0.256060
7563 cox2 2 798979.974360 0.745393 0.254607
7564 cox2 2 798979.974360 0.746845 0.253155
7565 cox2 2 798979.974360 0.748298 0.251702
7566 cox2 2 798979.974360 0.749751 0.250249
7567 cox2 2 798979.974360 0.751204 0.248796
7568 cox2 2 798979.974360 0.752657 0.247343
7569 cox2 2 798979.974360 0.754109 0.245891
7570 cox2 2 798979.974360 0.755562 0.244438
7571 cox2 2 798979.974360 0.757015 0.242985
7572 cox2 2 798979.974360 0.758468 0.241532
7573 cox2 2 798979.974360 0.759921 0.240079
7574 cox2 2 798979.974360 0.761374 0.238626
7575 cox2 2 798979.974360 0.762826 0.237174
7576 cox2 2 798979.974360 0.764279 0.235721
7577 cox2 2 798979.974360 0.765732 0.234268
7578 cox2 2 798979.974360 0.767185 0.232815
7579 cox2 2 798979.974360 0.768638 0.231362
7580 cox2 2 798979.974360 0.770090 0.229910
7581 cox2 2 798979.974360 0.771543 0.228457
7582 cox2 2 798979.974360 0.772996 0.227004
7583 cox2 2 798979.974360 0.774449 0.225551
7584 cox2 2 798979.974360 0.775902 0.224098
7585 cox2 2 798979.974360 0.777355 0.222645
7586 cox2 2 798979.974360 0.778807 0.221193
7587 cox2 2 798979.974360 0.780260 0.219740
7588 cox2 2 798979.974360 0.781713 0.218287
7589 cox2 2 798979.974360 0.783166 0.216834
7590 cox2 2 798979.974360 0.784619 0.215381
7591 cox2 2 798979.974360 0.786071 0.213929
7592 cox2 2 798979.974360 0.787524 0.212476
7593 cox2 2 798979.974360 0.788977 0.211023
7594 cox2 2 798979.974360 0.790430 0.209570
7595 cox2 2 798979.974360 0.791883 0.208117
7596 cox2 2 798979.974360 0.793335 0.206665
7597 cox2 2 798979.974360 0.794788 0.205212
7598 cox2 2 798979.974360 0.796241 0.203759
7599 cox2 2 798979.974360 0.797694 0.202306
7600 cox2 2 798979.974360 0.799147 0.200853
7601 cox2 2 798979.974360 0.800600 0.199400
7602 cox2 2 798979.974360 0.802052 0.197948
7603 cox2 2 798979.974360 0.803505 0.196495
7604 cox2 2 798979.974360 0.804958 0.195042
7605 cox2 2 798979.974360 0.806411 0.193589
7606 cox2 2 798979.974360 0.807864 0.192136
7607 cox2 2 798979.974360 0.809316 0.190684
7608 cox2 2 798979.974360 0.810769 0.189231
7609 cox2 2 798979.974360 0.812222 0.187778
7610 cox2 2 798979.974360 0.813675 0.186325
7611 cox2 2 798979.974360 0.815128 0.184872
7612 cox2 2 798979.974360 0.816581 0.183419
7613 cox2 2 798979.974360 0.818033 0.181967
7614 cox2 2 798979.974360 0.819486 0.180514
7615 cox2 2 798979.974360 0.820939 0.179061
7616 cox2 2 798979.974360 0.822392 0.177608
7617 cox2 2 798979.974360 0.823845 0.176155
7618 cox2 2 798979.974360 0.825297 0.174703
7619 cox2 2 798979.974360 0.826750 0.173250
7620 cox2 2 798979.974360 0.828203 0.171797
7621 cox2 2 798979.974360 0.829656 0.170344
7622 cox2 2 798979.974360 0.831109 0.168891
7623 cox2 2 798979.974360 0.832562 0.167438
7624 cox2 2 798979.974360 0.834014 0.165986
7625 cox2 2 798979.974360 0.835467 0.164533
7626 cox2 2 798979.974360 0.836920 0.163080
7627 cox2 2 798979.974360 0.838373 0.161627
7628 cox2 2 798979.974360 0.839826 0.160174
7629 cox2 2 798979.974360 0.841278 0.158722
7630 cox2 2 798979.974360 0.842731 0.157269
7631 cox2 2 798979.974360 0.844184 0.155816
7632 cox2 2 798979.974360 0.845637 0.154363
7633 cox2 2 798979.974360 0.847090 0.152910
7634 cox2 2 798979.974360 0.848542 0.151458
7635 cox2 2 798979.974360 0.849995 0.150005
7636 cox2 2 798979.974360 0.851448 0.148552
7637 cox2 2 798979.974360 0.852901 0.147099
7638 cox2 2 798979.974360 0.854354 0.145646
7639 cox2 2 798892.060720 0.855807 0.144193
7640 cox2 2 798892.060720 0.857260 0.142740
7641 cox2 2 798892.060720 0.858713 0.141287
7642 cox2 2 798892.060720 0.860165 0.139835
7643 cox2 2 798892.060720 0.861618 0.138382
7644 cox2 2 798892.060720 0.863071 0.136929
7645 cox2 2 798892.060720 0.864524 0.135476
7646 cox2 2 798892.060720 0.865977 0.134023
7647 cox2 2 798892.060720 0.867429 0.132571
7648 cox2 2 798830.700207 0.868868 0.131132
7649 cox2 2 798830.700207 0.870321 0.129679
7650 cox2 2 798830.700207 0.871774 0.128226
7651 cox2 2 798830.700207 0.873227 0.126773
7652 cox2 2 798830.700207 0.874679 0.125321
7653 cox2 2 798830.700207 0.876132 0.123868
7654 cox2 2 798830.700207 0.877585 0.122415
7655 cox2 2 798830.700207 0.879038 0.120962
7656 cox2 2 798830.700207 0.880491 0.119509
7657 cox2 2 798830.700207 0.881943 0.118057
7658 cox2 2 798830.700207 0.883396 0.116604
7659 cox2 2 798830.700207 0.884849 0.115151
7660 cox2 2 798830.700207 0.886302 0.113698
7661 cox2 2 798830.700207 0.887755 0.112245
7662 cox2 2 798830.700207 0.889207 0.110793
7663 cox2 2 798830.700207 0.890660 0.109340
7664 cox2 2 798830.700207 0.892113 0.107887
7665 cox2 2 798830.700207 0.893566 0.106434
7666 cox2 2 798830.700207 0.895018 0.104982
7667 cox2 2 798830.700207 0.896471 0.103529
7668 cox2 2 798830.700207 0.897924 0.102076
7669 cox2 2 798787.210752 0.899374 0.100626
7670 cox2 2 798787.210752 0.900827 0.099173
7671 cox2 2 798787.210752 0.902279 0.097721
7672 cox2 2 798787.210752 0.903732 0.096268
7673 cox2 2 798787.210752 0.905185 0.094815
7674 cox2 2 798787.210752 0.906638 0.093362
7675 cox2 2 798787.210752 0.908091 0.091909
7676 cox2 2 798787.210752 0.909543 0.090457
7677 cox2 2 798787.210752 0.910996 0.089004
7678 cox2 2 798125.567047 0.912419 0.087581
7679 cox2 2 798125.567047 0.913872 0.086128
7680 cox2 2 798125.567047 0.915325 0.084675
7681 cox2 2 798125.567047 0.916778 0.083222
7682 cox2 2 798125.567047 0.918231 0.081769
7683 cox2 2 798125.567047 0.919684 0.080316
7684 cox2 2 797893.738241 0.921159 0.078841
7685 cox2 2 797893.738241 0.922612 0.077388
7686 cox2 2 797893.738241 0.924066 0.075934
7687 cox2 2 796551.718255 0.925469 0.074531
7688 cox2 2 796551.718255 0.926922 0.073078
7689 cox2 2 796551.718255 0.928376 0.071624
7690 cox2 2 796263.709933 0.929779 0.070221
7691 cox2 2 796263.709933 0.931232 0.068768
7692 cox2 2 796263.709933 0.932686 0.067314
7693 cox2 2 792420.776103 0.933599 0.066401
7694 cox2 2 792420.776103 0.935050 0.064950
7695 cox2 2 792420.776103 0.936502 0.063498
7696 cox2 2 791988.602108 0.937943 0.062057
7697 cox2 2 791988.602108 0.939394 0.060606
7698 cox2 2 791988.602108 0.940846 0.059154
7699 cox2 2 791789.795057 0.942273 0.057727
7700 cox2 2 791789.795057 0.943724 0.056276
7701 cox2 2 791789.795057 0.945176 0.054824
7702 cox2 2 791340.752698 0.946579 0.053421
7703 cox2 2 791340.752698 0.948030 0.051970
7704 cox2 2 791340.752698 0.949481 0.050519
7705 cox2 2 791265.825420 0.950947 0.049053
7706 cox2 2 791265.825420 0.952398 0.047602
7707 cox2 2 791265.825420 0.953850 0.046150
7708 cox2 2 781050.226394 0.955040 0.044960
7709 cox2 2 781050.226394 0.956492 0.043508
7710 cox2 2 781050.226394 0.957943 0.042057
7711 cox2 2 769732.997643 0.959339 0.040661
7712 cox2 2 769732.997643 0.960790 0.039210
7713 cox2 2 769732.997643 0.962242 0.037758
7714 cox2 2 767520.237227 0.963629 0.036371
7715 cox2 2 767520.237227 0.965080 0.034920
7716 cox2 2 767520.237227 0.966531 0.033469
7717 cox2 2 649447.805838 0.967312 0.032688
7718 cox2 2 649447.805838 0.968762 0.031238
7719 cox2 2 649447.805838 0.970212 0.029788
7720 cox2 2 640561.122694 0.971664 0.028336
7721 cox2 2 640561.122694 0.973114 0.026886
7722 cox2 2 640561.122694 0.974565 0.025435
7723 cox2 2 576949.136776 0.975768 0.024232
7724 cox2 2 576949.136776 0.977218 0.022782
7725 cox2 2 576949.136776 0.978668 0.021332
7726 cox2 2 536676.044197 0.979811 0.020189
7727 cox2 2 536676.044197 0.981260 0.018740
7728 cox2 2 536676.044197 0.982710 0.017290
7729 cox2 2 447530.400000 0.983277 0.016723
7730 cox2 2 447530.400000 0.984727 0.015273
7731 cox2 2 447530.400000 0.986177 0.013823
7732 cox2 2 1681.593037 0.973802 0.026198
7733 cox2 2 1681.593037 0.975234 0.024766
7734 cox2 2 1681.593037 0.976667 0.023333
7735 cox2 2 1681.593037 0.978100 0.021900
7736 cox2 2 1681.593037 0.979532 0.020468
7737 cox2 2 1681.593037 0.980965 0.019035
7738 cox2 2 1572.155330 0.981657 0.018343
7739 cox2 2 1572.155330 0.983089 0.016911
7740 cox2 2 1572.155330 0.984521 0.015479
7741 cox2 2 277.194108 0.945073 0.054927
7742 cox2 2 277.194108 0.946455 0.053545
7743 cox2 2 277.194108 0.947838 0.052162
7744 cox2 2 277.194108 0.949220 0.050780
7745 cox2 2 277.194108 0.950602 0.049398
7746 cox2 2 277.194108 0.951985 0.048015
7747 cox2 2 230.324442 0.935749 0.064251
7748 cox2 2 230.324442 0.937094 0.062906
7749 cox2 2 230.324442 0.938438 0.061562
7750 cox2 2 111.598599 0.886811 0.113189
7751 cox2 2 111.598599 0.888080 0.111920
7752 cox2 2 111.598599 0.889349 0.110651
7753 cox2 2 111.598599 0.890617 0.109383
7754 cox2 2 111.598599 0.891886 0.108114
7755 cox2 2 111.598599 0.893155 0.106845
7756 cox2 2 111.598599 0.894424 0.105576
7757 cox2 2 111.598599 0.895692 0.104308
7758 cox2 2 111.598599 0.896961 0.103039
7759 cox2 2 111.598599 0.898230 0.101770
7760 cox2 2 111.598599 0.899498 0.100502
7761 cox2 2 111.598599 0.900767 0.099233
7762 cox2 2 111.598599 0.902036 0.097964
7763 cox2 2 111.598599 0.903304 0.096696
7764 cox2 2 111.598599 0.904573 0.095427
7765 cox2 2 111.598599 0.905842 0.094158
7766 cox2 2 111.598599 0.907110 0.092890
7767 cox2 2 111.598599 0.908379 0.091621
7768 cox2 2 111.598599 0.909648 0.090352
7769 cox2 2 111.598599 0.910916 0.089084
7770 cox2 2 111.598599 0.912185 0.087815
7771 cox2 2 111.598599 0.913454 0.086546
7772 cox2 2 111.598599 0.914722 0.085278
7773 cox2 2 111.598599 0.915991 0.084009
7774 cox2 2 111.598599 0.917260 0.082740
7775 cox2 2 111.598599 0.918529 0.081471
7776 cox2 2 111.598599 0.919797 0.080203
7777 cox2 2 111.598599 0.921066 0.078934
7778 cox2 2 111.598599 0.922335 0.077665
7779 cox2 2 111.598599 0.923603 0.076397
7780 cox2 2 111.598599 0.924872 0.075128
7781 cox2 2 111.598599 0.926141 0.073859
7782 cox2 2 111.598599 0.927409 0.072591
7783 cox2 2 111.598599 0.928678 0.071322
7784 cox2 2 111.598599 0.929947 0.070053
7785 cox2 2 111.598599 0.931215 0.068785
7786 cox2 2 111.598599 0.932484 0.067516
7787 cox2 2 111.598599 0.933753 0.066247
7788 cox2 2 111.598599 0.935021 0.064979
7789 cox2 2 111.598599 0.936290 0.063710
7790 cox2 2 111.598599 0.937559 0.062441
7791 cox2 2 111.598599 0.938828 0.061172
7792 cox2 2 111.598599 0.940096 0.059904
7793 cox2 2 111.598599 0.941365 0.058635
7794 cox2 2 111.598599 0.942634 0.057366
7795 cox2 2 111.598599 0.943902 0.056098
7796 cox2 2 111.598599 0.945171 0.054829
7797 cox2 2 111.598599 0.946440 0.053560
7798 cox2 2 111.598599 0.947708 0.052292
7799 cox2 2 111.598599 0.948977 0.051023
7800 cox2 2 111.598599 0.950246 0.049754
7801 cox2 2 111.598599 0.951514 0.048486
7802 cox2 2 111.598599 0.952783 0.047217
7803 cox2 2 111.598599 0.954052 0.045948
7804 cox2 2 111.598599 0.955320 0.044680
7805 cox2 2 111.598599 0.956589 0.043411
7806 cox2 2 111.598599 0.957858 0.042142
7807 cox2 2 111.598599 0.959126 0.040874
7808 cox2 2 111.598599 0.960395 0.039605
7809 cox2 2 111.598599 0.961664 0.038336
7810 cox2 2 111.598599 0.962933 0.037067
7811 cox2 2 111.598599 0.964201 0.035799
7812 cox2 2 111.598599 0.965470 0.034530
7813 cox2 2 111.598599 0.966739 0.033261
7814 cox2 2 111.598599 0.968007 0.031993
7815 cox2 2 111.598599 0.969276 0.030724
7816 cox2 2 111.598599 0.970545 0.029455
7817 cox2 2 111.598599 0.971813 0.028187
7818 cox2 2 111.598599 0.973082 0.026918
7819 cox2 2 111.598599 0.974351 0.025649
7820 cox2 2 111.598599 0.975619 0.024381
7821 cox2 2 111.598599 0.976888 0.023112
7822 cox2 2 111.598599 0.978157 0.021843
7823 cox2 2 111.598599 0.979425 0.020575
7824 cox2 2 111.598599 0.980694 0.019306
7825 cox2 2 111.598599 0.981963 0.018037
7826 cox2 2 111.598599 0.983232 0.016768
7827 cox2 2 111.598599 0.984500 0.015500
7828 cox2 2 111.598599 0.985769 0.014231
7829 cox2 2 111.598599 0.987038 0.012962
7830 cox2 2 111.598599 0.988306 0.011694
7831 cox2 2 111.598599 0.989575 0.010425
7832 cox2 2 111.598599 0.990844 0.009156
7833 cox2 2 111.598599 0.992112 0.007888
7834 cox2 2 111.598599 0.993381 0.006619
7835 cox2 2 111.598599 0.994650 0.005350
7836 cox2 2 111.598599 0.991373 0.008627
7837 cox2 2 0.000000 0.000000 0.000000
